HIERARCHY
ROOT root
{
  OFFSET 0 95.9893 0
  CHANNELS 6 Xposition Yposition Zposition Zrotation Xrotation Yrotation
  JOINT torso_1
  {
    OFFSET 0 5.22546 -1.18466
    CHANNELS 6 Xposition Yposition Zposition Zrotation Xrotation Yrotation
    JOINT torso_2
    {
      OFFSET 0 5.77894 1.10239
      CHANNELS 6 Xposition Yposition Zposition Zrotation Xrotation Yrotation
      JOINT torso_3
      {
        OFFSET -1.0557e-17 6.16289 0.118334
        CHANNELS 6 Xposition Yposition Zposition Zrotation Xrotation Yrotation
        JOINT torso_4
        {
          OFFSET -1.13649e-17 6.69386 -0.456341
          CHANNELS 6 Xposition Yposition Zposition Zrotation Xrotation Yrotation
          JOINT torso_5
          {
            OFFSET -2.02997e-17 7.82529 -1.54945
            CHANNELS 6 Xposition Yposition Zposition Zrotation Xrotation Yrotation
            JOINT torso_6
            {
              OFFSET -2.60628e-17 9.77186 -0.940923
              CHANNELS 6 Xposition Yposition Zposition Zrotation Xrotation Yrotation
              JOINT torso_7
              {
                OFFSET -2.98794e-17 10.8563 1.62248
                CHANNELS 6 Xposition Yposition Zposition Zrotation Xrotation Yrotation
                JOINT neck_1
                {
                  OFFSET -1.32927e-17 4.92478 0.736013
                  CHANNELS 6 Xposition Yposition Zposition Zrotation Xrotation Yrotation
                  JOINT neck_2
                  {
                    OFFSET -1.86396e-17 4.96043 0.433981
                    CHANNELS 6 Xposition Yposition Zposition Zrotation Xrotation Yrotation
                    JOINT head
                    {
                      OFFSET -2.06766e-17 4.97002 0.787173
                      CHANNELS 6 Xposition Yposition Zposition Zrotation Xrotation Yrotation
                      End Site
                      {
                        OFFSET 0 0.1 0
                      }
                    }
                  }
                }
                JOINT l_shoulder
                {
                  OFFSET 1.26863 -7.82717 7.75148
                  CHANNELS 6 Xposition Yposition Zposition Zrotation Xrotation Yrotation
                  JOINT l_up_arm
                  {
                    OFFSET 13.3291 3.34342 -3.36319
                    CHANNELS 6 Xposition Yposition Zposition Zrotation Xrotation Yrotation
                    JOINT l_low_arm
                    {
                      OFFSET 30.0522 0.0615366 0.141
                      CHANNELS 6 Xposition Yposition Zposition Zrotation Xrotation Yrotation
                      JOINT l_hand
                      {
                        OFFSET 24.9344 0.0510561 0.116988
                        CHANNELS 6 Xposition Yposition Zposition Zrotation Xrotation Yrotation
                        End Site
                        {
                          OFFSET 0.1 0 0
                        }
                      }
                    }
                  }
                }
                JOINT r_shoulder
                {
                  OFFSET -1.26863 -7.82715 7.75138
                  CHANNELS 6 Xposition Yposition Zposition Zrotation Xrotation Yrotation
                  JOINT r_up_arm
                  {
                    OFFSET -13.3291 3.34342 -3.36319
                    CHANNELS 6 Xposition Yposition Zposition Zrotation Xrotation Yrotation
                    JOINT r_low_arm
                    {
                      OFFSET -30.0522 0.0615366 0.141
                      CHANNELS 6 Xposition Yposition Zposition Zrotation Xrotation Yrotation
                      JOINT r_hand
                      {
                        OFFSET -24.9344 0.0510559 0.116988
                        CHANNELS 6 Xposition Yposition Zposition Zrotation Xrotation Yrotation
                        End Site
                        {
                          OFFSET -0.1 0 0
                        }
                      }
                    }
                  }
                }
              }
            }
          }
        }
      }
    }
  }
  JOINT l_up_leg
  {
    OFFSET 9.50369 -4.32711 2.09145
    CHANNELS 6 Xposition Yposition Zposition Zrotation Xrotation Yrotation
    JOINT l_low_leg
    {
      OFFSET -0.876987 -39.8926 -0.674123
      CHANNELS 6 Xposition Yposition Zposition Zrotation Xrotation Yrotation
      JOINT l_foot
      {
        OFFSET -2.39345 -41.5694 -6.22357
        CHANNELS 6 Xposition Yposition Zposition Zrotation Xrotation Yrotation
        JOINT l_toes
        {
          OFFSET 0.801613 -10.1701 12.8571
          CHANNELS 6 Xposition Yposition Zposition Zrotation Xrotation Yrotation
          End Site
          {
            OFFSET 0 0 0.1
          }
        }
      }
    }
  }
  JOINT r_up_leg
  {
    OFFSET -9.50369 -4.32711 2.09145
    CHANNELS 6 Xposition Yposition Zposition Zrotation Xrotation Yrotation
    JOINT r_low_leg
    {
      OFFSET 0.876987 -39.8926 -0.674123
      CHANNELS 6 Xposition Yposition Zposition Zrotation Xrotation Yrotation
      JOINT r_foot
      {
        OFFSET 2.39345 -41.5694 -6.22357
        CHANNELS 6 Xposition Yposition Zposition Zrotation Xrotation Yrotation
        JOINT r_toes
        {
          OFFSET -0.801613 -10.1701 12.8571
          CHANNELS 6 Xposition Yposition Zposition Zrotation Xrotation Yrotation
          End Site
          {
            OFFSET 0 0 0.1
          }
        }
      }
    }
  }
}
MOTION
Frames: 683
Frame Time: 0.020000
0 95.9893 0 -0 0 -0 0 5.22546 -1.18466 -0 0 -0 0 5.77894 1.10239 -0 0 -0 -1.0557e-17 6.16289 0.118334 -0 0 -0 -1.13649e-17 6.69386 -0.456341 -0 0 -0 -2.02997e-17 7.82529 -1.54945 -0 0 -0 -2.60628e-17 9.77186 -0.940923 -0 0 -0 -2.98794e-17 10.8563 1.62248 -0 0 -0 -1.32927e-17 4.92478 0.736013 -0 0 -0 -1.86396e-17 4.96043 0.433981 -0 0 -0 -2.06766e-17 4.97002 0.787173 -0 0 -0 1.26863 -7.82717 7.75148 -0 0 -0 13.3291 3.34342 -3.36319 -0 0 -0 30.0522 0.0615366 0.141 -0 0 -0 24.9344 0.0510561 0.116988 -0 0 -0 -1.26863 -7.82715 7.75138 -0 0 -0 -13.3291 3.34342 -3.36319 -0 0 -0 -30.0522 0.0615366 0.141 -0 0 -0 -24.9344 0.0510559 0.116988 -0 0 -0 9.50369 -4.32711 2.09145 -0 0 -0 -0.876987 -39.8926 -0.674123 -0 0 -0 -2.39345 -41.5694 -6.22357 -0 0 -0 0.801613 -10.1701 12.8571 -0 0 -0 -9.50369 -4.32711 2.09145 -0 0 -0 0.876987 -39.8926 -0.674123 -0 0 -0 2.39345 -41.5694 -6.22357 -0 0 -0 -0.801613 -10.1701 12.8571 -0 0 -0 
-5.61987 95.1968 -83.4446 -0.350385 -1.25739 -1.4684 0 5.22546 -1.18466 -0.252581 0.735179 0.273307 0 5.77894 1.10239 -0.0657801 0.83297 0.107236 -1.0557e-17 6.16289 0.118334 0.0036022 1.15478 0.176895 -1.13649e-17 6.69386 -0.456341 0.0890026 1.38159 0.159918 -2.02997e-17 7.82529 -1.54945 0.246623 1.07141 0.0972132 -2.60628e-17 9.77186 -0.940923 0.448289 0.869379 -0.172398 -2.98794e-17 10.8563 1.62248 -0.0190942 0.73323 0.0232692 -1.32927e-17 4.92478 0.736013 0.555725 0.859152 0.17629 -1.86396e-17 4.96043 0.433981 0.72516 -3.31433 -0.0188799 -2.06766e-17 4.97002 0.787173 -0.438111 -1.58607 5.12858 1.26863 -7.82717 7.75148 0.432108 1.98738 1.6291 13.3291 3.34342 -3.36319 -73.9392 0.810549 4.52176 30.0522 0.0615366 0.141 2.22247 -0.197963 -10.7699 24.9344 0.0510561 0.116988 1.04156 -52.1371 -2.69489 -1.26863 -7.82715 7.75138 0.817543 2.21035 -1.50364 -13.3291 3.34342 -3.36319 68.0383 -10.0179 -3.76261 -30.0522 0.0615366 0.141 -2.37999 -0.228038 11.5411 -24.9344 0.0510559 0.116988 0.17127 -22.5511 5.62662 9.50369 -4.32711 2.09145 4.2721 0.59058 -12.2547 -0.876987 -39.8926 -0.674123 -0.112247 0.418947 -0.00690229 -2.39345 -41.5694 -6.22357 -2.24928 -3.49238 15.5404 0.801613 -10.1701 12.8571 2.48481e-17 -7.95139e-16 1.2424e-17 -9.50369 -4.32711 2.09145 -0.00642129 1.45106 22.8423 0.876987 -39.8926 -0.674123 -0.0307524 -0.114744 -0.00203317 2.39345 -41.5694 -6.22357 -2.73456 -2.40376 -14.9952 -0.801613 -10.1701 12.8571 -5.96354e-16 -5.59082e-16 -1.27471e-14 
-5.6199 95.198 -83.4439 -0.352977 -1.27112 -1.46921 0 5.22546 -1.18466 -0.246831 0.740978 0.274129 0 5.77894 1.10239 -0.061219 0.837364 0.109051 -1.0557e-17 6.16289 0.118334 0.00713687 1.15762 0.178927 -1.13649e-17 6.69386 -0.456341 0.0916573 1.38206 0.16216 -2.02997e-17 7.82529 -1.54945 0.248656 1.06958 0.0990505 -2.60628e-17 9.77186 -0.940923 0.449855 0.866149 -0.170957 -2.98794e-17 10.8563 1.62248 -0.0191108 0.733342 0.0236344 -1.32927e-17 4.92478 0.736013 0.55617 0.83885 0.163657 -1.86396e-17 4.96043 0.433981 0.737482 -3.34293 -0.0244656 -2.06766e-17 4.97002 0.787173 -0.413216 -1.60641 5.12264 1.26863 -7.82717 7.75148 0.42931 1.99695 1.62348 13.3291 3.34342 -3.36319 -73.9551 0.80623 4.50304 30.0522 0.0615366 0.141 2.21257 -0.196137 -10.7214 24.9344 0.0510561 0.116988 1.03936 -52.1154 -2.69577 -1.26863 -7.82715 7.75138 0.821211 2.22152 -1.5053 -13.3291 3.34342 -3.36319 68.0437 -9.97833 -3.72342 -30.0522 0.0615366 0.141 -2.36943 -0.225943 11.4893 -24.9344 0.0510559 0.116988 0.18282 -22.6017 5.62781 9.50369 -4.32711 2.09145 4.27986 0.562732 -12.2509 -0.876987 -39.8926 -0.674123 -0.134418 0.501718 -0.00816889 -2.39345 -41.5694 -6.22357 -2.26766 -3.51781 15.5429 0.801613 -10.1701 12.8571 2.48481e-17 -7.95139e-16 1.2424e-17 -9.50369 -4.32711 2.09145 0.00201319 1.40112 22.841 0.876987 -39.8926 -0.674123 0.00265402 0.00990349 0.00017314 2.39345 -41.5694 -6.22357 -2.73466 -2.43486 -14.9958 -0.801613 -10.1701 12.8571 -1.99074e-16 -5.83912e-16 -1.27595e-14 
-5.62194 95.1998 -83.4427 -0.373272 -1.29521 -1.48744 0 5.22546 -1.18466 -0.233666 0.760294 0.276084 0 5.77894 1.10239 -0.0504455 0.8512 0.112643 -1.0557e-17 6.16289 0.118334 0.0154094 1.16611 0.182652 -1.13649e-17 6.69386 -0.456341 0.0976118 1.38157 0.166116 -2.02997e-17 7.82529 -1.54945 0.252862 1.06296 0.102018 -2.60628e-17 9.77186 -0.940923 0.452425 0.856804 -0.168618 -2.98794e-17 10.8563 1.62248 -0.0194777 0.734298 0.0242616 -1.32927e-17 4.92478 0.736013 0.556855 0.821106 0.141489 -1.86396e-17 4.96043 0.433981 0.758701 -3.37458 -0.034192 -2.06766e-17 4.97002 0.787173 -0.396919 -1.62751 5.13095 1.26863 -7.82717 7.75148 0.424242 2.01106 1.61526 13.3291 3.34342 -3.36319 -73.9807 0.782536 4.49884 30.0522 0.0615366 0.141 2.20556 -0.194849 -10.687 24.9344 0.0510561 0.116988 1.06285 -52.0908 -2.68137 -1.26863 -7.82715 7.75138 0.823451 2.23944 -1.50836 -13.3291 3.34342 -3.36319 68.0474 -9.88712 -3.67795 -30.0522 0.0615366 0.141 -2.35837 -0.223758 11.435 -24.9344 0.0510559 0.116988 0.222465 -22.7315 5.6514 9.50369 -4.32711 2.09145 4.31061 0.553508 -12.2539 -0.876987 -39.8926 -0.674123 -0.154929 0.5783 -0.00931225 -2.39345 -41.5694 -6.22357 -2.30078 -3.55511 15.5474 0.801613 -10.1701 12.8571 2.48481e-17 -7.95139e-16 1.2424e-17 -9.50369 -4.32711 2.09145 0.0321855 1.33915 22.8464 0.876987 -39.8926 -0.674123 0.0463101 0.172823 0.00294728 2.39345 -41.5694 -6.22357 -2.7217 -2.46409 -14.9976 -0.801613 -10.1701 12.8571 -5.96065e-16 -5.591e-16 -1.27471e-14 
-5.625 95.2018 -83.4409 -0.379369 -1.32078 -1.51603 0 5.22546 -1.18466 -0.225436 0.782997 0.278638 0 5.77894 1.10239 -0.0438106 0.867434 0.116194 -1.0557e-17 6.16289 0.118334 0.0205352 1.17654 0.186225 -1.13649e-17 6.69386 -0.456341 0.101402 1.38208 0.169825 -2.02997e-17 7.82529 -1.54945 0.2559 1.05689 0.10501 -2.60628e-17 9.77186 -0.940923 0.454772 0.847529 -0.166365 -2.98794e-17 10.8563 1.62248 -0.0197345 0.73523 0.0246578 -1.32927e-17 4.92478 0.736013 0.556759 0.817198 0.113051 -1.86396e-17 4.96043 0.433981 0.774844 -3.40514 -0.0470049 -2.06766e-17 4.97002 0.787173 -0.369797 -1.663 5.14004 1.26863 -7.82717 7.75148 0.426021 2.0272 1.60872 13.3291 3.34342 -3.36319 -74 0.802592 4.50021 30.0522 0.0615366 0.141 2.19748 -0.19337 -10.6474 24.9344 0.0510561 0.116988 1.03124 -52.1467 -2.70605 -1.26863 -7.82715 7.75138 0.820488 2.25769 -1.51089 -13.3291 3.34342 -3.36319 68.0767 -9.76921 -3.62331 -30.0522 0.0615366 0.141 -2.34829 -0.22178 11.3855 -24.9344 0.0510559 0.116988 0.231327 -22.797 5.67139 9.50369 -4.32711 2.09145 4.32533 0.549374 -12.2409 -0.876987 -39.8926 -0.674123 -0.174454 0.6512 -0.0103752 -2.39345 -41.5694 -6.22357 -2.32824 -3.57893 15.5517 0.801613 -10.1701 12.8571 2.48481e-17 -7.95139e-16 1.2424e-17 -9.50369 -4.32711 2.09145 0.0500908 1.26383 22.8473 0.876987 -39.8926 -0.674123 0.0978462 0.365187 0.00606299 2.39345 -41.5694 -6.22357 -2.71153 -2.51019 -14.9998 -0.801613 -10.1701 12.8571 -5.96354e-16 -5.59082e-16 -1.27471e-14 
-5.62705 95.2083 -83.4371 -0.39114 -1.37489 -1.53643 0 5.22546 -1.18466 -0.215789 0.815904 0.280815 0 5.77894 1.10239 -0.035723 0.891342 0.119396 -1.0557e-17 6.16289 0.118334 0.0269662 1.19252 0.189286 -1.13649e-17 6.69386 -0.456341 0.106327 1.38439 0.173091 -2.02997e-17 7.82529 -1.54945 0.259798 1.04973 0.107345 -2.60628e-17 9.77186 -0.940923 0.457566 0.836766 -0.164841 -2.98794e-17 10.8563 1.62248 -0.0202158 0.736708 0.0255067 -1.32927e-17 4.92478 0.736013 0.556581 0.810277 0.0773286 -1.86396e-17 4.96043 0.433981 0.796903 -3.43579 -0.0631091 -2.06766e-17 4.97002 0.787173 -0.336917 -1.68637 5.14907 1.26863 -7.82717 7.75148 0.417633 2.04299 1.60077 13.3291 3.34342 -3.36319 -74.0298 0.767874 4.5031 30.0522 0.0615366 0.141 2.19402 -0.19274 -10.6305 24.9344 0.0510561 0.116988 1.10297 -52.0845 -2.65388 -1.26863 -7.82715 7.75138 0.82566 2.27715 -1.50914 -13.3291 3.34342 -3.36319 68.0957 -9.70476 -3.56696 -30.0522 0.0615366 0.141 -2.3394 -0.22004 11.3419 -24.9344 0.0510559 0.116988 0.205868 -22.6911 5.63887 9.50369 -4.32711 2.09145 4.34592 0.562746 -12.2406 -0.876987 -39.8926 -0.674123 -0.198556 0.7412 -0.0116532 -2.39345 -41.5694 -6.22357 -2.36962 -3.59246 15.5578 0.801613 -10.1701 12.8571 2.48481e-17 -7.95139e-16 1.2424e-17 -9.50369 -4.32711 2.09145 0.0744667 1.21934 22.8129 0.876987 -39.8926 -0.674123 0.148651 0.554859 0.00896569 2.39345 -41.5694 -6.22357 -2.70211 -2.53042 -14.9995 -0.801613 -10.1701 12.8571 -5.96354e-16 -5.59082e-16 -1.27471e-14 
-5.6281 95.2228 -83.4242 -0.415709 -1.42634 -1.55265 0 5.22546 -1.18466 -0.200935 0.838324 0.282846 0 5.77894 1.10239 -0.0231424 0.909329 0.122901 -1.0557e-17 6.16289 0.118334 0.0368475 1.20737 0.192547 -1.13649e-17 6.69386 -0.456341 0.113718 1.39357 0.176574 -2.02997e-17 7.82529 -1.54945 0.265175 1.05327 0.109635 -2.60628e-17 9.77186 -0.940923 0.46091 0.839703 -0.163324 -2.98794e-17 10.8563 1.62248 -0.0208493 0.737046 0.0264933 -1.32927e-17 4.92478 0.736013 0.555874 0.831131 0.0382424 -1.86396e-17 4.96043 0.433981 0.817468 -3.45828 -0.0807768 -2.06766e-17 4.97002 0.787173 -0.324845 -1.72804 5.14763 1.26863 -7.82717 7.75148 0.422807 2.04628 1.60133 13.3291 3.34342 -3.36319 -74.0712 0.711551 4.49566 30.0522 0.0615366 0.141 2.18752 -0.191556 -10.5987 24.9344 0.0510561 0.116988 1.183 -51.9504 -2.58733 -1.26863 -7.82715 7.75138 0.83562 2.28671 -1.5135 -13.3291 3.34342 -3.36319 68.1036 -9.6642 -3.50504 -30.0522 0.0615366 0.141 -2.32267 -0.216786 11.2597 -24.9344 0.0510559 0.116988 0.177094 -22.5726 5.61645 9.50369 -4.32711 2.09145 4.37788 0.576491 -12.2461 -0.876987 -39.8926 -0.674123 -0.222972 0.832379 -0.0129094 -2.39345 -41.5694 -6.22357 -2.40047 -3.58217 15.5634 0.801613 -10.1701 12.8571 2.48481e-17 -7.95139e-16 1.2424e-17 -9.50369 -4.32711 2.09145 0.114459 1.18962 22.7666 0.876987 -39.8926 -0.674123 0.193035 0.720583 0.0113643 2.39345 -41.5694 -6.22357 -2.70567 -2.50093 -14.9949 -0.801613 -10.1701 12.8571 -5.96354e-16 -5.59082e-16 -1.27471e-14 
-5.62801 95.241 -83.4027 -0.442706 -1.42219 -1.53815 0 5.22546 -1.18466 -0.182497 0.839526 0.280932 0 5.77894 1.10239 -0.00722672 0.912345 0.123206 -1.0557e-17 6.16289 0.118334 0.0494691 1.21226 0.192647 -1.13649e-17 6.69386 -0.456341 0.123465 1.40269 0.176899 -2.02997e-17 7.82529 -1.54945 0.271546 1.06247 0.108396 -2.60628e-17 9.77186 -0.940923 0.463542 0.850804 -0.165044 -2.98794e-17 10.8563 1.62248 -0.021644 0.736473 0.0275124 -1.32927e-17 4.92478 0.736013 0.552846 0.869466 -0.0298232 -1.86396e-17 4.96043 0.433981 0.837448 -3.4697 -0.111509 -2.06766e-17 4.97002 0.787173 -0.317297 -1.776 5.1551 1.26863 -7.82717 7.75148 0.428652 2.03986 1.61005 13.3291 3.34342 -3.36319 -74.1128 0.634848 4.49574 30.0522 0.0615366 0.141 2.18196 -0.190547 -10.5715 24.9344 0.0510561 0.116988 1.22142 -51.7624 -2.58068 -1.26863 -7.82715 7.75138 0.843791 2.29042 -1.52336 -13.3291 3.34342 -3.36319 68.0995 -9.62139 -3.46593 -30.0522 0.0615366 0.141 -2.30364 -0.213115 11.1664 -24.9344 0.0510559 0.116988 0.187039 -22.5585 5.63407 9.50369 -4.32711 2.09145 4.41284 0.539893 -12.2546 -0.876987 -39.8926 -0.674123 -0.244497 0.912762 -0.0139846 -2.39345 -41.5694 -6.22357 -2.44185 -3.56757 15.5688 0.801613 -10.1701 12.8571 2.48481e-17 -7.95139e-16 1.2424e-17 -9.50369 -4.32711 2.09145 0.153572 1.13687 22.6929 0.876987 -39.8926 -0.674123 0.22503 0.840065 0.013014 2.39345 -41.5694 -6.22357 -2.6896 -2.45843 -14.9925 -0.801613 -10.1701 12.8571 -5.96354e-16 -5.59082e-16 -1.27471e-14 
-5.63395 95.257 -83.3761 -0.475659 -1.37425 -1.52066 0 5.22546 -1.18466 -0.162003 0.830663 0.278044 0 5.77894 1.10239 0.010109 0.906736 0.122831 -1.0557e-17 6.16289 0.118334 0.0629072 1.20812 0.192037 -1.13649e-17 6.69386 -0.456341 0.13336 1.40294 0.176441 -2.02997e-17 7.82529 -1.54945 0.277223 1.06427 0.106383 -2.60628e-17 9.77186 -0.940923 0.464599 0.854909 -0.167218 -2.98794e-17 10.8563 1.62248 -0.0225434 0.736241 0.0285243 -1.32927e-17 4.92478 0.736013 0.548769 0.868527 -0.0895399 -1.86396e-17 4.96043 0.433981 0.851484 -3.46109 -0.138362 -2.06766e-17 4.97002 0.787173 -0.309037 -1.7786 5.14605 1.26863 -7.82717 7.75148 0.40782 2.04038 1.61205 13.3291 3.34342 -3.36319 -74.1057 0.545262 4.52127 30.0522 0.0615366 0.141 2.17755 -0.189749 -10.5499 24.9344 0.0510561 0.116988 1.26077 -51.6121 -2.54588 -1.26863 -7.82715 7.75138 0.876579 2.30418 -1.52917 -13.3291 3.34342 -3.36319 68.077 -9.57507 -3.46814 -30.0522 0.0615366 0.141 -2.29041 -0.210582 11.1015 -24.9344 0.0510559 0.116988 0.224453 -22.6107 5.68795 9.50369 -4.32711 2.09145 4.45919 0.456421 -12.2387 -0.876987 -39.8926 -0.674123 -0.269329 1.00551 -0.0151877 -2.39345 -41.5694 -6.22357 -2.47447 -3.57296 15.5723 0.801613 -10.1701 12.8571 2.48481e-17 -7.95139e-16 1.2424e-17 -9.50369 -4.32711 2.09145 0.202403 1.07768 22.6206 0.876987 -39.8926 -0.674123 0.240093 0.896318 0.0137676 2.39345 -41.5694 -6.22357 -2.69558 -2.40376 -14.988 -0.801613 -10.1701 12.8571 -5.96354e-16 -5.59082e-16 -1.27471e-14 
-5.64951 95.2725 -83.3455 -0.511679 -1.33906 -1.51744 0 5.22546 -1.18466 -0.142444 0.821777 0.274666 0 5.77894 1.10239 0.0266075 0.901172 0.121988 -1.0557e-17 6.16289 0.118334 0.0757747 1.20434 0.190962 -1.13649e-17 6.69386 -0.456341 0.142977 1.40391 0.175424 -2.02997e-17 7.82529 -1.54945 0.282838 1.06817 0.103938 -2.60628e-17 9.77186 -0.940923 0.465545 0.862166 -0.170196 -2.98794e-17 10.8563 1.62248 -0.0233362 0.735609 0.0293755 -1.32927e-17 4.92478 0.736013 0.544291 0.860087 -0.138982 -1.86396e-17 4.96043 0.433981 0.858104 -3.43137 -0.160642 -2.06766e-17 4.97002 0.787173 -0.313164 -1.73126 5.15491 1.26863 -7.82717 7.75148 0.379034 2.04301 1.61716 13.3291 3.34342 -3.36319 -74.0724 0.486269 4.56577 30.0522 0.0615366 0.141 2.17447 -0.189191 -10.5348 24.9344 0.0510561 0.116988 1.28549 -51.566 -2.51386 -1.26863 -7.82715 7.75138 0.926383 2.31655 -1.53198 -13.3291 3.34342 -3.36319 68.0501 -9.56386 -3.48358 -30.0522 0.0615366 0.141 -2.28534 -0.209616 11.0767 -24.9344 0.0510559 0.116988 0.24384 -22.6573 5.71695 9.50369 -4.32711 2.09145 4.51692 0.394348 -12.1897 -0.876987 -39.8926 -0.674123 -0.292529 1.09216 -0.0162754 -2.39345 -41.5694 -6.22357 -2.53207 -3.58529 15.5777 0.801613 -10.1701 12.8571 2.48481e-17 -7.95139e-16 1.2424e-17 -9.50369 -4.32711 2.09145 0.250403 1.02951 22.5749 0.876987 -39.8926 -0.674123 0.256123 0.956185 0.0145534 2.39345 -41.5694 -6.22357 -2.64801 -2.36425 -14.9867 -0.801613 -10.1701 12.8571 -5.96354e-16 -5.59082e-16 -1.27471e-14 
-5.67024 95.2871 -83.3094 -0.531848 -1.29174 -1.5274 0 5.22546 -1.18466 -0.129344 0.806311 0.274562 0 5.77894 1.10239 0.0368397 0.890566 0.124206 -1.0557e-17 6.16289 0.118334 0.0835969 1.19751 0.192992 -1.13649e-17 6.69386 -0.456341 0.148716 1.40582 0.177559 -2.02997e-17 7.82529 -1.54945 0.286375 1.07545 0.105229 -2.60628e-17 9.77186 -0.940923 0.466842 0.87361 -0.16974 -2.98794e-17 10.8563 1.62248 -0.0232472 0.734658 0.0302941 -1.32927e-17 4.92478 0.736013 0.541536 0.863533 -0.158823 -1.86396e-17 4.96043 0.433981 0.868389 -3.40427 -0.16917 -2.06766e-17 4.97002 0.787173 -0.31797 -1.69188 5.13886 1.26863 -7.82717 7.75148 0.370713 2.04047 1.63569 13.3291 3.34342 -3.36319 -74.0406 0.450614 4.62228 30.0522 0.0615366 0.141 2.17408 -0.189121 -10.5329 24.9344 0.0510561 0.116988 1.2726 -51.5961 -2.51924 -1.26863 -7.82715 7.75138 0.975565 2.32062 -1.53992 -13.3291 3.34342 -3.36319 68.0221 -9.59913 -3.5096 -30.0522 0.0615366 0.141 -2.28535 -0.209618 11.0767 -24.9344 0.0510559 0.116988 0.256656 -22.716 5.71586 9.50369 -4.32711 2.09145 4.56278 0.328478 -12.1381 -0.876987 -39.8926 -0.674123 -0.313733 1.17135 -0.0172389 -2.39345 -41.5694 -6.22357 -2.59968 -3.59325 15.584 0.801613 -10.1701 12.8571 2.48481e-17 -7.95139e-16 1.2424e-17 -9.50369 -4.32711 2.09145 0.288026 0.98166 22.4803 0.876987 -39.8926 -0.674123 0.267745 0.99959 0.0151126 2.39345 -41.5694 -6.22357 -2.62125 -2.33122 -14.9831 -0.801613 -10.1701 12.8571 -5.96354e-16 -5.59082e-16 -1.27471e-14 
-5.68701 95.3091 -83.2712 -0.569693 -1.25471 -1.55478 0 5.22546 -1.18466 -0.114095 0.787324 0.276242 0 5.77894 1.10239 0.0487478 0.878491 0.128474 -1.0557e-17 6.16289 0.118334 0.092727 1.19276 0.197054 -1.13649e-17 6.69386 -0.456341 0.155312 1.41472 0.181814 -2.02997e-17 7.82529 -1.54945 0.290912 1.09213 0.108533 -2.60628e-17 9.77186 -0.940923 0.469486 0.897788 -0.16759 -2.98794e-17 10.8563 1.62248 -0.0227647 0.732949 0.0312826 -1.32927e-17 4.92478 0.736013 0.542006 0.853713 -0.165238 -1.86396e-17 4.96043 0.433981 0.884068 -3.41006 -0.171176 -2.06766e-17 4.97002 0.787173 -0.320976 -1.67391 5.1195 1.26863 -7.82717 7.75148 0.347052 2.03319 1.65501 13.3291 3.34342 -3.36319 -73.9957 0.435405 4.68093 30.0522 0.0615366 0.141 2.17596 -0.189461 -10.5421 24.9344 0.0510561 0.116988 1.27101 -51.665 -2.50487 -1.26863 -7.82715 7.75138 1.04136 2.32074 -1.54487 -13.3291 3.34342 -3.36319 67.9743 -9.66263 -3.52573 -30.0522 0.0615366 0.141 -2.28538 -0.209624 11.0769 -24.9344 0.0510559 0.116988 0.255068 -22.7306 5.69895 9.50369 -4.32711 2.09145 4.62359 0.269276 -12.1117 -0.876987 -39.8926 -0.674123 -0.337439 1.2599 -0.0182815 -2.39345 -41.5694 -6.22357 -2.64423 -3.57891 15.5907 0.801613 -10.1701 12.8571 2.48481e-17 -7.95139e-16 1.2424e-17 -9.50369 -4.32711 2.09145 0.343812 0.954752 22.3635 0.876987 -39.8926 -0.674123 0.272072 1.01575 0.0153186 2.39345 -41.5694 -6.22357 -2.59329 -2.24587 -14.9758 -0.801613 -10.1701 12.8571 -5.96354e-16 -5.59082e-16 -1.27471e-14 
-5.69787 95.3377 -83.232 -0.620453 -1.19744 -1.63472 0 5.22546 -1.18466 -0.0909907 0.746106 0.281134 0 5.77894 1.10239 0.0667853 0.853616 0.136493 -1.0557e-17 6.16289 0.118334 0.106217 1.18462 0.204571 -1.13649e-17 6.69386 -0.456341 0.16443 1.4362 0.189548 -2.02997e-17 7.82529 -1.54945 0.297073 1.12983 0.115021 -2.60628e-17 9.77186 -0.940923 0.473139 0.948709 -0.162167 -2.98794e-17 10.8563 1.62248 -0.0223797 0.7286 0.0317656 -1.32927e-17 4.92478 0.736013 0.544912 0.845354 -0.152857 -1.86396e-17 4.96043 0.433981 0.901716 -3.42218 -0.164497 -2.06766e-17 4.97002 0.787173 -0.338862 -1.68759 5.11878 1.26863 -7.82717 7.75148 0.322215 2.01056 1.68227 13.3291 3.34342 -3.36319 -73.959 0.39986 4.7316 30.0522 0.0615366 0.141 2.17629 -0.189521 -10.5437 24.9344 0.0510561 0.116988 1.28334 -51.697 -2.46846 -1.26863 -7.82715 7.75138 1.10082 2.30452 -1.56589 -13.3291 3.34342 -3.36319 67.9234 -9.66624 -3.49869 -30.0522 0.0615366 0.141 -2.27992 -0.208585 11.0501 -24.9344 0.0510559 0.116988 0.251456 -22.7325 5.69451 9.50369 -4.32711 2.09145 4.69778 0.194377 -12.0699 -0.876987 -39.8926 -0.674123 -0.363201 1.35614 -0.019373 -2.39345 -41.5694 -6.22357 -2.6853 -3.55136 15.5969 0.801613 -10.1701 12.8571 2.48481e-17 -7.95139e-16 1.2424e-17 -9.50369 -4.32711 2.09145 0.419336 0.898497 22.2964 0.876987 -39.8926 -0.674123 0.277314 1.03533 0.0155665 2.39345 -41.5694 -6.22357 -2.60546 -2.1098 -14.9628 -0.801613 -10.1701 12.8571 -9.93629e-16 -5.46667e-16 -1.27222e-14 
-5.70111 95.3625 -83.1883 -0.650497 -1.10161 -1.71634 0 5.22546 -1.18466 -0.0724215 0.694355 0.283482 0 5.77894 1.10239 0.0809883 0.821113 0.141549 -1.0557e-17 6.16289 0.118334 0.116606 1.17045 0.209102 -1.13649e-17 6.69386 -0.456341 0.171227 1.45486 0.194196 -2.02997e-17 7.82529 -1.54945 0.300945 1.16721 0.118818 -2.60628e-17 9.77186 -0.940923 0.474226 0.998964 -0.158557 -2.98794e-17 10.8563 1.62248 -0.0222085 0.723494 0.0317678 -1.32927e-17 4.92478 0.736013 0.545279 0.812932 -0.141024 -1.86396e-17 4.96043 0.433981 0.906096 -3.44847 -0.158371 -2.06766e-17 4.97002 0.787173 -0.346116 -1.72636 5.14632 1.26863 -7.82717 7.75148 0.299558 1.98808 1.71627 13.3291 3.34342 -3.36319 -73.9288 0.35833 4.78941 30.0522 0.0615366 0.141 2.17702 -0.189651 -10.5473 24.9344 0.0510561 0.116988 1.31656 -51.6751 -2.41098 -1.26863 -7.82715 7.75138 1.14492 2.28635 -1.59283 -13.3291 3.34342 -3.36319 67.877 -9.65888 -3.47601 -30.0522 0.0615366 0.141 -2.27694 -0.208019 11.0355 -24.9344 0.0510559 0.116988 0.255837 -22.6988 5.71193 9.50369 -4.32711 2.09145 4.74878 0.0755792 -12.0094 -0.876987 -39.8926 -0.674123 -0.393512 1.46937 -0.0206019 -2.39345 -41.5694 -6.22357 -2.73192 -3.53969 15.6026 0.801613 -10.1701 12.8571 2.48481e-17 -7.95139e-16 1.2424e-17 -9.50369 -4.32711 2.09145 0.462367 0.814593 22.2797 0.876987 -39.8926 -0.674123 0.27919 1.04233 0.0156548 2.39345 -41.5694 -6.22357 -2.58328 -2.01837 -14.9585 -0.801613 -10.1701 12.8571 -9.93923e-16 -5.46658e-16 -1.27222e-14 
-5.70426 95.375 -83.1367 -0.676862 -0.991857 -1.79343 0 5.22546 -1.18466 -0.0532096 0.662597 0.286161 0 5.77894 1.10239 0.0951786 0.798745 0.147079 -1.0557e-17 6.16289 0.118334 0.126339 1.15444 0.214213 -1.13649e-17 6.69386 -0.456341 0.176818 1.45307 0.199284 -2.02997e-17 7.82529 -1.54945 0.302794 1.17416 0.123102 -2.60628e-17 9.77186 -0.940923 0.472747 1.0105 -0.153728 -2.98794e-17 10.8563 1.62248 -0.0223263 0.721115 0.0323107 -1.32927e-17 4.92478 0.736013 0.541318 0.737275 -0.126252 -1.86396e-17 4.96043 0.433981 0.902724 -3.46059 -0.151263 -2.06766e-17 4.97002 0.787173 -0.354891 -1.72206 5.15958 1.26863 -7.82717 7.75148 0.286167 1.98962 1.73888 13.3291 3.34342 -3.36319 -73.9013 0.313813 4.88615 30.0522 0.0615366 0.141 2.17658 -0.189573 -10.5451 24.9344 0.0510561 0.116988 1.36495 -51.6433 -2.32722 -1.26863 -7.82715 7.75138 1.17813 2.29549 -1.61073 -13.3291 3.34342 -3.36319 67.8208 -9.58508 -3.49588 -30.0522 0.0615366 0.141 -2.27183 -0.207052 11.0104 -24.9344 0.0510559 0.116988 0.296574 -22.7055 5.72961 9.50369 -4.32711 2.09145 4.79894 -0.0540116 -11.9305 -0.876987 -39.8926 -0.674123 -0.426949 1.59428 -0.0218882 -2.39345 -41.5694 -6.22357 -2.78023 -3.58491 15.6075 0.801613 -10.1701 12.8571 2.48481e-17 -7.95139e-16 1.2424e-17 -9.50369 -4.32711 2.09145 0.502603 0.717183 22.2498 0.876987 -39.8926 -0.674123 0.285337 1.06529 0.0159424 2.39345 -41.5694 -6.22357 -2.58403 -1.98203 -14.9556 -0.801613 -10.1701 12.8571 -5.96648e-16 -5.59073e-16 -1.2747e-14 
-5.71204 95.3815 -83.0713 -0.699938 -0.941702 -1.85105 0 5.22546 -1.18466 -0.032672 0.639313 0.288638 0 5.77894 1.10239 0.110342 0.781907 0.15261 -1.0557e-17 6.16289 0.118334 0.136389 1.1413 0.219231 -1.13649e-17 6.69386 -0.456341 0.18207 1.44858 0.204196 -2.02997e-17 7.82529 -1.54945 0.303474 1.17614 0.127323 -2.60628e-17 9.77186 -0.940923 0.469432 1.01674 -0.148582 -2.98794e-17 10.8563 1.62248 -0.0226782 0.720029 0.0332109 -1.32927e-17 4.92478 0.736013 0.531788 0.656623 -0.132742 -1.86396e-17 4.96043 0.433981 0.879943 -3.45256 -0.154574 -2.06766e-17 4.97002 0.787173 -0.367418 -1.67244 5.17442 1.26863 -7.82717 7.75148 0.256217 2.00508 1.74889 13.3291 3.34342 -3.36319 -73.8632 0.287697 5.01023 30.0522 0.0615366 0.141 2.17044 -0.188464 -10.5151 24.9344 0.0510561 0.116988 1.39947 -51.6202 -2.25896 -1.26863 -7.82715 7.75138 1.23115 2.31683 -1.61729 -13.3291 3.34342 -3.36319 67.7429 -9.54351 -3.54581 -30.0522 0.0615366 0.141 -2.26346 -0.20547 10.9694 -24.9344 0.0510559 0.116988 0.300767 -22.6881 5.70252 9.50369 -4.32711 2.09145 4.8528 -0.122767 -11.8959 -0.876987 -39.8926 -0.674123 -0.463702 1.73158 -0.023218 -2.39345 -41.5694 -6.22357 -2.86519 -3.65918 15.6154 0.801613 -10.1701 12.8571 2.48481e-17 -7.95139e-16 1.2424e-17 -9.50369 -4.32711 2.09145 0.537047 0.688357 22.1742 0.876987 -39.8926 -0.674123 0.294181 1.09833 0.016352 2.39345 -41.5694 -6.22357 -2.57371 -1.97671 -14.9538 -0.801613 -10.1701 12.8571 -5.96354e-16 -5.59082e-16 -1.27471e-14 
-5.72489 95.387 -82.9898 -0.691865 -0.953131 -1.92357 0 5.22546 -1.18466 -0.0176961 0.637804 0.295428 0 5.77894 1.10239 0.119934 0.781385 0.161739 -1.0557e-17 6.16289 0.118334 0.141559 1.14037 0.227753 -1.13649e-17 6.69386 -0.456341 0.182876 1.44779 0.212567 -2.02997e-17 7.82529 -1.54945 0.301339 1.17642 0.135727 -2.60628e-17 9.77186 -0.940923 0.465422 1.01939 -0.138998 -2.98794e-17 10.8563 1.62248 -0.0230157 0.720013 0.0341007 -1.32927e-17 4.92478 0.736013 0.52122 0.621889 -0.145627 -1.86396e-17 4.96043 0.433981 0.855019 -3.44721 -0.161096 -2.06766e-17 4.97002 0.787173 -0.408334 -1.62924 5.1828 1.26863 -7.82717 7.75148 0.241289 2.02429 1.76388 13.3291 3.34342 -3.36319 -73.8423 0.285901 5.13027 30.0522 0.0615366 0.141 2.16018 -0.186618 -10.4648 24.9344 0.0510561 0.116988 1.44215 -51.6141 -2.18436 -1.26863 -7.82715 7.75138 1.264 2.33751 -1.63884 -13.3291 3.34342 -3.36319 67.6841 -9.50204 -3.60544 -30.0522 0.0615366 0.141 -2.24911 -0.202774 10.8991 -24.9344 0.0510559 0.116988 0.293088 -22.7022 5.68974 9.50369 -4.32711 2.09145 4.88674 -0.144921 -11.8846 -0.876987 -39.8926 -0.674123 -0.513484 1.91755 -0.0248788 -2.39345 -41.5694 -6.22357 -2.99939 -3.73574 15.6256 0.801613 -10.1701 12.8571 2.48481e-17 -7.95139e-16 1.2424e-17 -9.50369 -4.32711 2.09145 0.542335 0.703424 22.1079 0.876987 -39.8926 -0.674123 0.31727 1.18457 0.0173973 2.39345 -41.5694 -6.22357 -2.57371 -2.00355 -14.9526 -0.801613 -10.1701 12.8571 -1.99083e-16 -5.83911e-16 -1.27595e-14 
-5.74769 95.4 -82.8944 -0.689058 -0.90427 -2.03627 0 5.22546 -1.18466 -0.00687148 0.629821 0.302519 0 5.77894 1.10239 0.126589 0.776876 0.170303 -1.0557e-17 6.16289 0.118334 0.145276 1.13756 0.235685 -1.13649e-17 6.69386 -0.456341 0.183844 1.44873 0.220224 -2.02997e-17 7.82529 -1.54945 0.301006 1.18049 0.143338 -2.60628e-17 9.77186 -0.940923 0.464325 1.02673 -0.131541 -2.98794e-17 10.8563 1.62248 -0.0229744 0.718675 0.0345575 -1.32927e-17 4.92478 0.736013 0.51739 0.600939 -0.13256 -1.86396e-17 4.96043 0.433981 0.850359 -3.45446 -0.155074 -2.06766e-17 4.97002 0.787173 -0.463049 -1.63067 5.20342 1.26863 -7.82717 7.75148 0.24371 2.04099 1.78771 13.3291 3.34342 -3.36319 -73.8434 0.29599 5.25547 30.0522 0.0615366 0.141 2.15062 -0.184907 -10.418 24.9344 0.0510561 0.116988 1.42 -51.6822 -2.16487 -1.26863 -7.82715 7.75138 1.30298 2.35358 -1.66741 -13.3291 3.34342 -3.36319 67.6536 -9.44985 -3.63535 -30.0522 0.0615366 0.141 -2.23667 -0.200453 10.8381 -24.9344 0.0510559 0.116988 0.279211 -22.7112 5.72181 9.50369 -4.32711 2.09145 4.93291 -0.196241 -11.8066 -0.876987 -39.8926 -0.674123 -0.555606 2.07492 -0.026158 -2.39345 -41.5694 -6.22357 -3.12538 -3.79003 15.6377 0.801613 -10.1701 12.8571 2.48481e-17 -7.95139e-16 1.2424e-17 -9.50369 -4.32711 2.09145 0.566958 0.648127 22.0946 0.876987 -39.8926 -0.674123 0.346856 1.29508 0.018686 2.39345 -41.5694 -6.22357 -2.5646 -2.01351 -14.9559 -0.801613 -10.1701 12.8571 -9.93326e-16 -5.46686e-16 -1.27222e-14 
-5.77709 95.4257 -82.7908 -0.665262 -0.814863 -2.17409 0 5.22546 -1.18466 -0.00981325 0.593551 0.311431 0 5.77894 1.10239 0.12157 0.753262 0.178971 -1.0557e-17 6.16289 0.118334 0.140271 1.12522 0.24349 -1.13649e-17 6.69386 -0.456341 0.178863 1.45698 0.227749 -2.02997e-17 7.82529 -1.54945 0.297814 1.20164 0.151493 -2.60628e-17 9.77186 -0.940923 0.463543 1.05651 -0.123839 -2.98794e-17 10.8563 1.62248 -0.0227224 0.715543 0.0345946 -1.32927e-17 4.92478 0.736013 0.513638 0.579059 -0.126909 -1.86396e-17 4.96043 0.433981 0.857359 -3.44608 -0.152063 -2.06766e-17 4.97002 0.787173 -0.46096 -1.61724 5.24838 1.26863 -7.82717 7.75148 0.232056 2.04099 1.81535 13.3291 3.34342 -3.36319 -73.8235 0.279901 5.37905 30.0522 0.0615366 0.141 2.14292 -0.183535 -10.3804 24.9344 0.0510561 0.116988 1.3599 -51.7525 -2.19513 -1.26863 -7.82715 7.75138 1.34103 2.35632 -1.69536 -13.3291 3.34342 -3.36319 67.6553 -9.38449 -3.64004 -30.0522 0.0615366 0.141 -2.22589 -0.198452 10.7853 -24.9344 0.0510559 0.116988 0.248472 -22.6602 5.74534 9.50369 -4.32711 2.09145 4.95324 -0.223412 -11.6632 -0.876987 -39.8926 -0.674123 -0.566999 2.11748 -0.0264841 -2.39345 -41.5694 -6.22357 -3.25007 -3.75542 15.6512 0.801613 -10.1701 12.8571 2.48481e-17 -7.95139e-16 1.2424e-17 -9.50369 -4.32711 2.09145 0.577121 0.525715 22.0868 0.876987 -39.8926 -0.674123 0.388748 1.45157 0.0204132 2.39345 -41.5694 -6.22357 -2.54922 -2.0015 -14.9551 -0.801613 -10.1701 12.8571 -1.99382e-16 -5.83902e-16 -1.27595e-14 
-5.8032 95.4668 -82.69 -0.670165 -0.736885 -2.2711 0 5.22546 -1.18466 -0.00956187 0.538885 0.314634 0 5.77894 1.10239 0.12 0.720142 0.182415 -1.0557e-17 6.16289 0.118334 0.138536 1.11405 0.245972 -1.13649e-17 6.69386 -0.456341 0.176953 1.48456 0.230114 -2.02997e-17 7.82529 -1.54945 0.296245 1.25115 0.153933 -2.60628e-17 9.77186 -0.940923 0.462322 1.12233 -0.1217 -2.98794e-17 10.8563 1.62248 -0.0223665 0.710245 0.0345116 -1.32927e-17 4.92478 0.736013 0.511653 0.566466 -0.125981 -1.86396e-17 4.96043 0.433981 0.872785 -3.46383 -0.150677 -2.06766e-17 4.97002 0.787173 -0.430112 -1.62026 5.2797 1.26863 -7.82717 7.75148 0.185439 2.01658 1.84704 13.3291 3.34342 -3.36319 -73.797 0.238933 5.46875 30.0522 0.0615366 0.141 2.14027 -0.183064 -10.3674 24.9344 0.0510561 0.116988 1.36141 -51.8159 -2.16589 -1.26863 -7.82715 7.75138 1.39441 2.3331 -1.71845 -13.3291 3.34342 -3.36319 67.6361 -9.3749 -3.62951 -30.0522 0.0615366 0.141 -2.22263 -0.197848 10.7693 -24.9344 0.0510559 0.116988 0.224708 -22.5203 5.72903 9.50369 -4.32711 2.09145 4.9895 -0.235235 -11.5422 -0.876987 -39.8926 -0.674123 -0.56786 2.1207 -0.0265084 -2.39345 -41.5694 -6.22357 -3.33854 -3.65039 15.665 0.801613 -10.1701 12.8571 -3.72423e-16 -8.07553e-16 2.48388e-17 -9.50369 -4.32711 2.09145 0.617036 0.411614 22.0037 0.876987 -39.8926 -0.674123 0.428824 1.60128 0.0219586 2.39345 -41.5694 -6.22357 -2.52439 -1.90406 -14.9469 -0.801613 -10.1701 12.8571 -1.98785e-16 -5.8393e-16 -1.27595e-14 
-5.83125 95.5043 -82.5854 -0.710987 -0.552289 -2.3598 0 5.22546 -1.18466 0.00893794 0.45332 0.314331 0 5.77894 1.10239 0.134449 0.664602 0.18446 -1.0557e-17 6.16289 0.118334 0.149456 1.08715 0.247236 -1.13649e-17 6.69386 -0.456341 0.184712 1.50995 0.231295 -2.02997e-17 7.82529 -1.54945 0.300616 1.30744 0.153728 -2.60628e-17 9.77186 -0.940923 0.463037 1.19711 -0.122437 -2.98794e-17 10.8563 1.62248 -0.0216459 0.703627 0.0342093 -1.32927e-17 4.92478 0.736013 0.515801 0.558379 -0.105769 -1.86396e-17 4.96043 0.433981 0.898337 -3.47249 -0.139869 -2.06766e-17 4.97002 0.787173 -0.438801 -1.64603 5.28887 1.26863 -7.82717 7.75148 0.148769 1.97858 1.89141 13.3291 3.34342 -3.36319 -73.8122 0.2034 5.5505 30.0522 0.0615366 0.141 2.14248 -0.183457 -10.3782 24.9344 0.0510561 0.116988 1.33459 -51.8751 -2.1681 -1.26863 -7.82715 7.75138 1.42599 2.29811 -1.75386 -13.3291 3.34342 -3.36319 67.6245 -9.29882 -3.59344 -30.0522 0.0615366 0.141 -2.22194 -0.197721 10.7659 -24.9344 0.0510559 0.116988 0.188894 -22.4042 5.70268 9.50369 -4.32711 2.09145 5.06575 -0.322096 -11.4348 -0.876987 -39.8926 -0.674123 -0.5556 2.0749 -0.0261579 -2.39345 -41.5694 -6.22357 -3.38531 -3.57783 15.6724 0.801613 -10.1701 12.8571 2.45495e-17 -7.95148e-16 1.24334e-17 -9.50369 -4.32711 2.09145 0.700753 0.198948 21.9363 0.876987 -39.8926 -0.674123 0.46597 1.74005 0.0232977 2.39345 -41.5694 -6.22357 -2.5009 -1.80398 -14.9411 -0.801613 -10.1701 12.8571 -5.96055e-16 -5.59101e-16 -1.27471e-14 
-5.86513 95.5281 -82.4712 -0.741027 -0.328087 -2.41174 0 5.22546 -1.18466 0.0211391 0.371125 0.311619 0 5.77894 1.10239 0.143748 0.607185 0.183046 -1.0557e-17 6.16289 0.118334 0.155929 1.05053 0.244865 -1.13649e-17 6.69386 -0.456341 0.188692 1.51431 0.22864 -2.02997e-17 7.82529 -1.54945 0.300828 1.33757 0.150084 -2.60628e-17 9.77186 -0.940923 0.459356 1.23953 -0.124936 -2.98794e-17 10.8563 1.62248 -0.0218246 0.699525 0.0342071 -1.32927e-17 4.92478 0.736013 0.512087 0.49909 -0.111572 -1.86396e-17 4.96043 0.433981 0.906477 -3.44212 -0.141666 -2.06766e-17 4.97002 0.787173 -0.418741 -1.6125 5.31445 1.26863 -7.82717 7.75148 0.0920407 1.95363 1.92075 13.3291 3.34342 -3.36319 -73.7998 0.0619659 5.6496 30.0522 0.0615366 0.141 2.14876 -0.184576 -10.409 24.9344 0.0510561 0.116988 1.4468 -51.7408 -2.05889 -1.26863 -7.82715 7.75138 1.44422 2.2835 -1.77808 -13.3291 3.34342 -3.36319 67.6206 -9.22728 -3.604 -30.0522 0.0615366 0.141 -2.22317 -0.197948 10.772 -24.9344 0.0510559 0.116988 0.175105 -22.2833 5.65876 9.50369 -4.32711 2.09145 5.12725 -0.431114 -11.3459 -0.876987 -39.8926 -0.674123 -0.535299 1.99905 -0.0255558 -2.39345 -41.5694 -6.22357 -3.38501 -3.53792 15.675 0.801613 -10.1701 12.8571 2.48481e-17 -7.95139e-16 1.2424e-17 -9.50369 -4.32711 2.09145 0.769195 -0.027139 21.8924 0.876987 -39.8926 -0.674123 0.496691 1.85482 0.0243371 2.39345 -41.5694 -6.22357 -2.48119 -1.76875 -14.9389 -0.801613 -10.1701 12.8571 -5.96354e-16 -5.59082e-16 -1.27471e-14 
-5.89709 95.535 -82.361 -0.770133 -0.125559 -2.35279 0 5.22546 -1.18466 0.0339622 0.314849 0.300952 0 5.77894 1.10239 0.155206 0.565676 0.17363 -1.0557e-17 6.16289 0.118334 0.164664 1.01924 0.234822 -1.13649e-17 6.69386 -0.456341 0.195143 1.5063 0.218256 -2.02997e-17 7.82529 -1.54945 0.301543 1.34524 0.138405 -2.60628e-17 9.77186 -0.940923 0.453482 1.25279 -0.134895 -2.98794e-17 10.8563 1.62248 -0.0223821 0.6984 0.0350861 -1.32927e-17 4.92478 0.736013 0.505874 0.421033 -0.128914 -1.86396e-17 4.96043 0.433981 0.900084 -3.41028 -0.149101 -2.06766e-17 4.97002 0.787173 -0.382305 -1.5333 5.29686 1.26863 -7.82717 7.75148 0.0352392 1.9464 1.9415 13.3291 3.34342 -3.36319 -73.7667 -0.055482 5.74587 30.0522 0.0615366 0.141 2.15449 -0.185599 -10.437 24.9344 0.0510561 0.116988 1.52703 -51.5857 -1.9922 -1.26863 -7.82715 7.75138 1.47576 2.28924 -1.78217 -13.3291 3.34342 -3.36319 67.5621 -9.22792 -3.68236 -30.0522 0.0615366 0.141 -2.22409 -0.198118 10.7765 -24.9344 0.0510559 0.116988 0.203326 -22.1462 5.64754 9.50369 -4.32711 2.09145 5.17905 -0.539043 -11.3615 -0.876987 -39.8926 -0.674123 -0.515668 1.92571 -0.024948 -2.39345 -41.5694 -6.22357 -3.36049 -3.55174 15.6749 0.801613 -10.1701 12.8571 -3.72423e-16 -8.07553e-16 2.48388e-17 -9.50369 -4.32711 2.09145 0.825914 -0.172596 21.7701 0.876987 -39.8926 -0.674123 0.504962 1.88572 0.0246065 2.39345 -41.5694 -6.22357 -2.49262 -1.77982 -14.9372 -0.801613 -10.1701 12.8571 -5.96354e-16 -5.59082e-16 -1.27471e-14 
-5.91702 95.5307 -82.2695 -0.756745 -0.022747 -2.19976 0 5.22546 -1.18466 0.0515426 0.273577 0.281833 0 5.77894 1.10239 0.172383 0.54011 0.156703 -1.0557e-17 6.16289 0.118334 0.178751 1.00834 0.217793 -1.13649e-17 6.69386 -0.456341 0.206523 1.5239 0.201109 -2.02997e-17 7.82529 -1.54945 0.305501 1.37919 0.119491 -2.60628e-17 9.77186 -0.940923 0.447735 1.29605 -0.152284 -2.98794e-17 10.8563 1.62248 -0.0228848 0.69632 0.0361618 -1.32927e-17 4.92478 0.736013 0.500333 0.423306 -0.174587 -1.86396e-17 4.96043 0.433981 0.866012 -3.39463 -0.169907 -2.06766e-17 4.97002 0.787173 -0.417221 -1.50006 5.26731 1.26863 -7.82717 7.75148 -0.0206949 1.93219 1.96335 13.3291 3.34342 -3.36319 -73.728 0.0384497 5.77579 30.0522 0.0615366 0.141 2.15486 -0.185665 -10.4388 24.9344 0.0510561 0.116988 1.45362 -51.6303 -2.00439 -1.26863 -7.82715 7.75138 1.5076 2.28071 -1.77621 -13.3291 3.34342 -3.36319 67.4211 -9.27653 -3.76075 -30.0522 0.0615366 0.141 -2.21744 -0.19689 10.7439 -24.9344 0.0510559 0.116988 0.224443 -21.976 5.65714 9.50369 -4.32711 2.09145 5.176 -0.580279 -11.478 -0.876987 -39.8926 -0.674123 -0.497026 1.85607 -0.0243476 -2.39345 -41.5694 -6.22357 -3.35048 -3.56552 15.6722 0.801613 -10.1701 12.8571 2.45495e-17 -7.95148e-16 1.24334e-17 -9.50369 -4.32711 2.09145 0.816812 -0.195244 21.64 0.876987 -39.8926 -0.674123 0.502641 1.87705 0.0245314 2.39345 -41.5694 -6.22357 -2.51475 -1.84403 -14.939 -0.801613 -10.1701 12.8571 -5.96354e-16 -5.59082e-16 -1.27471e-14 
-5.93788 95.503 -82.1882 -0.7253 -0.0543863 -2.01567 0 5.22546 -1.18466 0.0627524 0.313644 0.262737 0 5.77894 1.10239 0.185269 0.571978 0.138774 -1.0557e-17 6.16289 0.118334 0.190407 1.0337 0.200071 -1.13649e-17 6.69386 -0.456341 0.21729 1.53932 0.183161 -2.02997e-17 7.82529 -1.54945 0.311073 1.38657 0.0998788 -2.60628e-17 9.77186 -0.940923 0.445269 1.29977 -0.171404 -2.98794e-17 10.8563 1.62248 -0.0227208 0.698674 0.0374961 -1.32927e-17 4.92478 0.736013 0.499215 0.503236 -0.241078 -1.86396e-17 4.96043 0.433981 0.832573 -3.40141 -0.200436 -2.06766e-17 4.97002 0.787173 -0.496528 -1.48859 5.2479 1.26863 -7.82717 7.75148 -0.0448766 1.94476 1.96875 13.3291 3.34342 -3.36319 -73.7429 0.330174 5.76601 30.0522 0.0615366 0.141 2.15536 -0.185755 -10.4413 24.9344 0.0510561 0.116988 1.3715 -51.8689 -2.04926 -1.26863 -7.82715 7.75138 1.49471 2.28335 -1.76279 -13.3291 3.34342 -3.36319 67.3146 -9.3727 -3.83684 -30.0522 0.0615366 0.141 -2.20862 -0.195266 10.7007 -24.9344 0.0510559 0.116988 0.185563 -21.7879 5.63993 9.50369 -4.32711 2.09145 5.1499 -0.486627 -11.628 -0.876987 -39.8926 -0.674123 -0.476505 1.77941 -0.0236605 -2.39345 -41.5694 -6.22357 -3.3301 -3.63696 15.6664 0.801613 -10.1701 12.8571 2.48481e-17 -7.95139e-16 1.2424e-17 -9.50369 -4.32711 2.09145 0.784599 -0.0822026 21.5352 0.876987 -39.8926 -0.674123 0.503922 1.88183 0.0245729 2.39345 -41.5694 -6.22357 -2.57374 -1.99214 -14.9462 -0.801613 -10.1701 12.8571 1.98188e-16 -5.96326e-16 -1.27719e-14 
-5.97554 95.4826 -82.0954 -0.736344 -0.0926922 -1.81323 0 5.22546 -1.18466 0.0700617 0.359446 0.2442 0 5.77894 1.10239 0.195295 0.608701 0.120403 -1.0557e-17 6.16289 0.118334 0.200204 1.06367 0.181713 -1.13649e-17 6.69386 -0.456341 0.22738 1.55842 0.164456 -2.02997e-17 7.82529 -1.54945 0.317042 1.39583 0.0796173 -2.60628e-17 9.77186 -0.940923 0.44426 1.30486 -0.19151 -2.98794e-17 10.8563 1.62248 -0.0227461 0.70024 0.0382008 -1.32927e-17 4.92478 0.736013 0.501334 0.637455 -0.28414 -1.86396e-17 4.96043 0.433981 0.812071 -3.41173 -0.219902 -2.06766e-17 4.97002 0.787173 -0.572085 -1.53433 5.21942 1.26863 -7.82717 7.75148 -0.0162158 1.94688 1.97419 13.3291 3.34342 -3.36319 -73.796 0.593859 5.72997 30.0522 0.0615366 0.141 2.15709 -0.186065 -10.4497 24.9344 0.0510561 0.116988 1.36481 -52.0115 -2.03793 -1.26863 -7.82715 7.75138 1.46776 2.27438 -1.75187 -13.3291 3.34342 -3.36319 67.254 -9.45366 -3.89957 -30.0522 0.0615366 0.141 -2.19638 -0.193024 10.6407 -24.9344 0.0510559 0.116988 0.192385 -21.7362 5.65975 9.50369 -4.32711 2.09145 5.17373 -0.341444 -11.7769 -0.876987 -39.8926 -0.674123 -0.438241 1.63646 -0.0223061 -2.39345 -41.5694 -6.22357 -3.30953 -3.6898 15.6622 0.801613 -10.1701 12.8571 4.22119e-16 -7.82724e-16 9.33069e-21 -9.50369 -4.32711 2.09145 0.803505 0.0772136 21.4574 0.876987 -39.8926 -0.674123 0.489716 1.82876 0.0241065 2.39345 -41.5694 -6.22357 -2.62437 -2.06863 -14.9487 -0.801613 -10.1701 12.8571 -5.95757e-16 -5.5911e-16 -1.27471e-14 
-6.02283 95.4679 -81.9947 -0.750645 -0.0735757 -1.60681 0 5.22546 -1.18466 0.0689355 0.351299 0.224648 0 5.77894 1.10239 0.19832 0.609937 0.0995121 -1.0557e-17 6.16289 0.118334 0.204546 1.07539 0.160373 -1.13649e-17 6.69386 -0.456341 0.23344 1.58932 0.142747 -2.02997e-17 7.82529 -1.54945 0.319754 1.4342 0.0567828 -2.60628e-17 9.77186 -0.940923 0.440724 1.34891 -0.213526 -2.98794e-17 10.8563 1.62248 -0.0238916 0.697312 0.0372398 -1.32927e-17 4.92478 0.736013 0.502817 0.765327 -0.305114 -1.86396e-17 4.96043 0.433981 0.794008 -3.40883 -0.229083 -2.06766e-17 4.97002 0.787173 -0.615158 -1.60254 5.20696 1.26863 -7.82717 7.75148 0.0145782 1.9176 1.9892 13.3291 3.34342 -3.36319 -73.8266 0.723013 5.70068 30.0522 0.0615366 0.141 2.15882 -0.186375 -10.4582 24.9344 0.0510561 0.116988 1.40906 -52.0258 -1.99104 -1.26863 -7.82715 7.75138 1.43798 2.24045 -1.74908 -13.3291 3.34342 -3.36319 67.2497 -9.4138 -3.94676 -30.0522 0.0615366 0.141 -2.18335 -0.190654 10.5769 -24.9344 0.0510559 0.116988 0.269871 -21.9574 5.75619 9.50369 -4.32711 2.09145 5.20283 -0.229127 -11.9113 -0.876987 -39.8926 -0.674123 -0.389184 1.4532 -0.0204301 -2.39345 -41.5694 -6.22357 -3.28051 -3.71391 15.6585 0.801613 -10.1701 12.8571 2.51467e-17 -7.95129e-16 1.24147e-17 -9.50369 -4.32711 2.09145 0.829212 0.224464 21.3968 0.876987 -39.8926 -0.674123 0.455634 1.70144 0.0229341 2.39345 -41.5694 -6.22357 -2.68752 -2.10461 -14.9443 -0.801613 -10.1701 12.8571 -5.96354e-16 -5.59082e-16 -1.27471e-14 
-6.06674 95.4576 -81.8945 -0.790822 0.03556 -1.39336 0 5.22546 -1.18466 0.0792592 0.309583 0.199261 0 5.77894 1.10239 0.211423 0.585494 0.0746252 -1.0557e-17 6.16289 0.118334 0.216732 1.06685 0.135194 -1.13649e-17 6.69386 -0.456341 0.245392 1.61129 0.117177 -2.02997e-17 7.82529 -1.54945 0.324917 1.47286 0.0291243 -2.60628e-17 9.77186 -0.940923 0.43561 1.3953 -0.240486 -2.98794e-17 10.8563 1.62248 -0.024995 0.693191 0.0357473 -1.32927e-17 4.92478 0.736013 0.506517 0.841901 -0.294759 -1.86396e-17 4.96043 0.433981 0.77152 -3.39192 -0.223936 -2.06766e-17 4.97002 0.787173 -0.669651 -1.64555 5.2188 1.26863 -7.82717 7.75148 0.023269 1.88697 2.00327 13.3291 3.34342 -3.36319 -73.8395 0.848699 5.68769 30.0522 0.0615366 0.141 2.16268 -0.187067 -10.4771 24.9344 0.0510561 0.116988 1.42302 -52.1177 -1.92867 -1.26863 -7.82715 7.75138 1.41901 2.20229 -1.74317 -13.3291 3.34342 -3.36319 67.2543 -9.32363 -4.00868 -30.0522 0.0615366 0.141 -2.18684 -0.191287 10.594 -24.9344 0.0510559 0.116988 0.360934 -22.3132 5.82592 9.50369 -4.32711 2.09145 5.25623 -0.207428 -12.0359 -0.876987 -39.8926 -0.674123 -0.339411 1.26727 -0.0183666 -2.39345 -41.5694 -6.22357 -3.22804 -3.74125 15.6527 0.801613 -10.1701 12.8571 2.48481e-17 -7.95139e-16 1.2424e-17 -9.50369 -4.32711 2.09145 0.880604 0.290258 21.3228 0.876987 -39.8926 -0.674123 0.415412 1.55118 0.0214531 2.39345 -41.5694 -6.22357 -2.7227 -2.1151 -14.9423 -0.801613 -10.1701 12.8571 -9.93625e-16 -5.46667e-16 -1.27222e-14 
-6.11035 95.4542 -81.8009 -0.846616 0.148972 -1.20973 0 5.22546 -1.18466 0.0949877 0.266378 0.18004 0 5.77894 1.10239 0.22793 0.5569 0.0570296 -1.0557e-17 6.16289 0.118334 0.230749 1.05132 0.11748 -1.13649e-17 6.69386 -0.456341 0.257413 1.62095 0.0991124 -2.02997e-17 7.82529 -1.54945 0.330217 1.49857 0.00910651 -2.60628e-17 9.77186 -0.940923 0.431828 1.42764 -0.260254 -2.98794e-17 10.8563 1.62248 -0.0249436 0.690886 0.0345101 -1.32927e-17 4.92478 0.736013 0.512902 0.875423 -0.253916 -1.86396e-17 4.96043 0.433981 0.7492 -3.32969 -0.204859 -2.06766e-17 4.97002 0.787173 -0.718171 -1.59026 5.22092 1.26863 -7.82717 7.75148 -0.00259739 1.8724 1.99838 13.3291 3.34342 -3.36319 -73.8379 1.02619 5.68645 30.0522 0.0615366 0.141 2.16636 -0.187729 -10.4951 24.9344 0.0510561 0.116988 1.414 -52.2611 -1.91035 -1.26863 -7.82715 7.75138 1.41707 2.17823 -1.72947 -13.3291 3.34342 -3.36319 67.2617 -9.24225 -4.07928 -30.0522 0.0615366 0.141 -2.20119 -0.193903 10.6643 -24.9344 0.0510559 0.116988 0.413428 -22.6759 5.81335 9.50369 -4.32711 2.09145 5.32581 -0.196326 -12.1507 -0.876987 -39.8926 -0.674123 -0.291493 1.08829 -0.0162276 -2.39345 -41.5694 -6.22357 -3.1652 -3.74751 15.6465 0.801613 -10.1701 12.8571 2.48481e-17 -7.95139e-16 1.2424e-17 -9.50369 -4.32711 2.09145 0.954157 0.340504 21.2505 0.876987 -39.8926 -0.674123 0.374436 1.3981 0.019836 2.39345 -41.5694 -6.22357 -2.77764 -2.07318 -14.9331 -0.801613 -10.1701 12.8571 -5.96653e-16 -5.59073e-16 -1.2747e-14 
-6.15859 95.4474 -81.7189 -0.884357 0.237608 -1.14422 0 5.22546 -1.18466 0.104663 0.218035 0.176535 0 5.77894 1.10239 0.23693 0.525249 0.0547721 -1.0557e-17 6.16289 0.118334 0.238221 1.03664 0.115227 -1.13649e-17 6.69386 -0.456341 0.2633 1.63594 0.0968617 -2.02997e-17 7.82529 -1.54945 0.334102 1.53321 0.00606464 -2.60628e-17 9.77186 -0.940923 0.433254 1.47297 -0.264386 -2.98794e-17 10.8563 1.62248 -0.0238856 0.68798 0.0333363 -1.32927e-17 4.92478 0.736013 0.523079 0.909211 -0.185649 -1.86396e-17 4.96043 0.433981 0.752874 -3.25722 -0.172648 -2.06766e-17 4.97002 0.787173 -0.768933 -1.50931 5.2235 1.26863 -7.82717 7.75148 -0.0186676 1.84832 2.00684 13.3291 3.34342 -3.36319 -73.8379 1.16834 5.68303 30.0522 0.0615366 0.141 2.17173 -0.188695 -10.5214 24.9344 0.0510561 0.116988 1.4038 -52.3935 -1.89706 -1.26863 -7.82715 7.75138 1.43162 2.14571 -1.73214 -13.3291 3.34342 -3.36319 67.2906 -9.18425 -4.09491 -30.0522 0.0615366 0.141 -2.22008 -0.197375 10.7568 -24.9344 0.0510559 0.116988 0.415942 -22.9235 5.75653 9.50369 -4.32711 2.09145 5.38677 -0.157853 -12.203 -0.876987 -39.8926 -0.674123 -0.248855 0.929038 -0.0141986 -2.39345 -41.5694 -6.22357 -3.11414 -3.75956 15.6419 0.801613 -10.1701 12.8571 2.48481e-17 -7.95139e-16 1.2424e-17 -9.50369 -4.32711 2.09145 1.01648 0.380331 21.2679 0.876987 -39.8926 -0.674123 0.341827 1.2763 0.0184709 2.39345 -41.5694 -6.22357 -2.84254 -2.04907 -14.924 -0.801613 -10.1701 12.8571 -1.99088e-16 -5.83911e-16 -1.27595e-14 
-6.19886 95.4388 -81.6579 -0.911623 0.26149 -1.21289 0 5.22546 -1.18466 0.111059 0.182928 0.186017 0 5.77894 1.10239 0.241062 0.50353 0.0649242 -1.0557e-17 6.16289 0.118334 0.24097 1.03111 0.125233 -1.13649e-17 6.69386 -0.456341 0.264406 1.65667 0.106869 -2.02997e-17 7.82529 -1.54945 0.336369 1.57048 0.0159142 -2.60628e-17 9.77186 -0.940923 0.437716 1.52102 -0.256206 -2.98794e-17 10.8563 1.62248 -0.0223633 0.684145 0.0317924 -1.32927e-17 4.92478 0.736013 0.535752 0.95236 -0.0821759 -1.86396e-17 4.96043 0.433981 0.76717 -3.2136 -0.124322 -2.06766e-17 4.97002 0.787173 -0.805313 -1.44404 5.23256 1.26863 -7.82717 7.75148 -0.00813784 1.81815 2.02519 13.3291 3.34342 -3.36319 -73.8687 1.26295 5.6996 30.0522 0.0615366 0.141 2.17853 -0.189923 -10.5546 24.9344 0.0510561 0.116988 1.42339 -52.4543 -1.86076 -1.26863 -7.82715 7.75138 1.42913 2.10358 -1.7507 -13.3291 3.34342 -3.36319 67.3547 -9.13097 -4.05082 -30.0522 0.0615366 0.141 -2.23738 -0.200582 10.8416 -24.9344 0.0510559 0.116988 0.396534 -23.0423 5.70761 9.50369 -4.32711 2.09145 5.43627 -0.0365713 -12.1483 -0.876987 -39.8926 -0.674123 -0.203379 0.759212 -0.0119044 -2.39345 -41.5694 -6.22357 -3.07398 -3.76482 15.6386 0.801613 -10.1701 12.8571 2.48481e-17 -7.95139e-16 1.2424e-17 -9.50369 -4.32711 2.09145 1.06433 0.425867 21.388 0.876987 -39.8926 -0.674123 0.326376 1.21858 0.0178 2.39345 -41.5694 -6.22357 -2.88875 -2.04319 -14.9166 -0.801613 -10.1701 12.8571 -5.96051e-16 -5.59101e-16 -1.27471e-14 
-6.2247 95.4307 -81.6106 -0.907354 0.32831 -1.38224 0 5.22546 -1.18466 0.111796 0.134572 0.203138 0 5.77894 1.10239 0.238867 0.471849 0.0820022 -1.0557e-17 6.16289 0.118334 0.238195 1.01928 0.142016 -1.13649e-17 6.69386 -0.456341 0.260893 1.67808 0.12362 -2.02997e-17 7.82529 -1.54945 0.336375 1.61155 0.0330961 -2.60628e-17 9.77186 -0.940923 0.443268 1.57384 -0.240876 -2.98794e-17 10.8563 1.62248 -0.0204604 0.678524 0.0300397 -1.32927e-17 4.92478 0.736013 0.546109 1.00851 0.0322263 -1.86396e-17 4.96043 0.433981 0.780705 -3.18269 -0.0711753 -2.06766e-17 4.97002 0.787173 -0.850856 -1.4368 5.25665 1.26863 -7.82717 7.75148 0.0414871 1.77946 2.05707 13.3291 3.34342 -3.36319 -73.9339 1.30715 5.74468 30.0522 0.0615366 0.141 2.18425 -0.190961 -10.5827 24.9344 0.0510561 0.116988 1.4094 -52.5215 -1.82226 -1.26863 -7.82715 7.75138 1.41818 2.05042 -1.77397 -13.3291 3.34342 -3.36319 67.4292 -9.07356 -3.94114 -30.0522 0.0615366 0.141 -2.2493 -0.202808 10.9 -24.9344 0.0510559 0.116988 0.34343 -23.017 5.64309 9.50369 -4.32711 2.09145 5.44547 0.0713741 -11.9911 -0.876987 -39.8926 -0.674123 -0.148071 0.552695 -0.00893302 -2.39345 -41.5694 -6.22357 -3.04005 -3.74628 15.6346 0.801613 -10.1701 12.8571 2.48481e-17 -7.95139e-16 1.2424e-17 -9.50369 -4.32711 2.09145 1.07784 0.397587 21.535 0.876987 -39.8926 -0.674123 0.318833 1.19041 0.0174668 2.39345 -41.5694 -6.22357 -2.92129 -2.06853 -14.9157 -0.801613 -10.1701 12.8571 -5.96354e-16 -5.59082e-16 -1.27471e-14 
-6.22373 95.4157 -81.5831 -0.921785 0.438244 -1.50728 0 5.22546 -1.18466 0.122983 0.0925474 0.213639 0 5.77894 1.10239 0.245955 0.440856 0.0936264 -1.0557e-17 6.16289 0.118334 0.24221 1.00069 0.153329 -1.13649e-17 6.69386 -0.456341 0.262177 1.6826 0.13477 -2.02997e-17 7.82529 -1.54945 0.336961 1.62899 0.0437299 -2.60628e-17 9.77186 -0.940923 0.444937 1.59659 -0.230559 -2.98794e-17 10.8563 1.62248 -0.0190648 0.674519 0.0288345 -1.32927e-17 4.92478 0.736013 0.551118 1.03067 0.124885 -1.86396e-17 4.96043 0.433981 0.776263 -3.16119 -0.0285762 -2.06766e-17 4.97002 0.787173 -0.862917 -1.41859 5.2851 1.26863 -7.82717 7.75148 0.0772487 1.75343 2.07636 13.3291 3.34342 -3.36319 -74.0272 1.27142 5.81379 30.0522 0.0615366 0.141 2.19047 -0.192091 -10.6131 24.9344 0.0510561 0.116988 1.48668 -52.5265 -1.73988 -1.26863 -7.82715 7.75138 1.38799 2.01487 -1.78472 -13.3291 3.34342 -3.36319 67.4878 -9.02566 -3.84863 -30.0522 0.0615366 0.141 -2.25484 -0.203848 10.9272 -24.9344 0.0510559 0.116988 0.318672 -22.9218 5.60826 9.50369 -4.32711 2.09145 5.45626 0.108925 -11.8576 -0.876987 -39.8926 -0.674123 -0.0979838 0.365701 -0.00607057 -2.39345 -41.5694 -6.22357 -2.9854 -3.77425 15.6284 0.801613 -10.1701 12.8571 2.48481e-17 -7.95139e-16 1.2424e-17 -9.50369 -4.32711 2.09145 1.09171 0.321052 21.5852 0.876987 -39.8926 -0.674123 0.310008 1.15744 0.0170722 2.39345 -41.5694 -6.22357 -2.92561 -2.12445 -14.9192 -0.801613 -10.1701 12.8571 -5.96354e-16 -5.59082e-16 -1.27471e-14 
-6.20295 95.4005 -81.5756 -0.953735 0.505226 -1.55569 0 5.22546 -1.18466 0.147313 0.0815023 0.220956 0 5.77894 1.10239 0.264211 0.42957 0.103416 -1.0557e-17 6.16289 0.118334 0.253985 0.989664 0.162756 -1.13649e-17 6.69386 -0.456341 0.267746 1.67448 0.144026 -2.02997e-17 7.82529 -1.54945 0.337521 1.62196 0.0517907 -2.60628e-17 9.77186 -0.940923 0.44249 1.58854 -0.220983 -2.98794e-17 10.8563 1.62248 -0.0187155 0.674444 0.0286298 -1.32927e-17 4.92478 0.736013 0.549881 1.02803 0.176892 -1.86396e-17 4.96043 0.433981 0.75355 -3.13002 -0.00523705 -2.06766e-17 4.97002 0.787173 -0.86813 -1.36154 5.28235 1.26863 -7.82717 7.75148 0.0674682 1.75092 2.0644 13.3291 3.34342 -3.36319 -74.0829 1.19002 5.87296 30.0522 0.0615366 0.141 2.19049 -0.192094 -10.6132 24.9344 0.0510561 0.116988 1.58585 -52.463 -1.671 -1.26863 -7.82715 7.75138 1.35476 2.0127 -1.78189 -13.3291 3.34342 -3.36319 67.5092 -8.91227 -3.8013 -30.0522 0.0615366 0.141 -2.24975 -0.202893 10.9022 -24.9344 0.0510559 0.116988 0.353969 -22.9946 5.60495 9.50369 -4.32711 2.09145 5.47595 0.123835 -11.8508 -0.876987 -39.8926 -0.674123 -0.0667902 0.249263 -0.00420558 -2.39345 -41.5694 -6.22357 -2.92721 -3.82365 15.6215 0.801613 -10.1701 12.8571 2.48481e-17 -7.95139e-16 1.2424e-17 -9.50369 -4.32711 2.09145 1.11492 0.253302 21.5463 0.876987 -39.8926 -0.674123 0.314187 1.17305 0.0172597 2.39345 -41.5694 -6.22357 -2.95347 -2.16792 -14.9171 -0.801613 -10.1701 12.8571 -9.9362e-16 -5.46667e-16 -1.27222e-14 
-6.17261 95.3789 -81.5898 -0.989804 0.540447 -1.55178 0 5.22546 -1.18466 0.177213 0.102648 0.224158 0 5.77894 1.10239 0.288192 0.440731 0.109938 -1.0557e-17 6.16289 0.118334 0.270613 0.990741 0.169164 -1.13649e-17 6.69386 -0.456341 0.277356 1.66017 0.150302 -2.02997e-17 7.82529 -1.54945 0.340501 1.59824 0.0563602 -2.60628e-17 9.77186 -0.940923 0.440226 1.55757 -0.214852 -2.98794e-17 10.8563 1.62248 -0.0186838 0.676916 0.0288113 -1.32927e-17 4.92478 0.736013 0.548741 1.03868 0.187258 -1.86396e-17 4.96043 0.433981 0.732128 -3.12196 -0.00105521 -2.06766e-17 4.97002 0.787173 -0.895194 -1.34728 5.27615 1.26863 -7.82717 7.75148 0.0617704 1.76894 2.04251 13.3291 3.34342 -3.36319 -74.137 1.186 5.90124 30.0522 0.0615366 0.141 2.18557 -0.191201 -10.5892 24.9344 0.0510561 0.116988 1.61783 -52.4394 -1.64395 -1.26863 -7.82715 7.75138 1.30911 2.0326 -1.77851 -13.3291 3.34342 -3.36319 67.5352 -8.73896 -3.77347 -30.0522 0.0615366 0.141 -2.24035 -0.201137 10.8561 -24.9344 0.0510559 0.116988 0.410753 -23.2208 5.62763 9.50369 -4.32711 2.09145 5.49937 0.0810028 -11.9343 -0.876987 -39.8926 -0.674123 -0.0687988 0.25676 -0.00432757 -2.39345 -41.5694 -6.22357 -2.856 -3.9244 15.6146 0.801613 -10.1701 12.8571 4.22114e-16 -7.82724e-16 9.4788e-21 -9.50369 -4.32711 2.09145 1.14006 0.189528 21.4884 0.876987 -39.8926 -0.674123 0.328362 1.226 0.0178871 2.39345 -41.5694 -6.22357 -2.99383 -2.23608 -14.92 -0.801613 -10.1701 12.8571 -9.93923e-16 -5.46658e-16 -1.27222e-14 
-6.14535 95.3538 -81.6233 -1.02978 0.56378 -1.57924 0 5.22546 -1.18466 0.211457 0.152298 0.229248 0 5.77894 1.10239 0.316146 0.471093 0.11895 -1.0557e-17 6.16289 0.118334 0.290591 1.00038 0.178234 -1.13649e-17 6.69386 -0.456341 0.289722 1.63614 0.159252 -2.02997e-17 7.82529 -1.54945 0.346244 1.5549 0.0632515 -2.60628e-17 9.77186 -0.940923 0.440504 1.49986 -0.207277 -2.98794e-17 10.8563 1.62248 -0.0186783 0.680942 0.0294149 -1.32927e-17 4.92478 0.736013 0.549028 1.04453 0.197172 -1.86396e-17 4.96043 0.433981 0.716574 -3.11705 0.00271634 -2.06766e-17 4.97002 0.787173 -0.947503 -1.34908 5.27189 1.26863 -7.82717 7.75148 0.0926813 1.80629 2.02252 13.3291 3.34342 -3.36319 -74.227 1.24057 5.93071 30.0522 0.0615366 0.141 2.18091 -0.190355 -10.5663 24.9344 0.0510561 0.116988 1.62396 -52.5071 -1.6355 -1.26863 -7.82715 7.75138 1.24975 2.07189 -1.78134 -13.3291 3.34342 -3.36319 67.5809 -8.51272 -3.74037 -30.0522 0.0615366 0.141 -2.2304 -0.199286 10.8074 -24.9344 0.0510559 0.116988 0.467974 -23.4823 5.67165 9.50369 -4.32711 2.09145 5.53417 -0.00764193 -11.9934 -0.876987 -39.8926 -0.674123 -0.097002 0.362036 -0.00601284 -2.39345 -41.5694 -6.22357 -2.78221 -4.06383 15.609 0.801613 -10.1701 12.8571 2.51514e-17 -7.95129e-16 1.24146e-17 -9.50369 -4.32711 2.09145 1.17853 0.0881387 21.4895 0.876987 -39.8926 -0.674123 0.359969 1.34406 0.0192389 2.39345 -41.5694 -6.22357 -3.05713 -2.31846 -14.9236 -0.801613 -10.1701 12.8571 -5.96657e-16 -5.59072e-16 -1.2747e-14 
-6.12448 95.334 -81.6559 -1.05652 0.586724 -1.63443 0 5.22546 -1.18466 0.241751 0.210157 0.233324 0 5.77894 1.10239 0.341461 0.507073 0.126791 -1.0557e-17 6.16289 0.118334 0.309393 1.01243 0.186341 -1.13649e-17 6.69386 -0.456341 0.302496 1.60855 0.167281 -2.02997e-17 7.82529 -1.54945 0.353804 1.50544 0.069282 -2.60628e-17 9.77186 -0.940923 0.443263 1.43381 -0.201761 -2.98794e-17 10.8563 1.62248 -0.0185949 0.684846 0.030336 -1.32927e-17 4.92478 0.736013 0.549005 1.0431 0.195882 -1.86396e-17 4.96043 0.433981 0.703343 -3.1073 0.00123121 -2.06766e-17 4.97002 0.787173 -0.990323 -1.34988 5.2916 1.26863 -7.82717 7.75148 0.152922 1.85196 2.01184 13.3291 3.34342 -3.36319 -74.3433 1.33042 5.97431 30.0522 0.0615366 0.141 2.17889 -0.189988 -10.5564 24.9344 0.0510561 0.116988 1.60718 -52.6567 -1.64057 -1.26863 -7.82715 7.75138 1.20387 2.11642 -1.78386 -13.3291 3.34342 -3.36319 67.6254 -8.33299 -3.70061 -30.0522 0.0615366 0.141 -2.22575 -0.198423 10.7846 -24.9344 0.0510559 0.116988 0.500156 -23.6599 5.7134 9.50369 -4.32711 2.09145 5.56169 -0.117961 -11.9763 -0.876987 -39.8926 -0.674123 -0.138113 0.515513 -0.00837687 -2.39345 -41.5694 -6.22357 -2.74117 -4.19465 15.6067 0.801613 -10.1701 12.8571 2.48481e-17 -7.95139e-16 1.2424e-17 -9.50369 -4.32711 2.09145 1.20418 -0.0231549 21.5345 0.876987 -39.8926 -0.674123 0.395179 1.47559 0.0206683 2.39345 -41.5694 -6.22357 -3.08329 -2.40408 -14.9312 -0.801613 -10.1701 12.8571 -5.96354e-16 -5.59082e-16 -1.27471e-14 
-6.11342 95.3209 -81.6795 -1.07575 0.580448 -1.70919 0 5.22546 -1.18466 0.267257 0.263103 0.236647 0 5.77894 1.10239 0.36274 0.541128 0.13347 -1.0557e-17 6.16289 0.118334 0.325322 1.02645 0.19314 -1.13649e-17 6.69386 -0.456341 0.313636 1.58862 0.17388 -2.02997e-17 7.82529 -1.54945 0.360825 1.46687 0.0741633 -2.60628e-17 9.77186 -0.940923 0.446108 1.38083 -0.197841 -2.98794e-17 10.8563 1.62248 -0.0182644 0.687546 0.0309365 -1.32927e-17 4.92478 0.736013 0.548276 1.07298 0.2023 -1.86396e-17 4.96043 0.433981 0.682384 -3.10067 0.00303465 -2.06766e-17 4.97002 0.787173 -1.03384 -1.35044 5.30265 1.26863 -7.82717 7.75148 0.234485 1.88652 2.01499 13.3291 3.34342 -3.36319 -74.4766 1.44861 6.0197 30.0522 0.0615366 0.141 2.17875 -0.189963 -10.5557 24.9344 0.0510561 0.116988 1.56241 -52.8773 -1.67153 -1.26863 -7.82715 7.75138 1.16095 2.14296 -1.79275 -13.3291 3.34342 -3.36319 67.698 -8.23346 -3.64811 -30.0522 0.0615366 0.141 -2.22605 -0.198479 10.786 -24.9344 0.0510559 0.116988 0.48825 -23.728 5.74627 9.50369 -4.32711 2.09145 5.58559 -0.183692 -11.8921 -0.876987 -39.8926 -0.674123 -0.175032 0.65336 -0.0104063 -2.39345 -41.5694 -6.22357 -2.72968 -4.29406 15.6078 0.801613 -10.1701 12.8571 2.48481e-17 -7.95139e-16 1.2424e-17 -9.50369 -4.32711 2.09145 1.22645 -0.106569 21.5761 0.876987 -39.8926 -0.674123 0.432417 1.6147 0.0220921 2.39345 -41.5694 -6.22357 -3.1007 -2.46894 -14.9347 -0.801613 -10.1701 12.8571 -5.96354e-16 -5.59082e-16 -1.27471e-14 
-6.10666 95.3161 -81.6961 -1.06774 0.552611 -1.73866 0 5.22546 -1.18466 0.277038 0.303467 0.2356 0 5.77894 1.10239 0.371131 0.568008 0.133954 -1.0557e-17 6.16289 0.118334 0.331585 1.03963 0.193477 -1.13649e-17 6.69386 -0.456341 0.318225 1.5781 0.173898 -2.02997e-17 7.82529 -1.54945 0.363154 1.44309 0.0733909 -2.60628e-17 9.77186 -0.940923 0.445645 1.34633 -0.1988 -2.98794e-17 10.8563 1.62248 -0.0181929 0.688956 0.0307732 -1.32927e-17 4.92478 0.736013 0.546223 1.13032 0.214857 -1.86396e-17 4.96043 0.433981 0.653747 -3.11541 0.00758514 -2.06766e-17 4.97002 0.787173 -1.05337 -1.38478 5.30314 1.26863 -7.82717 7.75148 0.315049 1.90253 2.02964 13.3291 3.34342 -3.36319 -74.6014 1.52706 6.04717 30.0522 0.0615366 0.141 2.18305 -0.190743 -10.5768 24.9344 0.0510561 0.116988 1.55983 -53.02 -1.68028 -1.26863 -7.82715 7.75138 1.11245 2.14763 -1.80658 -13.3291 3.34342 -3.36319 67.8014 -8.19088 -3.61494 -30.0522 0.0615366 0.141 -2.23257 -0.199689 10.818 -24.9344 0.0510559 0.116988 0.502914 -23.8091 5.80497 9.50369 -4.32711 2.09145 5.57968 -0.226066 -11.8174 -0.876987 -39.8926 -0.674123 -0.205963 0.76886 -0.0120384 -2.39345 -41.5694 -6.22357 -2.74785 -4.33769 15.6109 0.801613 -10.1701 12.8571 2.48481e-17 -7.95139e-16 1.2424e-17 -9.50369 -4.32711 2.09145 1.21501 -0.128303 21.5474 0.876987 -39.8926 -0.674123 0.453789 1.69454 0.0228685 2.39345 -41.5694 -6.22357 -3.09272 -2.51482 -14.9376 -0.801613 -10.1701 12.8571 -1.99088e-16 -5.83911e-16 -1.27595e-14 
-6.10538 95.3157 -81.7076 -1.06539 0.567396 -1.75131 0 5.22546 -1.18466 0.288216 0.310576 0.231997 0 5.77894 1.10239 0.381084 0.572642 0.132123 -1.0557e-17 6.16289 0.118334 0.339447 1.04117 0.191474 -1.13649e-17 6.69386 -0.456341 0.324455 1.57486 0.171748 -2.02997e-17 7.82529 -1.54945 0.366572 1.43779 0.0701655 -2.60628e-17 9.77186 -0.940923 0.445501 1.33686 -0.202396 -2.98794e-17 10.8563 1.62248 -0.0185537 0.687899 0.0301649 -1.32927e-17 4.92478 0.736013 0.546162 1.18603 0.226908 -1.86396e-17 4.96043 0.433981 0.639629 -3.14426 0.0125909 -2.06766e-17 4.97002 0.787173 -1.0979 -1.46271 5.29397 1.26863 -7.82717 7.75148 0.386684 1.89785 2.05528 13.3291 3.34342 -3.36319 -74.7136 1.55235 6.06574 30.0522 0.0615366 0.141 2.19127 -0.192235 -10.617 24.9344 0.0510561 0.116988 1.58255 -53.0329 -1.65793 -1.26863 -7.82715 7.75138 1.07424 2.13834 -1.82602 -13.3291 3.34342 -3.36319 67.9185 -8.10508 -3.58454 -30.0522 0.0615366 0.141 -2.23994 -0.20106 10.8541 -24.9344 0.0510559 0.116988 0.54965 -24.0691 5.84981 9.50369 -4.32711 2.09145 5.58496 -0.320834 -11.7792 -0.876987 -39.8926 -0.674123 -0.240811 0.898997 -0.0138026 -2.39345 -41.5694 -6.22357 -2.75964 -4.37376 15.614 0.801613 -10.1701 12.8571 2.48481e-17 -7.95139e-16 1.2424e-17 -9.50369 -4.32711 2.09145 1.21141 -0.147227 21.4903 0.876987 -39.8926 -0.674123 0.454748 1.69812 0.0229026 2.39345 -41.5694 -6.22357 -3.0865 -2.52719 -14.9379 -0.801613 -10.1701 12.8571 -9.93317e-16 -5.46686e-16 -1.27222e-14 
-6.10503 95.3115 -81.6992 -1.09095 0.65748 -1.74393 0 5.22546 -1.18466 0.313212 0.289888 0.224383 0 5.77894 1.10239 0.403075 0.555429 0.128264 -1.0557e-17 6.16289 0.118334 0.356401 1.02414 0.187522 -1.13649e-17 6.69386 -0.456341 0.337109 1.56079 0.167697 -2.02997e-17 7.82529 -1.54945 0.372722 1.42807 0.0640544 -2.60628e-17 9.77186 -0.940923 0.444328 1.32393 -0.208343 -2.98794e-17 10.8563 1.62248 -0.0193665 0.686473 0.0297917 -1.32927e-17 4.92478 0.736013 0.545691 1.20311 0.234304 -1.86396e-17 4.96043 0.433981 0.623437 -3.14577 0.015458 -2.06766e-17 4.97002 0.787173 -1.14589 -1.5141 5.29302 1.26863 -7.82717 7.75148 0.441925 1.8929 2.07513 13.3291 3.34342 -3.36319 -74.8189 1.53993 6.09505 30.0522 0.0615366 0.141 2.20189 -0.194174 -10.669 24.9344 0.0510561 0.116988 1.64978 -53.0078 -1.58842 -1.26863 -7.82715 7.75138 1.03376 2.13644 -1.84647 -13.3291 3.34342 -3.36319 68.0338 -7.954 -3.58915 -30.0522 0.0615366 0.141 -2.24948 -0.202843 10.9009 -24.9344 0.0510559 0.116988 0.610656 -24.4283 5.8408 9.50369 -4.32711 2.09145 5.62216 -0.483579 -11.7637 -0.876987 -39.8926 -0.674123 -0.279274 1.04265 -0.0156582 -2.39345 -41.5694 -6.22357 -2.74708 -4.45478 15.6143 0.801613 -10.1701 12.8571 2.48481e-17 -7.95139e-16 1.2424e-17 -9.50369 -4.32711 2.09145 1.23904 -0.210328 21.4294 0.876987 -39.8926 -0.674123 0.447111 1.6696 0.0226291 2.39345 -41.5694 -6.22357 -3.08851 -2.53727 -14.9392 -0.801613 -10.1701 12.8571 -5.96657e-16 -5.59072e-16 -1.2747e-14 
-6.10848 95.3036 -81.6682 -1.09405 0.71389 -1.72629 0 5.22546 -1.18466 0.32792 0.274455 0.218731 0 5.77894 1.10239 0.416029 0.540206 0.125369 -1.0557e-17 6.16289 0.118334 0.366083 1.00527 0.184842 -1.13649e-17 6.69386 -0.456341 0.343893 1.53721 0.164933 -2.02997e-17 7.82529 -1.54945 0.375004 1.40636 0.0602241 -2.60628e-17 9.77186 -0.940923 0.441793 1.29818 -0.211801 -2.98794e-17 10.8563 1.62248 -0.0201492 0.687284 0.0298816 -1.32927e-17 4.92478 0.736013 0.544868 1.15371 0.248644 -1.86396e-17 4.96043 0.433981 0.602185 -3.12788 0.0214021 -2.06766e-17 4.97002 0.787173 -1.1447 -1.47651 5.28037 1.26863 -7.82717 7.75148 0.456907 1.91151 2.0718 13.3291 3.34342 -3.36319 -74.8531 1.5911 6.13754 30.0522 0.0615366 0.141 2.20621 -0.194965 -10.6902 24.9344 0.0510561 0.116988 1.66073 -53.0813 -1.53274 -1.26863 -7.82715 7.75138 1.03166 2.16517 -1.84641 -13.3291 3.34342 -3.36319 68.1197 -7.78279 -3.63737 -30.0522 0.0615366 0.141 -2.25616 -0.204096 10.9336 -24.9344 0.0510559 0.116988 0.668723 -24.7682 5.80958 9.50369 -4.32711 2.09145 5.64041 -0.6017 -11.7827 -0.876987 -39.8926 -0.674123 -0.317957 1.18714 -0.0174274 -2.39345 -41.5694 -6.22357 -2.75645 -4.5421 15.616 0.801613 -10.1701 12.8571 2.48481e-17 -7.95139e-16 1.2424e-17 -9.50369 -4.32711 2.09145 1.24067 -0.244351 21.3951 0.876987 -39.8926 -0.674123 0.449539 1.67867 0.0227164 2.39345 -41.5694 -6.22357 -3.08183 -2.58915 -14.9443 -0.801613 -10.1701 12.8571 -5.96354e-16 -5.59082e-16 -1.27471e-14 
-6.11312 95.2849 -81.6224 -1.07361 0.735794 -1.68131 0 5.22546 -1.18466 0.330359 0.255786 0.211029 0 5.77894 1.10239 0.41953 0.525499 0.119335 -1.0557e-17 6.16289 0.118334 0.369881 0.990259 0.179341 -1.13649e-17 6.69386 -0.456341 0.348237 1.52259 0.159596 -2.02997e-17 7.82529 -1.54945 0.378003 1.39667 0.0544161 -2.60628e-17 9.77186 -0.940923 0.44228 1.28661 -0.218789 -2.98794e-17 10.8563 1.62248 -0.0205865 0.687564 0.0306349 -1.32927e-17 4.92478 0.736013 0.543631 1.10705 0.225492 -1.86396e-17 4.96043 0.433981 0.599644 -3.11316 0.0104975 -2.06766e-17 4.97002 0.787173 -1.14804 -1.44137 5.29479 1.26863 -7.82717 7.75148 0.483564 1.92835 2.08725 13.3291 3.34342 -3.36319 -74.8964 1.6857 6.16322 30.0522 0.0615366 0.141 2.20679 -0.195072 -10.6931 24.9344 0.0510561 0.116988 1.6323 -53.2151 -1.51221 -1.26863 -7.82715 7.75138 1.06035 2.18941 -1.84666 -13.3291 3.34342 -3.36319 68.1803 -7.75138 -3.68476 -30.0522 0.0615366 0.141 -2.26085 -0.204977 10.9566 -24.9344 0.0510559 0.116988 0.658142 -24.9036 5.73177 9.50369 -4.32711 2.09145 5.63899 -0.719502 -11.8209 -0.876987 -39.8926 -0.674123 -0.376607 1.40621 -0.0199239 -2.39345 -41.5694 -6.22357 -2.79132 -4.68176 15.6199 0.801613 -10.1701 12.8571 2.48481e-17 -7.95139e-16 1.2424e-17 -9.50369 -4.32711 2.09145 1.21616 -0.255251 21.354 0.876987 -39.8926 -0.674123 0.46588 1.73971 0.0232945 2.39345 -41.5694 -6.22357 -3.07814 -2.71401 -14.9563 -0.801613 -10.1701 12.8571 -9.93615e-16 -5.46667e-16 -1.27222e-14 
-6.12368 95.2505 -81.5656 -1.02592 0.753605 -1.65137 0 5.22546 -1.18466 0.318682 0.253938 0.205376 0 5.77894 1.10239 0.411018 0.521837 0.113985 -1.0557e-17 6.16289 0.118334 0.365031 0.979558 0.17488 -1.13649e-17 6.69386 -0.456341 0.347194 1.50104 0.155312 -2.02997e-17 7.82529 -1.54945 0.379267 1.37394 0.0505315 -2.60628e-17 9.77186 -0.940923 0.444605 1.257 -0.224957 -2.98794e-17 10.8563 1.62248 -0.0205306 0.688727 0.032197 -1.32927e-17 4.92478 0.736013 0.544819 1.06236 0.227464 -1.86396e-17 4.96043 0.433981 0.60594 -3.10222 0.0109858 -2.06766e-17 4.97002 0.787173 -1.15237 -1.39572 5.29691 1.26863 -7.82717 7.75148 0.551415 1.95838 2.12011 13.3291 3.34342 -3.36319 -74.9636 1.83328 6.18963 30.0522 0.0615366 0.141 2.20596 -0.194919 -10.689 24.9344 0.0510561 0.116988 1.55221 -53.4016 -1.53307 -1.26863 -7.82715 7.75138 1.0975 2.22901 -1.85119 -13.3291 3.34342 -3.36319 68.2442 -7.80378 -3.72638 -30.0522 0.0615366 0.141 -2.25792 -0.204426 10.9422 -24.9344 0.0510559 0.116988 0.601663 -24.9255 5.67811 9.50369 -4.32711 2.09145 5.62092 -0.902517 -11.8211 -0.876987 -39.8926 -0.674123 -0.476025 1.77761 -0.0236441 -2.39345 -41.5694 -6.22357 -2.82555 -4.9052 15.6245 0.801613 -10.1701 12.8571 2.48481e-17 -7.95139e-16 1.2424e-17 -9.50369 -4.32711 2.09145 1.1703 -0.335302 21.3199 0.876987 -39.8926 -0.674123 0.524889 1.96016 0.0252371 2.39345 -41.5694 -6.22357 -3.07378 -2.9609 -14.9778 -0.801613 -10.1701 12.8571 -1.99401e-16 -5.83901e-16 -1.27595e-14 
-6.13881 95.2092 -81.4986 -0.951491 0.69802 -1.67202 0 5.22546 -1.18466 0.291973 0.299982 0.204444 0 5.77894 1.10239 0.389853 0.550875 0.111161 -1.0557e-17 6.16289 0.118334 0.350901 0.985613 0.173035 -1.13649e-17 6.69386 -0.456341 0.340012 1.46778 0.153479 -2.02997e-17 7.82529 -1.54945 0.378517 1.32391 0.0500059 -2.60628e-17 9.77186 -0.940923 0.448814 1.19079 -0.228845 -2.98794e-17 10.8563 1.62248 -0.0205841 0.692326 0.0350633 -1.32927e-17 4.92478 0.736013 0.546808 0.984247 0.234839 -1.86396e-17 4.96043 0.433981 0.618489 -3.09486 0.0133121 -2.06766e-17 4.97002 0.787173 -1.14023 -1.31191 5.31695 1.26863 -7.82717 7.75148 0.642565 2.02142 2.15989 13.3291 3.34342 -3.36319 -75.04 2.00637 6.25264 30.0522 0.0615366 0.141 2.20753 -0.195208 -10.6967 24.9344 0.0510561 0.116988 1.44157 -53.6372 -1.59987 -1.26863 -7.82715 7.75138 1.14836 2.30403 -1.8594 -13.3291 3.34342 -3.36319 68.2899 -7.91808 -3.76966 -30.0522 0.0615366 0.141 -2.25089 -0.203107 10.9078 -24.9344 0.0510559 0.116988 0.541447 -24.8928 5.66315 9.50369 -4.32711 2.09145 5.58935 -1.11617 -11.7714 -0.876987 -39.8926 -0.674123 -0.634377 2.36919 -0.0282397 -2.39345 -41.5694 -6.22357 -2.88397 -5.18657 15.6352 0.801613 -10.1701 12.8571 2.48481e-17 -7.95139e-16 1.2424e-17 -9.50369 -4.32711 2.09145 1.1067 -0.470051 21.3444 0.876987 -39.8926 -0.674123 0.649165 2.42443 0.0285859 2.39345 -41.5694 -6.22357 -3.06645 -3.30077 -15.0055 -0.801613 -10.1701 12.8571 -5.96046e-16 -5.59101e-16 -1.27471e-14 
-6.15337 95.1635 -81.427 -0.897659 0.54892 -1.74608 0 5.22546 -1.18466 0.262105 0.399432 0.204701 0 5.77894 1.10239 0.366375 0.619296 0.108201 -1.0557e-17 6.16289 0.118334 0.335216 1.01798 0.170573 -1.13649e-17 6.69386 -0.456341 0.332151 1.43814 0.150755 -2.02997e-17 7.82529 -1.54945 0.377627 1.26367 0.048605 -2.60628e-17 9.77186 -0.940923 0.453001 1.1067 -0.233735 -2.98794e-17 10.8563 1.62248 -0.0213898 0.69624 0.0384557 -1.32927e-17 4.92478 0.736013 0.550607 0.920783 0.268898 -1.86396e-17 4.96043 0.433981 0.637659 -3.11087 0.0273317 -2.06766e-17 4.97002 0.787173 -1.11579 -1.24856 5.35517 1.26863 -7.82717 7.75148 0.747784 2.10029 2.21007 13.3291 3.34342 -3.36319 -75.1359 2.10435 6.33429 30.0522 0.0615366 0.141 2.21289 -0.196192 -10.7229 24.9344 0.0510561 0.116988 1.40061 -53.8326 -1.62842 -1.26863 -7.82715 7.75138 1.18557 2.39014 -1.88006 -13.3291 3.34342 -3.36319 68.342 -8.09316 -3.78569 -30.0522 0.0615366 0.141 -2.24426 -0.201866 10.8753 -24.9344 0.0510559 0.116988 0.494338 -24.8364 5.66271 9.50369 -4.32711 2.09145 5.58418 -1.36296 -11.7627 -0.876987 -39.8926 -0.674123 -0.860402 3.21338 -0.0319661 -2.39345 -41.5694 -6.22357 -2.91509 -5.52454 15.6567 0.801613 -10.1701 12.8571 2.48481e-17 -7.95139e-16 1.2424e-17 -9.50369 -4.32711 2.09145 1.07752 -0.683032 21.4131 0.876987 -39.8926 -0.674123 0.85663 3.19929 0.0319318 2.39345 -41.5694 -6.22357 -3.04715 -3.69367 -15.0365 -0.801613 -10.1701 12.8571 -5.96354e-16 -5.59082e-16 -1.27471e-14 
-6.16061 95.1184 -81.3342 -0.821519 0.369484 -1.8465 0 5.22546 -1.18466 0.223879 0.523486 0.202502 0 5.77894 1.10239 0.336502 0.705807 0.100511 -1.0557e-17 6.16289 0.118334 0.314572 1.06017 0.162806 -1.13649e-17 6.69386 -0.456341 0.320862 1.40446 0.142177 -2.02997e-17 7.82529 -1.54945 0.373517 1.19224 0.0418061 -2.60628e-17 9.77186 -0.940923 0.453275 1.00595 -0.243014 -2.98794e-17 10.8563 1.62248 -0.0235577 0.700755 0.0419983 -1.32927e-17 4.92478 0.736013 0.554787 0.83916 0.3347 -1.86396e-17 4.96043 0.433981 0.642365 -3.11206 0.0547813 -2.06766e-17 4.97002 0.787173 -1.0761 -1.19942 5.40449 1.26863 -7.82717 7.75148 0.849168 2.20262 2.25907 13.3291 3.34342 -3.36319 -75.2161 2.15022 6.45904 30.0522 0.0615366 0.141 2.21691 -0.196933 -10.7426 24.9344 0.0510561 0.116988 1.33156 -54.001 -1.6578 -1.26863 -7.82715 7.75138 1.21694 2.50187 -1.90333 -13.3291 3.34342 -3.36319 68.3761 -8.18565 -3.79654 -30.0522 0.0615366 0.141 -2.23294 -0.199757 10.8198 -24.9344 0.0510559 0.116988 0.503359 -24.9448 5.73757 9.50369 -4.32711 2.09145 5.55642 -1.67653 -11.7356 -0.876987 -39.8926 -0.674123 -1.14051 4.25874 -0.0319577 -2.39345 -41.5694 -6.22357 -2.9327 -5.8597 15.6836 0.801613 -10.1701 12.8571 2.48481e-17 -7.95139e-16 1.2424e-17 -9.50369 -4.32711 2.09145 1.04048 -1.03051 21.5362 0.876987 -39.8926 -0.674123 1.15015 4.29468 0.0318668 2.39345 -41.5694 -6.22357 -3.02462 -4.14073 -15.0754 -0.801613 -10.1701 12.8571 -9.93615e-16 -5.46667e-16 -1.27222e-14 
-6.16598 95.0753 -81.1775 -0.722852 0.171367 -1.96965 0 5.22546 -1.18466 0.182693 0.59908 0.196218 0 5.77894 1.10239 0.304591 0.761759 0.087386 -1.0557e-17 6.16289 0.118334 0.292421 1.08578 0.14876 -1.13649e-17 6.69386 -0.456341 0.308768 1.37982 0.126919 -2.02997e-17 7.82529 -1.54945 0.367908 1.14721 0.0283381 -2.60628e-17 9.77186 -0.940923 0.45016 0.93935 -0.258557 -2.98794e-17 10.8563 1.62248 -0.0275523 0.702205 0.0454182 -1.32927e-17 4.92478 0.736013 0.554418 0.753379 0.391903 -1.86396e-17 4.96043 0.433981 0.650113 -3.04283 0.0775146 -2.06766e-17 4.97002 0.787173 -1.04942 -1.09491 5.51673 1.26863 -7.82717 7.75148 0.943105 2.28775 2.33094 13.3291 3.34342 -3.36319 -75.2776 2.01588 6.64774 30.0522 0.0615366 0.141 2.21843 -0.197213 -10.7501 24.9344 0.0510561 0.116988 1.32931 -53.9925 -1.59066 -1.26863 -7.82715 7.75138 1.25506 2.59869 -1.94968 -13.3291 3.34342 -3.36319 68.3868 -8.25353 -3.83204 -30.0522 0.0615366 0.141 -2.22133 -0.197608 10.763 -24.9344 0.0510559 0.116988 0.492041 -25.0506 5.77473 9.50369 -4.32711 2.09145 5.51018 -1.95628 -11.6333 -0.876987 -39.8926 -0.674123 -1.4334 5.35005 -0.0264728 -2.39345 -41.5694 -6.22357 -2.99445 -6.17243 15.7159 0.801613 -10.1701 12.8571 2.48481e-17 -7.95139e-16 1.2424e-17 -9.50369 -4.32711 2.09145 1.00215 -1.50536 21.7467 0.876987 -39.8926 -0.674123 1.53266 5.71934 0.0233454 2.39345 -41.5694 -6.22357 -2.99989 -4.61282 -15.1202 -0.801613 -10.1701 12.8571 -5.96662e-16 -5.59072e-16 -1.2747e-14 
-6.18083 94.9974 -80.9759 -0.549151 0.0775305 -2.15266 0 5.22546 -1.18466 0.11954 0.655136 0.196538 0 5.77894 1.10239 0.252219 0.797955 0.0783666 -1.0557e-17 6.16289 0.118334 0.25313 1.0856 0.138434 -1.13649e-17 6.69386 -0.456341 0.28299 1.32347 0.114682 -2.02997e-17 7.82529 -1.54945 0.352823 1.07205 0.0197108 -2.60628e-17 9.77186 -0.940923 0.442628 0.834574 -0.268359 -2.98794e-17 10.8563 1.62248 -0.0314758 0.705505 0.0490039 -1.32927e-17 4.92478 0.736013 0.550699 0.646112 0.460971 -1.86396e-17 4.96043 0.433981 0.681705 -2.90373 0.105427 -2.06766e-17 4.97002 0.787173 -1.02068 -0.890348 5.63507 1.26863 -7.82717 7.75148 1.09628 2.38557 2.4317 13.3291 3.34342 -3.36319 -75.3248 1.77286 6.93595 30.0522 0.0615366 0.141 2.22448 -0.198331 -10.7797 24.9344 0.0510561 0.116988 1.27334 -53.9691 -1.57927 -1.26863 -7.82715 7.75138 1.218 2.70824 -2.03888 -13.3291 3.34342 -3.36319 68.4316 -8.21816 -3.96061 -30.0522 0.0615366 0.141 -2.22165 -0.197666 10.7645 -24.9344 0.0510559 0.116988 0.521041 -25.2324 5.81069 9.50369 -4.32711 2.09145 5.41094 -2.32273 -11.3575 -0.876987 -39.8926 -0.674123 -1.74027 6.49069 -0.0147272 -2.39345 -41.5694 -6.22357 -3.07959 -6.57996 15.7444 0.801613 -10.1701 12.8571 2.48481e-17 -7.95139e-16 1.2424e-17 -9.50369 -4.32711 2.09145 0.933588 -2.26927 22.0291 0.876987 -39.8926 -0.674123 2.02273 7.53728 -0.00149656 2.39345 -41.5694 -6.22357 -3.02647 -5.25733 -15.1827 -0.801613 -10.1701 12.8571 -5.96354e-16 -5.59082e-16 -1.27471e-14 
-6.2029 94.8905 -80.7867 -0.302957 -0.00202818 -2.35434 0 5.22546 -1.18466 0.0168704 0.767721 0.20629 0 5.77894 1.10239 0.164304 0.867824 0.0748339 -1.0557e-17 6.16289 0.118334 0.185466 1.0962 0.133624 -1.13649e-17 6.69386 -0.456341 0.236016 1.23965 0.107421 -2.02997e-17 7.82529 -1.54945 0.32571 0.951183 0.0194147 -2.60628e-17 9.77186 -0.940923 0.433081 0.668838 -0.269983 -2.98794e-17 10.8563 1.62248 -0.0338733 0.712875 0.0537312 -1.32927e-17 4.92478 0.736013 0.544806 0.507977 0.536313 -1.86396e-17 4.96043 0.433981 0.74366 -2.75089 0.136316 -2.06766e-17 4.97002 0.787173 -0.966071 -0.598798 5.73114 1.26863 -7.82717 7.75148 1.29672 2.5193 2.54927 13.3291 3.34342 -3.36319 -75.3005 1.4779 7.26151 30.0522 0.0615366 0.141 2.2447 -0.202089 -10.8788 24.9344 0.0510561 0.116988 1.1798 -53.95 -1.6298 -1.26863 -7.82715 7.75138 1.14926 2.85108 -2.14552 -13.3291 3.34342 -3.36319 68.4688 -8.3822 -4.19228 -30.0522 0.0615366 0.141 -2.25088 -0.203106 10.9078 -24.9344 0.0510559 0.116988 0.571198 -25.5563 5.85381 9.50369 -4.32711 2.09145 5.26901 -2.82553 -10.9551 -0.876987 -39.8926 -0.674123 -2.10345 7.8357 0.00708495 -2.39345 -41.5694 -6.22357 -3.22569 -7.04735 15.7747 0.801613 -10.1701 12.8571 2.48481e-17 -7.95139e-16 1.2424e-17 -9.50369 -4.32711 2.09145 0.829519 -3.26976 22.3886 0.876987 -39.8926 -0.674123 2.61903 9.73315 -0.0527057 2.39345 -41.5694 -6.22357 -3.02768 -5.99191 -15.2594 -0.801613 -10.1701 12.8571 -5.96354e-16 -5.59082e-16 -1.27471e-14 
-6.23351 94.7308 -80.6532 0.0274801 -0.0287649 -2.5212 0 5.22546 -1.18466 -0.112372 0.946215 0.216998 0 5.77894 1.10239 0.0525234 0.981364 0.0694544 -1.0557e-17 6.16289 0.118334 0.0987159 1.12685 0.126855 -1.13649e-17 6.69386 -0.456341 0.174948 1.13901 0.0975984 -2.02997e-17 7.82529 -1.54945 0.289421 0.793148 0.0193409 -2.60628e-17 9.77186 -0.940923 0.418732 0.448237 -0.269678 -2.98794e-17 10.8563 1.62248 -0.0363447 0.721876 0.0598867 -1.32927e-17 4.92478 0.736013 0.53195 0.324756 0.615503 -1.86396e-17 4.96043 0.433981 0.810583 -2.61748 0.168535 -2.06766e-17 4.97002 0.787173 -0.898566 -0.329159 5.7773 1.26863 -7.82717 7.75148 1.57977 2.6833 2.68983 13.3291 3.34342 -3.36319 -75.1858 1.06083 7.55886 30.0522 0.0615366 0.141 2.28399 -0.209498 -11.0714 24.9344 0.0510561 0.116988 1.06943 -53.8495 -1.69852 -1.26863 -7.82715 7.75138 1.04422 3.02567 -2.271 -13.3291 3.34342 -3.36319 68.4241 -8.69736 -4.47995 -30.0522 0.0615366 0.141 -2.30131 -0.212668 11.1551 -24.9344 0.0510559 0.116988 0.754717 -26.2764 6.02923 9.50369 -4.32711 2.09145 5.10571 -3.69393 -10.3934 -0.876987 -39.8926 -0.674123 -2.60236 9.67206 0.0509637 -2.39345 -41.5694 -6.22357 -3.47375 -7.65178 15.8017 0.801613 -10.1701 12.8571 2.48481e-17 -7.95139e-16 1.2424e-17 -9.50369 -4.32711 2.09145 0.701853 -4.5675 22.8137 0.876987 -39.8926 -0.674123 3.32917 12.3167 -0.143422 2.39345 -41.5694 -6.22357 -3.11855 -6.81934 -15.3451 -0.801613 -10.1701 12.8571 -1.99093e-16 -5.83911e-16 -1.27595e-14 
-6.29324 94.5164 -80.5599 0.42826 -0.127832 -2.69804 0 5.22546 -1.18466 -0.265907 1.18655 0.228343 0 5.77894 1.10239 -0.0805429 1.13772 0.0613354 -1.0557e-17 6.16289 0.118334 -0.0050429 1.1844 0.116981 -1.13649e-17 6.69386 -0.456341 0.101331 1.0383 0.0839565 -2.02997e-17 7.82529 -1.54945 0.244725 0.61874 0.0179948 -2.60628e-17 9.77186 -0.940923 0.399823 0.200139 -0.268516 -2.98794e-17 10.8563 1.62248 -0.0397127 0.730233 0.0657571 -1.32927e-17 4.92478 0.736013 0.520607 0.106264 0.755791 -1.86396e-17 4.96043 0.433981 0.870543 -2.50811 0.228113 -2.06766e-17 4.97002 0.787173 -0.797802 -0.0582598 5.74463 1.26863 -7.82717 7.75148 1.90601 2.87147 2.8198 13.3291 3.34342 -3.36319 -74.9031 0.539626 7.81063 30.0522 0.0615366 0.141 2.3389 -0.220079 -11.3407 24.9344 0.0510561 0.116988 1.01535 -53.6052 -1.6825 -1.26863 -7.82715 7.75138 0.911574 3.221 -2.38956 -13.3291 3.34342 -3.36319 68.2867 -9.07534 -4.76441 -30.0522 0.0615366 0.141 -2.37235 -0.226519 11.5037 -24.9344 0.0510559 0.116988 0.979954 -27.1351 6.20845 9.50369 -4.32711 2.09145 4.95199 -4.83417 -9.76262 -0.876987 -39.8926 -0.674123 -3.26182 12.0734 0.133445 -2.39345 -41.5694 -6.22357 -3.82333 -8.30566 15.8369 0.801613 -10.1701 12.8571 2.48481e-17 -7.95139e-16 1.2424e-17 -9.50369 -4.32711 2.09145 0.565745 -5.95137 23.3306 0.876987 -39.8926 -0.674123 4.12071 15.1442 -0.281943 2.39345 -41.5694 -6.22357 -3.22892 -7.68561 -15.4381 -0.801613 -10.1701 12.8571 -5.96046e-16 -5.59101e-16 -1.27471e-14 
-6.38592 94.2523 -80.4802 0.838604 -0.402233 -2.85318 0 5.22546 -1.18466 -0.415654 1.48528 0.239498 0 5.77894 1.10239 -0.210434 1.33764 0.0534432 -1.0557e-17 6.16289 0.118334 -0.107021 1.27937 0.107326 -1.13649e-17 6.69386 -0.456341 0.0285773 0.963704 0.0703637 -2.02997e-17 7.82529 -1.54945 0.199596 0.458298 0.0172993 -2.60628e-17 9.77186 -0.940923 0.379367 -0.0381025 -0.264135 -2.98794e-17 10.8563 1.62248 -0.0440682 0.737058 0.0720644 -1.32927e-17 4.92478 0.736013 0.505151 -0.0677193 0.883134 -1.86396e-17 4.96043 0.433981 0.915776 -2.42851 0.281381 -2.06766e-17 4.97002 0.787173 -0.71326 0.168073 5.68082 1.26863 -7.82717 7.75148 2.30195 3.06271 2.92881 13.3291 3.34342 -3.36319 -74.4772 0.05643 7.96591 30.0522 0.0615366 0.141 2.40147 -0.232466 -11.648 24.9344 0.0510561 0.116988 0.957309 -53.533 -1.64152 -1.26863 -7.82715 7.75138 0.711715 3.41078 -2.48693 -13.3291 3.34342 -3.36319 67.9573 -9.39889 -4.99655 -30.0522 0.0615366 0.141 -2.44803 -0.241772 11.8756 -24.9344 0.0510559 0.116988 1.26895 -27.9518 6.24 9.50369 -4.32711 2.09145 4.83969 -6.04265 -9.24521 -0.876987 -39.8926 -0.674123 -4.04403 14.873 0.266826 -2.39345 -41.5694 -6.22357 -4.21799 -8.8994 15.8864 0.801613 -10.1701 12.8571 2.48481e-17 -7.95139e-16 1.2424e-17 -9.50369 -4.32711 2.09145 0.462513 -7.21332 23.8458 0.876987 -39.8926 -0.674123 4.95659 18.0571 -0.469887 2.39345 -41.5694 -6.22357 -3.3333 -8.50413 -15.5269 -0.801613 -10.1701 12.8571 -5.96354e-16 -5.59082e-16 -1.27471e-14 
-6.51454 93.9313 -80.3911 1.15788 -0.719894 -2.9343 0 5.22546 -1.18466 -0.518861 1.81825 0.239812 0 5.77894 1.10239 -0.298176 1.56243 0.0399907 -1.0557e-17 6.16289 0.118334 -0.175767 1.39481 0.0927167 -1.13649e-17 6.69386 -0.456341 -0.0186787 0.903174 0.0514702 -2.02997e-17 7.82529 -1.54945 0.169496 0.30391 0.00827732 -2.60628e-17 9.77186 -0.940923 0.362234 -0.276372 -0.26639 -2.98794e-17 10.8563 1.62248 -0.0488698 0.743015 0.079219 -1.32927e-17 4.92478 0.736013 0.49465 -0.191968 0.998557 -1.86396e-17 4.96043 0.433981 0.947889 -2.35789 0.329338 -2.06766e-17 4.97002 0.787173 -0.722039 0.340675 5.5946 1.26863 -7.82717 7.75148 2.7946 3.26035 3.00794 13.3291 3.34342 -3.36319 -74.0062 -0.261986 8.0189 30.0522 0.0615366 0.141 2.47436 -0.247334 -12.0063 24.9344 0.0510561 0.116988 0.850133 -53.8445 -1.63941 -1.26863 -7.82715 7.75138 0.419008 3.59324 -2.55955 -13.3291 3.34342 -3.36319 67.4049 -9.62195 -5.17684 -30.0522 0.0615366 0.141 -2.52862 -0.258577 12.2721 -24.9344 0.0510559 0.116988 1.56947 -28.6903 6.16017 9.50369 -4.32711 2.09145 4.86116 -7.40836 -8.86595 -0.876987 -39.8926 -0.674123 -4.94462 18.016 0.466903 -2.39345 -41.5694 -6.22357 -4.5426 -9.43697 15.9414 0.801613 -10.1701 12.8571 2.48481e-17 -7.95139e-16 1.2424e-17 -9.50369 -4.32711 2.09145 0.506317 -8.38745 24.3948 0.876987 -39.8926 -0.674123 5.80677 20.93 -0.703388 2.39345 -41.5694 -6.22357 -3.43768 -9.2677 -15.6187 -0.801613 -10.1701 12.8571 -5.96354e-16 -5.59082e-16 -1.27471e-14 
-6.70419 93.5469 -80.31 1.35646 -0.856966 -3.0014 0 5.22546 -1.18466 -0.573212 2.10497 0.225359 0 5.77894 1.10239 -0.343225 1.74971 0.017611 -1.0557e-17 6.16289 0.118334 -0.211296 1.47808 0.0691013 -1.13649e-17 6.69386 -0.456341 -0.0407137 0.827565 0.0230457 -2.02997e-17 7.82529 -1.54945 0.152001 0.143119 -0.0134479 -2.60628e-17 9.77186 -0.940923 0.344323 -0.525481 -0.278272 -2.98794e-17 10.8563 1.62248 -0.0529262 0.746919 0.0861595 -1.32927e-17 4.92478 0.736013 0.489629 -0.329243 1.14224 -1.86396e-17 4.96043 0.433981 0.967412 -2.31497 0.390901 -2.06766e-17 4.97002 0.787173 -0.768953 0.447157 5.51859 1.26863 -7.82717 7.75148 3.4087 3.44594 3.07052 13.3291 3.34342 -3.36319 -73.4472 -0.582471 8.00701 30.0522 0.0615366 0.141 2.56039 -0.265496 -12.4298 24.9344 0.0510561 0.116988 0.720627 -54.3281 -1.62933 -1.26863 -7.82715 7.75138 0.00369708 3.74449 -2.62462 -13.3291 3.34342 -3.36319 66.6852 -9.91258 -5.34124 -30.0522 0.0615366 0.141 -2.62582 -0.27962 12.7511 -24.9344 0.0510559 0.116988 1.91682 -29.453 6.12449 9.50369 -4.32711 2.09145 5.09115 -9.09995 -8.53026 -0.876987 -39.8926 -0.674123 -5.9511 21.408 0.747139 -2.39345 -41.5694 -6.22357 -4.87837 -9.94498 15.9901 0.801613 -10.1701 12.8571 4.22105e-16 -7.82724e-16 9.7749e-21 -9.50369 -4.32711 2.09145 0.723696 -9.63269 24.8337 0.876987 -39.8926 -0.674123 6.6333 23.6263 -0.96956 2.39345 -41.5694 -6.22357 -3.61735 -10.0535 -15.7109 -0.801613 -10.1701 12.8571 -5.96354e-16 -5.59082e-16 -1.27471e-14 
-6.95361 93.0837 -80.2577 1.42014 -1.09709 -3.04567 0 5.22546 -1.18466 -0.592903 2.39577 0.202138 0 5.77894 1.10239 -0.357492 1.93675 -0.00877162 -1.0557e-17 6.16289 0.118334 -0.223247 1.56221 0.0413161 -1.13649e-17 6.69386 -0.456341 -0.0455253 0.756285 -0.00983907 -2.02997e-17 7.82529 -1.54945 0.142736 -0.016576 -0.0421347 -2.60628e-17 9.77186 -0.940923 0.325682 -0.777964 -0.294346 -2.98794e-17 10.8563 1.62248 -0.0555483 0.749919 0.0919916 -1.32927e-17 4.92478 0.736013 0.493477 -0.400429 1.30801 -1.86396e-17 4.96043 0.433981 0.971015 -2.35025 0.463485 -2.06766e-17 4.97002 0.787173 -0.785646 0.510176 5.42789 1.26863 -7.82717 7.75148 4.1531 3.61676 3.10432 13.3291 3.34342 -3.36319 -72.7409 -0.766322 7.92047 30.0522 0.0615366 0.141 2.65148 -0.285451 -12.8789 24.9344 0.0510561 0.116988 0.663939 -55.0456 -1.48672 -1.26863 -7.82715 7.75138 -0.614239 3.84924 -2.67687 -13.3291 3.34342 -3.36319 65.8203 -10.2529 -5.52131 -30.0522 0.0615366 0.141 -2.74313 -0.306153 13.3303 -24.9344 0.0510559 0.116988 2.34935 -30.4313 6.05594 9.50369 -4.32711 2.09145 5.50423 -10.8395 -8.33612 -0.876987 -39.8926 -0.674123 -7.07057 25.0114 1.12535 -2.39345 -41.5694 -6.22357 -5.21338 -10.3682 16.034 0.801613 -10.1701 12.8571 2.51609e-17 -7.95129e-16 1.24143e-17 -9.50369 -4.32711 2.09145 1.06074 -10.6698 25.0073 0.876987 -39.8926 -0.674123 7.43384 26.1396 -1.26237 2.39345 -41.5694 -6.22357 -3.89317 -10.9131 -15.7915 -0.801613 -10.1701 12.8571 -5.96354e-16 -5.59082e-16 -1.27471e-14 
-7.26335 92.5431 -80.2415 1.40616 -1.50648 -3.10963 0 5.22546 -1.18466 -0.596778 2.74376 0.180842 0 5.77894 1.10239 -0.356428 2.16511 -0.029983 -1.0557e-17 6.16289 0.118334 -0.222591 1.68114 0.0194372 -1.13649e-17 6.69386 -0.456341 -0.0391468 0.70686 -0.03714 -2.02997e-17 7.82529 -1.54945 0.14318 -0.166754 -0.0663701 -2.60628e-17 9.77186 -0.940923 0.315341 -1.0323 -0.306812 -2.98794e-17 10.8563 1.62248 -0.0546655 0.751898 0.0964228 -1.32927e-17 4.92478 0.736013 0.50862 -0.286992 1.47086 -1.86396e-17 4.96043 0.433981 1.00677 -2.45473 0.536327 -2.06766e-17 4.97002 0.787173 -0.83487 0.464108 5.34325 1.26863 -7.82717 7.75148 5.17043 3.79902 3.13609 13.3291 3.34342 -3.36319 -71.9679 -0.521557 7.75419 30.0522 0.0615366 0.141 2.74582 -0.30691 -13.3448 24.9344 0.0510561 0.116988 0.287919 -56.5283 -1.52221 -1.26863 -7.82715 7.75138 -1.51511 3.8992 -2.74524 -13.3291 3.34342 -3.36319 64.8166 -10.5204 -5.6597 -30.0522 0.0615366 0.141 -2.8897 -0.341065 14.0558 -24.9344 0.0510559 0.116988 2.87092 -31.7411 5.89943 9.50369 -4.32711 2.09145 5.99958 -12.5427 -8.42716 -0.876987 -39.8926 -0.674123 -8.30594 28.7622 1.6184 -2.39345 -41.5694 -6.22357 -5.61635 -10.6221 16.0826 0.801613 -10.1701 12.8571 2.48481e-17 -7.95139e-16 1.2424e-17 -9.50369 -4.32711 2.09145 1.5029 -11.5649 25.1035 0.876987 -39.8926 -0.674123 8.27851 28.6816 -1.60664 2.39345 -41.5694 -6.22357 -4.18793 -11.8086 -15.8753 -0.801613 -10.1701 12.8571 -5.96354e-16 -5.59082e-16 -1.27471e-14 
-7.62408 91.908 -80.2515 1.37828 -2.08044 -3.30084 0 5.22546 -1.18466 -0.619056 3.1714 0.17441 0 5.77894 1.10239 -0.371317 2.44771 -0.0370051 -1.0557e-17 6.16289 0.118334 -0.235283 1.83822 0.0113971 -1.13649e-17 6.69386 -0.456341 -0.0416853 0.667214 -0.0515478 -2.02997e-17 7.82529 -1.54945 0.141285 -0.330178 -0.0765862 -2.60628e-17 9.77186 -0.940923 0.310661 -1.32074 -0.305652 -2.98794e-17 10.8563 1.62248 -0.0502058 0.754346 0.0990063 -1.32927e-17 4.92478 0.736013 0.527061 0.0649182 1.65991 -1.86396e-17 4.96043 0.433981 1.07313 -2.56576 0.62174 -2.06766e-17 4.97002 0.787173 -0.893126 0.316414 5.30647 1.26863 -7.82717 7.75148 6.5581 4.00529 3.14159 13.3291 3.34342 -3.36319 -71.1645 0.112853 7.55827 30.0522 0.0615366 0.141 2.85643 -0.333097 -13.8921 24.9344 0.0510561 0.116988 -0.424669 -58.7989 -1.79268 -1.26863 -7.82715 7.75138 -2.81371 3.91508 -2.83029 -13.3291 3.34342 -3.36319 63.8262 -10.5504 -5.73731 -30.0522 0.0615366 0.141 -3.05514 -0.382839 14.8773 -24.9344 0.0510559 0.116988 3.45044 -33.3648 5.67404 9.50369 -4.32711 2.09145 6.51441 -14.054 -8.5508 -0.876987 -39.8926 -0.674123 -9.61058 32.4541 2.21796 -2.39345 -41.5694 -6.22357 -5.98837 -10.8098 16.1342 0.801613 -10.1701 12.8571 4.22105e-16 -7.82724e-16 9.77501e-21 -9.50369 -4.32711 2.09145 2.01591 -12.4715 25.1781 0.876987 -39.8926 -0.674123 9.26289 31.4975 -2.0507 2.39345 -41.5694 -6.22357 -4.46178 -12.7037 -15.9673 -0.801613 -10.1701 12.8571 -5.96354e-16 -5.59082e-16 -1.27471e-14 
-7.98289 91.2086 -80.2508 1.39019 -2.71826 -3.537 0 5.22546 -1.18466 -0.671127 3.61516 0.1746 0 5.77894 1.10239 -0.409885 2.74197 -0.0387481 -1.0557e-17 6.16289 0.118334 -0.265968 2.002 0.0080979 -1.13649e-17 6.69386 -0.456341 -0.0546435 0.626818 -0.0618591 -2.02997e-17 7.82529 -1.54945 0.136274 -0.505763 -0.0816023 -2.60628e-17 9.77186 -0.940923 0.309551 -1.63914 -0.299508 -2.98794e-17 10.8563 1.62248 -0.0441482 0.756239 0.102586 -1.32927e-17 4.92478 0.736013 0.535681 0.565355 1.81604 -1.86396e-17 4.96043 0.433981 1.16954 -2.62328 0.691493 -2.06766e-17 4.97002 0.787173 -0.88756 0.163457 5.3512 1.26863 -7.82717 7.75148 8.3998 4.22338 3.12633 13.3291 3.34342 -3.36319 -70.3708 0.878624 7.3615 30.0522 0.0615366 0.141 3.00273 -0.369459 -14.6179 24.9344 0.0510561 0.116988 -1.20182 -61.2748 -2.00646 -1.26863 -7.82715 7.75138 -4.51073 3.90313 -2.92535 -13.3291 3.34342 -3.36319 62.7296 -10.3866 -5.78909 -30.0522 0.0615366 0.141 -3.23515 -0.431178 15.7746 -24.9344 0.0510559 0.116988 4.20178 -35.4356 5.48721 9.50369 -4.32711 2.09145 6.99023 -15.341 -8.51584 -0.876987 -39.8926 -0.674123 -10.9262 35.8944 2.89645 -2.39345 -41.5694 -6.22357 -6.29881 -10.9777 16.185 0.801613 -10.1701 12.8571 2.51609e-17 -7.95129e-16 1.24143e-17 -9.50369 -4.32711 2.09145 2.47171 -13.4145 25.1388 0.876987 -39.8926 -0.674123 10.3716 34.4786 -2.60193 2.39345 -41.5694 -6.22357 -4.63727 -13.5628 -16.0684 -0.801613 -10.1701 12.8571 -5.96354e-16 -5.59082e-16 -1.27471e-14 
-8.31029 90.4689 -80.2607 1.43602 -3.24943 -3.76818 0 5.22546 -1.18466 -0.716454 3.96888 0.176627 0 5.77894 1.10239 -0.440989 2.97874 -0.0358427 -1.0557e-17 6.16289 0.118334 -0.290564 2.13124 0.00910951 -1.13649e-17 6.69386 -0.456341 -0.0609291 0.595643 -0.0680371 -2.02997e-17 7.82529 -1.54945 0.1366 -0.655213 -0.0838451 -2.60628e-17 9.77186 -0.940923 0.311987 -1.93455 -0.289843 -2.98794e-17 10.8563 1.62248 -0.0365414 0.751202 0.107748 -1.32927e-17 4.92478 0.736013 0.536782 1.1308 1.97115 -1.86396e-17 4.96043 0.433981 1.28859 -2.67721 0.759883 -2.06766e-17 4.97002 0.787173 -0.925781 -0.0396979 5.37187 1.26863 -7.82717 7.75148 10.6842 4.41186 3.10442 13.3291 3.34342 -3.36319 -69.5989 1.63724 7.13242 30.0522 0.0615366 0.141 3.19341 -0.419822 -15.5674 24.9344 0.0510561 0.116988 -2.10709 -63.8544 -2.28099 -1.26863 -7.82715 7.75138 -6.60427 3.83934 -3.06076 -13.3291 3.34342 -3.36319 61.4146 -10.0118 -5.72982 -30.0522 0.0615366 0.141 -3.41786 -0.48335 16.6891 -24.9344 0.0510559 0.116988 5.18462 -38.1544 5.44437 9.50369 -4.32711 2.09145 7.43641 -16.5869 -8.38807 -0.876987 -39.8926 -0.674123 -12.2502 39.0766 3.64599 -2.39345 -41.5694 -6.22357 -6.64638 -11.1959 16.2325 0.801613 -10.1701 12.8571 2.48481e-17 -7.95139e-16 1.2424e-17 -9.50369 -4.32711 2.09145 2.8745 -14.5283 25.0878 0.876987 -39.8926 -0.674123 11.5871 37.5174 -3.26276 2.39345 -41.5694 -6.22357 -4.69248 -14.3511 -16.1713 -0.801613 -10.1701 12.8571 -5.96354e-16 -5.59082e-16 -1.27471e-14 
-8.63308 89.7026 -80.3152 1.52962 -3.63512 -3.94439 0 5.22546 -1.18466 -0.757776 4.21564 0.188155 0 5.77894 1.10239 -0.47132 3.14129 -0.0201499 -1.0557e-17 6.16289 0.118334 -0.317405 2.21208 0.0221139 -1.13649e-17 6.69386 -0.456341 -0.0708711 0.567529 -0.062212 -2.02997e-17 7.82529 -1.54945 0.13197 -0.784403 -0.074317 -2.60628e-17 9.77186 -0.940923 0.311394 -2.21102 -0.263757 -2.98794e-17 10.8563 1.62248 -0.0262815 0.741109 0.114037 -1.32927e-17 4.92478 0.736013 0.51751 1.75409 2.02041 -1.86396e-17 4.96043 0.433981 1.40133 -2.77877 0.778437 -2.06766e-17 4.97002 0.787173 -0.978552 -0.353642 5.42399 1.26863 -7.82717 7.75148 13.3202 4.55341 3.02323 13.3291 3.34342 -3.36319 -68.6374 2.45742 6.77662 30.0522 0.0615366 0.141 3.40735 -0.480381 -16.6376 24.9344 0.0510561 0.116988 -3.61528 -66.6765 -3.01669 -1.26863 -7.82715 7.75138 -9.14974 3.736 -3.23735 -13.3291 3.34342 -3.36319 59.844 -9.23685 -5.531 -30.0522 0.0615366 0.141 -3.58047 -0.532454 17.5065 -24.9344 0.0510559 0.116988 6.37475 -41.0017 5.39338 9.50369 -4.32711 2.09145 7.85846 -17.9369 -8.19592 -0.876987 -39.8926 -0.674123 -13.6227 42.0927 4.48544 -2.39345 -41.5694 -6.22357 -6.99634 -11.3552 16.285 0.801613 -10.1701 12.8571 -3.72408e-16 -8.07553e-16 2.48383e-17 -9.50369 -4.32711 2.09145 3.22089 -15.9239 24.9637 0.876987 -39.8926 -0.674123 12.9565 40.6636 -4.07055 2.39345 -41.5694 -6.22357 -4.60974 -14.9487 -16.2588 -0.801613 -10.1701 12.8571 -5.96354e-16 -5.59082e-16 -1.27471e-14 
-8.9691 88.9128 -80.4573 1.58118 -3.95676 -4.07601 0 5.22546 -1.18466 -0.782474 4.33208 0.215464 0 5.77894 1.10239 -0.488669 3.21853 0.0150713 -1.0557e-17 6.16289 0.118334 -0.335159 2.24399 0.0530199 -1.13649e-17 6.69386 -0.456341 -0.0752758 0.553392 -0.0379441 -2.02997e-17 7.82529 -1.54945 0.132271 -0.879561 -0.0479412 -2.60628e-17 9.77186 -0.940923 0.318097 -2.4468 -0.217907 -2.98794e-17 10.8563 1.62248 -0.013213 0.726773 0.124254 -1.32927e-17 4.92478 0.736013 0.487151 2.42991 1.94192 -1.86396e-17 4.96043 0.433981 1.55174 -2.94205 0.73759 -2.06766e-17 4.97002 0.787173 -1.05773 -0.753795 5.50796 1.26863 -7.82717 7.75148 16.2875 4.59514 2.90997 13.3291 3.34342 -3.36319 -67.4154 3.04466 6.20116 30.0522 0.0615366 0.141 3.65419 -0.555659 -17.8793 24.9344 0.0510561 0.116988 -4.79054 -68.8028 -3.26688 -1.26863 -7.82715 7.75138 -12.1105 3.56562 -3.50273 -13.3291 3.34342 -3.36319 57.8344 -8.48283 -5.15576 -30.0522 0.0615366 0.141 -3.70761 -0.572621 18.148 -24.9344 0.0510559 0.116988 7.58901 -43.3748 5.23258 9.50369 -4.32711 2.09145 8.3219 -19.2134 -7.9821 -0.876987 -39.8926 -0.674123 -14.9699 44.7912 5.36365 -2.39345 -41.5694 -6.22357 -7.17776 -11.6711 16.3291 0.801613 -10.1701 12.8571 2.45353e-17 -7.95148e-16 1.24338e-17 -9.50369 -4.32711 2.09145 3.65366 -17.4521 24.9024 0.876987 -39.8926 -0.674123 14.4437 43.7668 -5.01468 2.39345 -41.5694 -6.22357 -4.48813 -15.3313 -16.3268 -0.801613 -10.1701 12.8571 -5.96354e-16 -5.59082e-16 -1.27471e-14 
-9.33685 88.2229 -80.6272 1.58174 -4.47605 -3.97153 0 5.22546 -1.18466 -0.810239 4.30553 0.249907 0 5.77894 1.10239 -0.511608 3.21212 0.0559101 -1.0557e-17 6.16289 0.118334 -0.356724 2.25779 0.0869466 -1.13649e-17 6.69386 -0.456341 -0.0853044 0.626325 -0.00676153 -2.02997e-17 7.82529 -1.54945 0.130178 -0.861959 -0.014754 -2.60628e-17 9.77186 -0.940923 0.328647 -2.51973 -0.159064 -2.98794e-17 10.8563 1.62248 -0.00373389 0.704917 0.138409 -1.32927e-17 4.92478 0.736013 0.430666 3.20593 1.58876 -1.86396e-17 4.96043 0.433981 1.71171 -3.34759 0.572804 -2.06766e-17 4.97002 0.787173 -0.954983 -1.32639 5.6161 1.26863 -7.82717 7.75148 19.2273 4.39278 2.81587 13.3291 3.34342 -3.36319 -65.5872 2.86636 5.0603 30.0522 0.0615366 0.141 3.87329 -0.627427 -18.9885 24.9344 0.0510561 0.116988 -4.40572 -69.307 -1.94013 -1.26863 -7.82715 7.75138 -15.112 3.28665 -3.851 -13.3291 3.34342 -3.36319 55.2719 -7.92904 -4.57512 -30.0522 0.0615366 0.141 -3.70764 -0.572634 18.1481 -24.9344 0.0510559 0.116988 9.21777 -46.0858 5.72073 9.50369 -4.32711 2.09145 8.70069 -19.9199 -8.01664 -0.876987 -39.8926 -0.674123 -16.0395 46.7624 6.09477 -2.39345 -41.5694 -6.22357 -7.26545 -12.0984 16.3488 0.801613 -10.1701 12.8571 2.48481e-17 -7.95139e-16 1.2424e-17 -9.50369 -4.32711 2.09145 4.01443 -18.3776 24.6609 0.876987 -39.8926 -0.674123 15.7009 46.1541 -5.86029 2.39345 -41.5694 -6.22357 -4.49887 -15.6544 -16.3656 -0.801613 -10.1701 12.8571 -5.96354e-16 -5.59082e-16 -1.27471e-14 
-9.74465 87.9097 -80.7829 1.54261 -5.63734 -3.6627 0 5.22546 -1.18466 -0.855821 4.09231 0.303727 0 5.77894 1.10239 -0.556202 3.11747 0.110513 -1.0557e-17 6.16289 0.118334 -0.392044 2.31651 0.134728 -1.13649e-17 6.69386 -0.456341 -0.109362 0.942003 0.0461725 -2.02997e-17 7.82529 -1.54945 0.1272 -0.528651 0.0414619 -2.60628e-17 9.77186 -0.940923 0.353926 -2.14495 -0.0784197 -2.98794e-17 10.8563 1.62248 0.000148591 0.660807 0.14987 -1.32927e-17 4.92478 0.736013 0.371976 4.22643 1.07487 -1.86396e-17 4.96043 0.433981 1.88213 -4.0577 0.341424 -2.06766e-17 4.97002 0.787173 -0.778773 -2.1611 5.62297 1.26863 -7.82717 7.75148 21.507 3.78786 2.82018 13.3291 3.34342 -3.36319 -62.7251 2.01663 2.91742 30.0522 0.0615366 0.141 3.94504 -0.651954 -19.3532 24.9344 0.0510561 0.116988 -3.80345 -68.9766 -0.469113 -1.26863 -7.82715 7.75138 -17.5423 2.74128 -4.25572 -13.3291 3.34342 -3.36319 52.0035 -7.89192 -3.56147 -30.0522 0.0615366 0.141 -3.58061 -0.532508 17.5071 -24.9344 0.0510559 0.116988 10.9236 -49.2803 6.67381 9.50369 -4.32711 2.09145 8.81436 -19.3106 -8.51882 -0.876987 -39.8926 -0.674123 -16.4329 47.4516 6.37055 -2.39345 -41.5694 -6.22357 -7.37701 -12.1769 16.3995 0.801613 -10.1701 12.8571 2.48481e-17 -7.95139e-16 1.2424e-17 -9.50369 -4.32711 2.09145 4.15333 -17.6642 24.214 0.876987 -39.8926 -0.674123 16.1174 46.9004 -6.14912 2.39345 -41.5694 -6.22357 -4.72079 -15.8934 -16.3548 -0.801613 -10.1701 12.8571 -5.96354e-16 -5.59082e-16 -1.27471e-14 
-10.2459 88.1755 -80.8104 1.53657 -6.51408 -3.51361 0 5.22546 -1.18466 -0.921234 3.2605 0.393146 0 5.77894 1.10239 -0.630276 2.63018 0.193164 -1.0557e-17 6.16289 0.118334 -0.448365 2.22833 0.213077 -1.13649e-17 6.69386 -0.456341 -0.155266 1.49853 0.137526 -2.02997e-17 7.82529 -1.54945 0.117473 0.284004 0.138537 -2.60628e-17 9.77186 -0.940923 0.392778 -1.08937 0.0377306 -2.98794e-17 10.8563 1.62248 0.00322564 0.567613 0.149626 -1.32927e-17 4.92478 0.736013 0.332138 5.46269 0.67726 -1.86396e-17 4.96043 0.433981 2.10085 -4.8876 0.171272 -2.06766e-17 4.97002 0.787173 -0.68929 -3.54168 5.57901 1.26863 -7.82717 7.75148 22.7426 2.67776 3.11157 13.3291 3.34342 -3.36319 -58.9533 0.448319 -0.174886 30.0522 0.0615366 0.141 3.88148 -0.630199 -19.0301 24.9344 0.0510561 0.116988 -3.46663 -68.837 0.461463 -1.26863 -7.82715 7.75138 -19.0325 1.75393 -4.83772 -13.3291 3.34342 -3.36319 48.2903 -8.79285 -1.84082 -30.0522 0.0615366 0.141 -3.44463 -0.491276 16.8233 -24.9344 0.0510559 0.116988 11.7497 -52.2784 7.29312 9.50369 -4.32711 2.09145 8.70807 -18.0393 -9.30323 -0.876987 -39.8926 -0.674123 -15.9441 46.5925 6.02844 -2.39345 -41.5694 -6.22357 -7.52355 -11.6279 16.5352 0.801613 -10.1701 12.8571 2.48481e-17 -7.95139e-16 1.2424e-17 -9.50369 -4.32711 2.09145 4.24657 -15.9445 24.1361 0.876987 -39.8926 -0.674123 15.3946 45.5914 -5.65056 2.39345 -41.5694 -6.22357 -4.96938 -16.0284 -16.3092 -0.801613 -10.1701 12.8571 -5.96354e-16 -5.59082e-16 -1.27471e-14 
-10.7626 89.0295 -80.5115 1.52961 -5.9632 -3.25843 0 5.22546 -1.18466 -0.957878 1.58762 0.470353 0 5.77894 1.10239 -0.689687 1.52313 0.267017 -1.0557e-17 6.16289 0.118334 -0.494967 1.7614 0.284319 -1.13649e-17 6.69386 -0.456341 -0.204694 2.06503 0.226953 -2.02997e-17 7.82529 -1.54945 0.0927229 1.39761 0.23059 -2.60628e-17 9.77186 -0.940923 0.407973 0.446813 0.154902 -2.98794e-17 10.8563 1.62248 0.00499362 0.434291 0.142569 -1.32927e-17 4.92478 0.736013 0.327045 6.66482 0.270938 -1.86396e-17 4.96043 0.433981 2.30088 -5.53765 -0.00218267 -2.06766e-17 4.97002 0.787173 -0.372973 -5.09064 5.60849 1.26863 -7.82717 7.75148 22.6684 1.15692 3.68969 13.3291 3.34342 -3.36319 -54.5082 -1.99077 -3.72538 30.0522 0.0615366 0.141 3.82189 -0.610172 -18.7278 24.9344 0.0510561 0.116988 -2.96756 -68.8296 1.07704 -1.26863 -7.82715 7.75138 -19.593 0.445976 -5.52115 -13.3291 3.34342 -3.36319 44.3633 -10.8148 0.0517923 -30.0522 0.0615366 0.141 -3.41886 -0.483662 16.6939 -24.9344 0.0510559 0.116988 11.3591 -54.6717 7.09099 9.50369 -4.32711 2.09145 8.58684 -17.1872 -9.88769 -0.876987 -39.8926 -0.674123 -14.6778 44.2273 5.16907 -2.39345 -41.5694 -6.22357 -7.32589 -10.4624 16.6963 0.801613 -10.1701 12.8571 2.48481e-17 -7.95139e-16 1.2424e-17 -9.50369 -4.32711 2.09145 4.17146 -14.3099 24.0134 0.876987 -39.8926 -0.674123 13.686 42.2251 -4.52554 2.39345 -41.5694 -6.22357 -4.96236 -15.9878 -16.2359 -0.801613 -10.1701 12.8571 -5.96354e-16 -5.59082e-16 -1.27471e-14 
-11.0858 90.4551 -80.0271 1.35238 -5.50928 -2.92127 0 5.22546 -1.18466 -0.886069 -0.107638 0.557596 0 5.77894 1.10239 -0.666059 0.340839 0.368689 -1.0557e-17 6.16289 0.118334 -0.488582 1.21489 0.384361 -1.13649e-17 6.69386 -0.456341 -0.239298 2.50211 0.347772 -2.02997e-17 7.82529 -1.54945 0.0582564 2.40215 0.34684 -2.60628e-17 9.77186 -0.940923 0.390666 1.91011 0.299311 -2.98794e-17 10.8563 1.62248 -0.00230756 0.327965 0.14313 -1.32927e-17 4.92478 0.736013 0.349318 7.62739 -0.179284 -1.86396e-17 4.96043 0.433981 2.38305 -5.82379 -0.200701 -2.06766e-17 4.97002 0.787173 0.155856 -5.46905 5.39417 1.26863 -7.82717 7.75148 21.3672 -0.420459 4.23427 13.3291 3.34342 -3.36319 -49.6562 -5.0077 -7.43478 30.0522 0.0615366 0.141 3.83678 -0.615146 -18.8033 24.9344 0.0510561 0.116988 -2.06331 -68.2484 1.85342 -1.26863 -7.82715 7.75138 -19.5718 -0.772816 -6.05578 -13.3291 3.34342 -3.36319 40.1719 -13.4362 1.40853 -30.0522 0.0615366 0.141 -3.50389 -0.509028 17.1209 -24.9344 0.0510559 0.116988 10.443 -56.1161 6.35571 9.50369 -4.32711 2.09145 8.39934 -15.1736 -10.4414 -0.876987 -39.8926 -0.674123 -12.6614 40.0097 3.89119 -2.39345 -41.5694 -6.22357 -6.93988 -8.54446 16.8392 0.801613 -10.1701 12.8571 4.221e-16 -7.82725e-16 9.923e-21 -9.50369 -4.32711 2.09145 3.85234 -11.8078 23.4026 0.876987 -39.8926 -0.674123 11.4789 37.2564 -3.20167 2.39345 -41.5694 -6.22357 -4.55678 -14.3365 -15.9528 -0.801613 -10.1701 12.8571 -5.96354e-16 -5.59082e-16 -1.27471e-14 
-11.1218 92.28 -79.565 0.973152 -5.1828 -2.75849 0 5.22546 -1.18466 -0.656351 -1.53819 0.635345 0 5.77894 1.10239 -0.499588 -0.677498 0.482769 -1.0557e-17 6.16289 0.118334 -0.373243 0.745765 0.499399 -1.13649e-17 6.69386 -0.456341 -0.198901 2.85542 0.483048 -2.02997e-17 7.82529 -1.54945 0.0659633 3.26794 0.466043 -2.60628e-17 9.77186 -0.940923 0.377519 3.18563 0.433018 -2.98794e-17 10.8563 1.62248 -0.0126842 0.250763 0.150814 -1.32927e-17 4.92478 0.736013 0.379862 8.62578 -0.452677 -1.86396e-17 4.96043 0.433981 2.3814 -5.83505 -0.322192 -2.06766e-17 4.97002 0.787173 0.391774 -5.3722 4.90375 1.26863 -7.82717 7.75148 19.8413 -1.91879 4.83543 13.3291 3.34342 -3.36319 -46.402 -8.21402 -11.1948 30.0522 0.0615366 0.141 4.00013 -0.671144 -19.6339 24.9344 0.0510561 0.116988 -0.411956 -66.9386 2.6669 -1.26863 -7.82715 7.75138 -19.4694 -1.91563 -6.53944 -13.3291 3.34342 -3.36319 36.6017 -16.5536 2.83529 -30.0522 0.0615366 0.141 -3.73674 -0.582051 18.295 -24.9344 0.0510559 0.116988 8.43148 -55.5645 4.84595 9.50369 -4.32711 2.09145 8.26044 -12.3145 -10.8558 -0.876987 -39.8926 -0.674123 -10.3215 34.3482 2.57591 -2.39345 -41.5694 -6.22357 -6.83133 -5.72974 17.0113 0.801613 -10.1701 12.8571 1.61417e-15 -7.33058e-16 -4.96565e-17 -9.50369 -4.32711 2.09145 3.55675 -9.39735 22.6621 0.876987 -39.8926 -0.674123 9.46139 32.046 -2.14554 2.39345 -41.5694 -6.22357 -3.10975 -10.4116 -15.5386 -0.801613 -10.1701 12.8571 5.95401e-16 -6.21152e-16 -1.27967e-14 
-10.9424 94.5428 -79.0329 0.514018 -4.60691 -2.75403 0 5.22546 -1.18466 -0.374227 -2.79585 0.702078 0 5.77894 1.10239 -0.285404 -1.60314 0.594585 -1.0557e-17 6.16289 0.118334 -0.224014 0.296238 0.611985 -1.13649e-17 6.69386 -0.456341 -0.134542 3.12068 0.613914 -2.02997e-17 7.82529 -1.54945 0.0811274 3.99548 0.577121 -2.60628e-17 9.77186 -0.940923 0.352627 4.26683 0.551517 -2.98794e-17 10.8563 1.62248 -0.0225964 0.186775 0.162615 -1.32927e-17 4.92478 0.736013 0.368128 9.75656 -0.503713 -1.86396e-17 4.96043 0.433981 2.31694 -5.6193 -0.344949 -2.06766e-17 4.97002 0.787173 0.587477 -5.22819 4.17814 1.26863 -7.82717 7.75148 18.5309 -3.30586 5.46778 13.3291 3.34342 -3.36319 -44.9128 -11.9104 -14.5765 30.0522 0.0615366 0.141 4.34935 -0.799846 -21.4236 24.9344 0.0510561 0.116988 0.805352 -64.2925 2.72953 -1.26863 -7.82715 7.75138 -19.3088 -3.00269 -6.92147 -13.3291 3.34342 -3.36319 33.8559 -20.2927 4.56552 -30.0522 0.0615366 0.141 -4.05364 -0.689959 19.9052 -24.9344 0.0510559 0.116988 6.13299 -52.7819 3.24002 9.50369 -4.32711 2.09145 8.12527 -9.28732 -11.2255 -0.876987 -39.8926 -0.674123 -7.90002 27.5567 1.44802 -2.39345 -41.5694 -6.22357 -7.59108 -0.887111 17.3889 0.801613 -10.1701 12.8571 1.61513e-15 -7.33018e-16 -4.96962e-17 -9.50369 -4.32711 2.09145 3.08063 -7.28797 21.2716 0.876987 -39.8926 -0.674123 7.507 26.3643 -1.29078 2.39345 -41.5694 -6.22357 -0.637519 -4.1701 -15.1692 -0.801613 -10.1701 12.8571 -5.95401e-16 -5.59131e-16 -1.27471e-14 
-10.6602 96.933 -78.3938 0.154486 -3.60786 -2.72997 0 5.22546 -1.18466 -0.0757554 -3.98945 0.758188 0 5.77894 1.10239 -0.0502717 -2.52528 0.698361 -1.0557e-17 6.16289 0.118334 -0.0624779 -0.219075 0.716773 -1.13649e-17 6.69386 -0.456341 -0.0665071 3.21537 0.732959 -2.02997e-17 7.82529 -1.54945 0.0900909 4.4991 0.67424 -2.60628e-17 9.77186 -0.940923 0.309382 5.06284 0.656629 -2.98794e-17 10.8563 1.62248 -0.0266645 0.144721 0.174662 -1.32927e-17 4.92478 0.736013 0.362609 10.7412 -0.651645 -1.86396e-17 4.96043 0.433981 2.16841 -5.07672 -0.417898 -2.06766e-17 4.97002 0.787173 0.737075 -4.80845 3.53244 1.26863 -7.82717 7.75148 17.4569 -4.47973 6.09065 13.3291 3.34342 -3.36319 -44.6385 -15.3793 -17.4467 30.0522 0.0615366 0.141 4.89643 -1.02699 -24.2705 24.9344 0.0510561 0.116988 1.21059 -60.7248 2.1412 -1.26863 -7.82715 7.75138 -19.3345 -3.88075 -7.32107 -13.3291 3.34342 -3.36319 32.0084 -23.5833 6.33489 -30.0522 0.0615366 0.141 -4.4484 -0.838514 21.9332 -24.9344 0.0510559 0.116988 4.28748 -49.0868 2.49637 9.50369 -4.32711 2.09145 7.99516 -6.98515 -11.4414 -0.876987 -39.8926 -0.674123 -5.75684 20.764 0.688528 -2.39345 -41.5694 -6.22357 -9.06508 6.23113 18.0012 0.801613 -10.1701 12.8571 -7.68385e-16 -8.32331e-16 4.96168e-17 -9.50369 -4.32711 2.09145 2.58934 -5.54023 19.5349 0.876987 -39.8926 -0.674123 5.59351 20.2185 -0.640903 2.39345 -41.5694 -6.22357 1.56295 3.8114 -14.8091 -0.801613 -10.1701 12.8571 9.92653e-16 -6.33567e-16 -1.28091e-14 
-10.4322 99.2355 -77.8006 -0.0324393 -2.1331 -2.59426 0 5.22546 -1.18466 0.140462 -4.95955 0.744035 0 5.77894 1.10239 0.132818 -3.32672 0.723079 -1.0557e-17 6.16289 0.118334 0.0673274 -0.748824 0.749346 -1.13649e-17 6.69386 -0.456341 -0.00590778 3.09829 0.777157 -2.02997e-17 7.82529 -1.54945 0.096385 4.6744 0.700303 -2.60628e-17 9.77186 -0.940923 0.259033 5.43521 0.686442 -2.98794e-17 10.8563 1.62248 -0.0215779 0.138241 0.176976 -1.32927e-17 4.92478 0.736013 0.396061 11.5145 -0.933379 -1.86396e-17 4.96043 0.433981 1.96011 -4.23538 -0.554923 -2.06766e-17 4.97002 0.787173 0.798869 -4.04059 3.37878 1.26863 -7.82717 7.75148 16.7774 -5.30783 6.74739 13.3291 3.34342 -3.36319 -44.9421 -17.8935 -19.7351 30.0522 0.0615366 0.141 5.63738 -1.38754 -28.2274 24.9344 0.0510561 0.116988 1.47906 -57.4179 1.68953 -1.26863 -7.82715 7.75138 -19.6992 -4.46438 -7.80614 -13.3291 3.34342 -3.36319 31.1229 -25.8189 7.79907 -30.0522 0.0615366 0.141 -5.09361 -1.1167 25.3094 -24.9344 0.0510559 0.116988 2.93597 -45.8227 2.24169 9.50369 -4.32711 2.09145 8.00587 -5.82248 -10.7811 -0.876987 -39.8926 -0.674123 -3.91743 14.424 0.242658 -2.39345 -41.5694 -6.22357 -11.4313 15.3182 19.0732 0.801613 -10.1701 12.8571 2.4213e-17 -7.95168e-16 1.24538e-17 -9.50369 -4.32711 2.09145 1.85904 -5.31175 17.9876 0.876987 -39.8926 -0.674123 4.38207 16.0637 -0.336174 2.39345 -41.5694 -6.22357 3.24653 8.78413 -14.8672 -0.801613 -10.1701 12.8571 -2.58134e-15 -4.84657e-16 -1.26602e-14 
-10.3375 101.41 -77.3109 -0.209044 0.176688 -2.32969 0 5.22546 -1.18466 0.273979 -5.69901 0.687028 0 5.77894 1.10239 0.260644 -4.00394 0.695307 -1.0557e-17 6.16289 0.118334 0.164186 -1.29868 0.737473 -1.13649e-17 6.69386 -0.456341 0.0475615 2.75919 0.776491 -2.02997e-17 7.82529 -1.54945 0.107677 4.4932 0.683647 -2.60628e-17 9.77186 -0.940923 0.220037 5.33596 0.665226 -2.98794e-17 10.8563 1.62248 -0.00349053 0.163 0.181159 -1.32927e-17 4.92478 0.736013 0.422472 12.0244 -0.921493 -1.86396e-17 4.96043 0.433981 1.83154 -3.19366 -0.553924 -2.06766e-17 4.97002 0.787173 0.673657 -3.17194 2.95299 1.26863 -7.82717 7.75148 16.8265 -5.75485 7.55882 13.3291 3.34342 -3.36319 -45.8401 -19.1332 -20.974 30.0522 0.0615366 0.141 6.68232 -2.0114 -34.0641 24.9344 0.0510561 0.116988 2.36748 -55.1733 1.90849 -1.26863 -7.82715 7.75138 -20.5407 -4.68355 -8.36461 -13.3291 3.34342 -3.36319 31.0521 -27.3412 8.58826 -30.0522 0.0615366 0.141 -6.01833 -1.5983 30.3142 -24.9344 0.0510559 0.116988 1.78429 -43.3313 1.87373 9.50369 -4.32711 2.09145 8.63289 -6.98132 -9.56798 -0.876987 -39.8926 -0.674123 -2.95217 10.95 0.091266 -2.39345 -41.5694 -6.22357 -12.8764 20.2794 19.8086 0.801613 -10.1701 12.8571 -1.13961e-14 -2.07379e-15 1.31591e-15 -9.50369 -4.32711 2.09145 0.601953 -7.70081 16.5886 0.876987 -39.8926 -0.674123 4.35951 15.9846 -0.331329 2.39345 -41.5694 -6.22357 1.75384 4.46263 -14.9778 -0.801613 -10.1701 12.8571 -2.0069e-16 -5.83851e-16 -1.27594e-14 
-10.307 103.47 -76.8366 -0.43726 3.20215 -1.88191 0 5.22546 -1.18466 0.334719 -6.48454 0.601178 0 5.77894 1.10239 0.334257 -4.75068 0.620112 -1.0557e-17 6.16289 0.118334 0.223841 -1.91513 0.683427 -1.13649e-17 6.69386 -0.456341 0.0816606 2.37362 0.7328 -2.02997e-17 7.82529 -1.54945 0.108177 4.29167 0.63153 -2.60628e-17 9.77186 -0.940923 0.175462 5.19574 0.61212 -2.98794e-17 10.8563 1.62248 0.0199573 0.17642 0.177437 -1.32927e-17 4.92478 0.736013 0.425827 12.2724 -0.717811 -1.86396e-17 4.96043 0.433981 1.71091 -2.14561 -0.464841 -2.06766e-17 4.97002 0.787173 0.601383 -2.39769 2.42428 1.26863 -7.82717 7.75148 17.4567 -6.03185 8.51804 13.3291 3.34342 -3.36319 -46.9284 -20.0342 -21.2411 30.0522 0.0615366 0.141 7.98866 -3.02084 -41.9674 24.9344 0.0510561 0.116988 4.00081 -53.3777 3.40312 -1.26863 -7.82715 7.75138 -21.6902 -4.71849 -8.99341 -13.3291 3.34342 -3.36319 31.4363 -28.285 8.8503 -30.0522 0.0615366 0.141 -7.13826 -2.33152 36.7298 -24.9344 0.0510559 0.116988 0.317355 -41.7428 0.791419 9.50369 -4.32711 2.09145 10.3927 -10.8147 -9.26134 -0.876987 -39.8926 -0.674123 -3.41988 12.6437 0.157313 -2.39345 -41.5694 -6.22357 -11.03 13.0609 18.685 0.801613 -10.1701 12.8571 4.78274e-15 -5.97535e-16 -1.8516e-16 -9.50369 -4.32711 2.09145 -0.497879 -10.8007 16.1299 0.876987 -39.8926 -0.674123 4.23013 15.53 -0.304139 2.39345 -41.5694 -6.22357 1.01498 0.979653 -15.2709 -0.801613 -10.1701 12.8571 -1.78779e-15 -5.09445e-16 -1.26974e-14 
-10.2954 105.26 -76.3793 -0.610979 5.72094 -1.51117 0 5.22546 -1.18466 0.26397 -7.26251 0.504264 0 5.77894 1.10239 0.287389 -5.49391 0.503817 -1.0557e-17 6.16289 0.118334 0.192406 -2.46364 0.589566 -1.13649e-17 6.69386 -0.456341 0.0546876 2.15095 0.647029 -2.02997e-17 7.82529 -1.54945 0.0699578 4.31556 0.552708 -2.60628e-17 9.77186 -0.940923 0.111402 5.3176 0.54281 -2.98794e-17 10.8563 1.62248 0.0460954 0.159455 0.151727 -1.32927e-17 4.92478 0.736013 0.365261 12.5891 -0.14571 -1.86396e-17 4.96043 0.433981 1.50865 -1.63445 -0.20197 -2.06766e-17 4.97002 0.787173 0.87523 -1.896 1.81327 1.26863 -7.82717 7.75148 18.4615 -6.31836 9.52618 13.3291 3.34342 -3.36319 -47.902 -21.1964 -21.0862 30.0522 0.0615366 0.141 9.251 -4.32573 -50.6393 24.9344 0.0510561 0.116988 5.51571 -50.8603 5.22249 -1.26863 -7.82715 7.75138 -22.9967 -4.84635 -9.61958 -13.3291 3.34342 -3.36319 32.2276 -29.1492 9.07332 -30.0522 0.0615366 0.141 -8.28732 -3.29532 43.9033 -24.9344 0.0510559 0.116988 -1.10216 -40.5077 -1.04529 9.50369 -4.32711 2.09145 12.0441 -13.7072 -9.83545 -0.876987 -39.8926 -0.674123 -3.57683 13.2078 0.182565 -2.39345 -41.5694 -6.22357 -10.5202 7.74073 18.1627 0.801613 -10.1701 12.8571 -6.72462e-15 -1.09292e-15 2.9779e-16 -9.50369 -4.32711 2.09145 -1.57334 -12.7524 15.3174 0.876987 -39.8926 -0.674123 3.80107 14.0098 -0.221317 2.39345 -41.5694 -6.22357 2.34911 0.399101 -15.6609 -0.801613 -10.1701 12.8571 1.38895e-15 -6.45941e-16 -1.28339e-14 
-10.3075 106.649 -75.8615 -0.624214 6.55232 -1.63766 0 5.22546 -1.18466 0.179462 -7.72632 0.459596 0 5.77894 1.10239 0.218154 -5.93456 0.434041 -1.0557e-17 6.16289 0.118334 0.143513 -2.72554 0.535649 -1.13649e-17 6.69386 -0.456341 0.0159492 2.14549 0.596458 -2.02997e-17 7.82529 -1.54945 0.0402159 4.50006 0.5104 -2.60628e-17 9.77186 -0.940923 0.0798509 5.59022 0.502128 -2.98794e-17 10.8563 1.62248 0.0749596 0.135736 0.115138 -1.32927e-17 4.92478 0.736013 0.30944 12.8495 0.562497 -1.86396e-17 4.96043 0.433981 1.37572 -2.15967 0.131526 -2.06766e-17 4.97002 0.787173 0.822559 -1.95369 1.09033 1.26863 -7.82717 7.75148 19.737 -6.5334 10.4451 13.3291 3.34342 -3.36319 -48.3361 -22.0166 -21.0969 30.0522 0.0615366 0.141 10.1832 -5.60991 -58.2045 24.9344 0.0510561 0.116988 6.55532 -48.4886 6.4622 -1.26863 -7.82715 7.75138 -24.4016 -5.02832 -10.318 -13.3291 3.34342 -3.36319 33.2379 -29.9792 9.77996 -30.0522 0.0615366 0.141 -9.25388 -4.32908 50.6588 -24.9344 0.0510559 0.116988 -1.85139 -39.228 -2.51827 9.50369 -4.32711 2.09145 13.3109 -14.0562 -9.5769 -0.876987 -39.8926 -0.674123 -3.368 12.4568 0.149305 -2.39345 -41.5694 -6.22357 -11.2154 6.14663 18.1238 0.801613 -10.1701 12.8571 1.60846e-15 -7.33306e-16 -4.94183e-17 -9.50369 -4.32711 2.09145 -2.43411 -12.9163 15.0257 0.876987 -39.8926 -0.674123 3.38722 12.526 -0.152251 2.39345 -41.5694 -6.22357 3.44217 1.37353 -15.835 -0.801613 -10.1701 12.8571 -1.38927e-15 -5.34323e-16 -1.27099e-14 
-10.3453 107.448 -75.3997 -0.593081 6.54889 -2.07676 0 5.22546 -1.18466 0.1001 -7.72874 0.438808 0 5.77894 1.10239 0.151872 -5.95755 0.390558 -1.0557e-17 6.16289 0.118334 0.103328 -2.69732 0.503085 -1.13649e-17 6.69386 -0.456341 -0.0012817 2.23328 0.562593 -2.02997e-17 7.82529 -1.54945 0.04665 4.63628 0.48239 -2.60628e-17 9.77186 -0.940923 0.103107 5.73883 0.460738 -2.98794e-17 10.8563 1.62248 0.103001 0.126918 0.0797962 -1.32927e-17 4.92478 0.736013 0.30496 13.3669 0.892665 -1.86396e-17 4.96043 0.433981 1.42116 -2.82621 0.293744 -2.06766e-17 4.97002 0.787173 0.470527 -2.64464 1.08397 1.26863 -7.82717 7.75148 21.4928 -6.54224 11.3239 13.3291 3.34342 -3.36319 -48.6706 -22.758 -21.1499 30.0522 0.0615366 0.141 10.8784 -6.8747 -65.0816 24.9344 0.0510561 0.116988 7.6737 -47.0588 7.41118 -1.26863 -7.82715 7.75138 -25.9411 -5.14741 -11.1232 -13.3291 3.34342 -3.36319 34.4969 -31.1551 11.275 -30.0522 0.0615366 0.141 -9.98867 -5.31094 56.5044 -24.9344 0.0510559 0.116988 -2.0247 -37.5936 -3.2133 9.50369 -4.32711 2.09145 14.5459 -13.0853 -8.00082 -0.876987 -39.8926 -0.674123 -3.07365 11.3916 0.107088 -2.39345 -41.5694 -6.22357 -12.2355 5.2197 18.1157 0.801613 -10.1701 12.8571 -2.35739e-15 -8.94402e-16 1.11687e-16 -9.50369 -4.32711 2.09145 -2.8948 -12.6542 16.4459 0.876987 -39.8926 -0.674123 3.22542 11.9417 -0.128171 2.39345 -41.5694 -6.22357 4.60388 2.17012 -16.0694 -0.801613 -10.1701 12.8571 5.94766e-16 -6.21133e-16 -1.27967e-14 
-10.4005 107.599 -74.8831 -0.638129 6.67012 -2.45631 0 5.22546 -1.18466 -0.0348461 -7.38258 0.423855 0 5.77894 1.10239 0.0361576 -5.68918 0.348248 -1.0557e-17 6.16289 0.118334 0.0292089 -2.54009 0.473433 -1.13649e-17 6.69386 -0.456341 -0.032788 2.23297 0.529512 -2.02997e-17 7.82529 -1.54945 0.0573265 4.53304 0.45851 -2.60628e-17 9.77186 -0.940923 0.150977 5.55372 0.416328 -2.98794e-17 10.8563 1.62248 0.129107 0.15156 0.0505398 -1.32927e-17 4.92478 0.736013 0.307856 14.08 1.13834 -1.86396e-17 4.96043 0.433981 1.58359 -2.63685 0.420947 -2.06766e-17 4.97002 0.787173 0.433543 -3.01163 1.26591 1.26863 -7.82717 7.75148 23.4938 -6.28594 12.0933 13.3291 3.34342 -3.36319 -49.0584 -23.7511 -20.9706 30.0522 0.0615366 0.141 11.3989 -8.15749 -71.6832 24.9344 0.0510561 0.116988 8.35404 -46.2145 7.38073 -1.26863 -7.82715 7.75138 -27.475 -5.05226 -11.9329 -13.3291 3.34342 -3.36319 36.0304 -32.7252 12.7942 -30.0522 0.0615366 0.141 -10.5902 -6.30619 62.0446 -24.9344 0.0510559 0.116988 -2.11684 -35.7721 -3.35068 9.50369 -4.32711 2.09145 15.8558 -11.9936 -5.60769 -0.876987 -39.8926 -0.674123 -2.81009 10.432 0.0739528 -2.39345 -41.5694 -6.22357 -13.1794 3.9313 17.9417 0.801613 -10.1701 12.8571 -4.34683e-15 -9.8143e-16 1.98715e-16 -9.50369 -4.32711 2.09145 -3.01501 -12.4391 18.9124 0.876987 -39.8926 -0.674123 3.20215 11.8575 -0.124844 2.39345 -41.5694 -6.22357 5.56008 1.93409 -16.2669 -0.801613 -10.1701 12.8571 -9.92653e-16 -5.46717e-16 -1.27223e-14 
-10.395 107.318 -74.2601 -0.621166 5.95936 -2.60809 0 5.22546 -1.18466 -0.193971 -6.70093 0.403533 0 5.77894 1.10239 -0.0980839 -5.12836 0.297786 -1.0557e-17 6.16289 0.118334 -0.0598777 -2.23079 0.43665 -1.13649e-17 6.69386 -0.456341 -0.0739715 2.17856 0.485906 -2.02997e-17 7.82529 -1.54945 0.0621869 4.24253 0.426201 -2.60628e-17 9.77186 -0.940923 0.198675 5.09843 0.365823 -2.98794e-17 10.8563 1.62248 0.144976 0.216018 0.0281625 -1.32927e-17 4.92478 0.736013 0.341723 14.8473 1.2733 -1.86396e-17 4.96043 0.433981 1.70794 -1.68195 0.497293 -2.06766e-17 4.97002 0.787173 0.523419 -2.14605 1.44039 1.26863 -7.82717 7.75148 25.3022 -5.84133 12.7128 13.3291 3.34342 -3.36319 -49.2151 -24.8706 -20.6118 30.0522 0.0615366 0.141 11.7434 -9.37863 -77.7453 24.9344 0.0510561 0.116988 8.06768 -45.5391 6.21195 -1.26863 -7.82715 7.75138 -28.9878 -4.72398 -12.7002 -13.3291 3.34342 -3.36319 37.1434 -33.869 13.5104 -30.0522 0.0615366 0.141 -11.0906 -7.34801 67.5518 -24.9344 0.0510559 0.116988 -2.00436 -34.8403 -2.68033 9.50369 -4.32711 2.09145 16.8318 -10.1193 -3.64058 -0.876987 -39.8926 -0.674123 -2.57562 9.57402 0.0482051 -2.39345 -41.5694 -6.22357 -14.0803 3.07334 17.7528 0.801613 -10.1701 12.8571 -5.93742e-15 -1.05598e-15 2.73269e-16 -9.50369 -4.32711 2.09145 -3.05156 -11.2393 21.9578 0.876987 -39.8926 -0.674123 3.23897 11.9907 -0.130124 2.39345 -41.5694 -6.22357 6.12699 1.50687 -16.3548 -0.801613 -10.1701 12.8571 -2.18568e-15 -4.97001e-16 -1.26726e-14 
-10.3298 106.567 -73.5723 -0.552938 4.86361 -2.55096 0 5.22546 -1.18466 -0.301195 -5.71102 0.369082 0 5.77894 1.10239 -0.183089 -4.31775 0.239239 -1.0557e-17 6.16289 0.118334 -0.111878 -1.80393 0.391006 -1.13649e-17 6.69386 -0.456341 -0.089949 2.04736 0.43326 -2.02997e-17 7.82529 -1.54945 0.0752218 3.75301 0.381492 -2.60628e-17 9.77186 -0.940923 0.238707 4.35838 0.308224 -2.98794e-17 10.8563 1.62248 0.151313 0.315632 0.0203659 -1.32927e-17 4.92478 0.736013 0.368661 15.3956 1.34385 -1.86396e-17 4.96043 0.433981 1.68617 -0.63318 0.542437 -2.06766e-17 4.97002 0.787173 0.439927 -0.799597 1.39172 1.26863 -7.82717 7.75148 27.0235 -5.19481 13.2693 13.3291 3.34342 -3.36319 -49.3643 -25.8906 -19.7467 30.0522 0.0615366 0.141 11.9589 -10.6524 -83.9362 24.9344 0.0510561 0.116988 7.81695 -45.1875 4.55989 -1.26863 -7.82715 7.75138 -30.4844 -4.14916 -13.3936 -13.3291 3.34342 -3.36319 37.5626 -34.8486 13.2731 -30.0522 0.0615366 0.141 -11.5148 -8.51613 73.4807 -24.9344 0.0510559 0.116988 -1.8554 -34.9993 -1.51999 9.50369 -4.32711 2.09145 17.5227 -8.21997 -3.28363 -0.876987 -39.8926 -0.674123 -2.49742 9.28705 0.0404022 -2.39345 -41.5694 -6.22357 -14.8651 1.9961 17.5213 0.801613 -10.1701 12.8571 -1.56892e-15 -8.69832e-16 8.71171e-17 -9.50369 -4.32711 2.09145 -3.04671 -9.63045 25.0618 0.876987 -39.8926 -0.674123 3.40851 12.6028 -0.155542 2.39345 -41.5694 -6.22357 6.88497 0.451286 -16.4984 -0.801613 -10.1701 12.8571 -5.97624e-16 -5.59032e-16 -1.2747e-14 
-10.279 105.331 -72.8995 -0.448661 3.70543 -2.2776 0 5.22546 -1.18466 -0.421907 -4.52803 0.333471 0 5.77894 1.10239 -0.281312 -3.36885 0.176888 -1.0557e-17 6.16289 0.118334 -0.175217 -1.32194 0.340568 -1.13649e-17 6.69386 -0.456341 -0.119103 1.84399 0.378641 -2.02997e-17 7.82529 -1.54945 0.0724488 3.10487 0.336088 -2.60628e-17 9.77186 -0.940923 0.257238 3.40883 0.255107 -2.98794e-17 10.8563 1.62248 0.14838 0.441396 0.027603 -1.32927e-17 4.92478 0.736013 0.355217 15.6523 1.40076 -1.86396e-17 4.96043 0.433981 1.61088 0.278043 0.581077 -2.06766e-17 4.97002 0.787173 0.460213 0.471468 1.0684 1.26863 -7.82717 7.75148 28.7503 -4.42244 13.6947 13.3291 3.34342 -3.36319 -49.1601 -27.3672 -18.7347 30.0522 0.0615366 0.141 12.0334 -11.9029 -89.9635 24.9344 0.0510561 0.116988 7.58016 -45.5372 2.81008 -1.26863 -7.82715 7.75138 -31.793 -3.42779 -13.9098 -13.3291 3.34342 -3.36319 37.1386 -36.3233 12.0592 -30.0522 0.0615366 0.141 -11.8322 -9.8084 79.8442 -24.9344 0.0510559 0.116988 -1.78158 -35.9755 -0.194472 9.50369 -4.32711 2.09145 17.957 -6.81082 -5.00821 -0.876987 -39.8926 -0.674123 -2.62342 9.74925 0.0531686 -2.39345 -41.5694 -6.22357 -15.3747 0.442993 17.2556 0.801613 -10.1701 12.8571 2.00979e-15 -7.08301e-16 -7.44133e-17 -9.50369 -4.32711 2.09145 -3.05588 -7.8979 27.5703 0.876987 -39.8926 -0.674123 3.68047 13.5791 -0.200086 2.39345 -41.5694 -6.22357 7.73232 -1.16203 -16.6467 -0.801613 -10.1701 12.8571 -2.97984e-15 -4.5977e-16 -1.26353e-14 
-10.2673 103.66 -72.297 -0.23341 2.54368 -1.78741 0 5.22546 -1.18466 -0.570872 -3.36269 0.300687 0 5.77894 1.10239 -0.402338 -2.44944 0.111698 -1.0557e-17 6.16289 0.118334 -0.253362 -0.853038 0.286715 -1.13649e-17 6.69386 -0.456341 -0.159971 1.63991 0.324237 -2.02997e-17 7.82529 -1.54945 0.06213 2.4618 0.292635 -2.60628e-17 9.77186 -0.940923 0.269531 2.48459 0.20523 -2.98794e-17 10.8563 1.62248 0.139515 0.568886 0.0484403 -1.32927e-17 4.92478 0.736013 0.339904 15.6387 1.39488 -1.86396e-17 4.96043 0.433981 1.57325 1.08035 0.592773 -2.06766e-17 4.97002 0.787173 0.529378 1.67383 0.665811 1.26863 -7.82717 7.75148 30.2979 -3.67216 13.9811 13.3291 3.34342 -3.36319 -48.4253 -29.422 -18.1424 30.0522 0.0615366 0.141 11.9878 -13.0017 -95.2769 24.9344 0.0510561 0.116988 7.39447 -46.7747 1.20258 -1.26863 -7.82715 7.75138 -32.7364 -2.70021 -14.2533 -13.3291 3.34342 -3.36319 35.4683 -38.3174 10.3583 -30.0522 0.0615366 0.141 -11.9958 -11.0325 85.7696 -24.9344 0.0510559 0.116988 -1.92974 -38.0985 1.27978 9.50369 -4.32711 2.09145 17.972 -5.95593 -8.48066 -0.876987 -39.8926 -0.674123 -2.93603 10.8912 0.0892343 -2.39345 -41.5694 -6.22357 -15.5325 -1.45246 16.9962 0.801613 -10.1701 12.8571 2.64595e-17 -7.95068e-16 1.23535e-17 -9.50369 -4.32711 2.09145 -3.15852 -6.03583 29.4031 0.876987 -39.8926 -0.674123 3.95696 14.5644 -0.250097 2.39345 -41.5694 -6.22357 8.37861 -3.01895 -16.7531 -0.801613 -10.1701 12.8571 -5.98288e-16 -5.59001e-16 -1.2747e-14 
-10.2993 101.616 -71.8187 0.107425 1.53377 -1.26546 0 5.22546 -1.18466 -0.741848 -2.39202 0.281792 0 5.77894 1.10239 -0.546148 -1.70065 0.0615898 -1.0557e-17 6.16289 0.118334 -0.351118 -0.466164 0.248717 -1.13649e-17 6.69386 -0.456341 -0.219729 1.47701 0.289896 -2.02997e-17 7.82529 -1.54945 0.0387991 1.9346 0.270948 -2.60628e-17 9.77186 -0.940923 0.275414 1.74887 0.176694 -2.98794e-17 10.8563 1.62248 0.129563 0.67848 0.0706647 -1.32927e-17 4.92478 0.736013 0.334293 15.5275 1.27693 -1.86396e-17 4.96043 0.433981 1.57804 1.66756 0.553876 -2.06766e-17 4.97002 0.787173 0.556809 2.68727 0.305508 1.26863 -7.82717 7.75148 31.5235 -3.0884 14.1836 13.3291 3.34342 -3.36319 -47.401 -31.8456 -18.5083 30.0522 0.0615366 0.141 11.8747 -13.881 -99.5759 24.9344 0.0510561 0.116988 7.3534 -48.071 -0.015832 -1.26863 -7.82715 7.75138 -33.2742 -2.10301 -14.4843 -13.3291 3.34342 -3.36319 33.1258 -40.8845 8.81046 -30.0522 0.0615366 0.141 -12.0325 -12.1399 91.1056 -24.9344 0.0510559 0.116988 -2.3382 -40.4881 2.49295 9.50369 -4.32711 2.09145 17.5957 -5.59086 -12.5305 -0.876987 -39.8926 -0.674123 -3.38802 12.5289 0.152375 -2.39345 -41.5694 -6.22357 -15.5791 -3.54715 16.7985 0.801613 -10.1701 12.8571 2.80558e-15 -6.70999e-16 -1.11716e-16 -9.50369 -4.32711 2.09145 -3.49228 -4.12386 30.6154 0.876987 -39.8926 -0.674123 4.14493 15.2297 -0.286794 2.39345 -41.5694 -6.22357 9.00753 -5.22025 -16.8034 -0.801613 -10.1701 12.8571 -1.99107e-16 -5.8391e-16 -1.27595e-14 
-10.3568 99.243 -71.5279 0.570192 0.629236 -0.889421 0 5.22546 -1.18466 -0.929453 -1.61059 0.298643 0 5.77894 1.10239 -0.718949 -1.12392 0.0490357 -1.0557e-17 6.16289 0.118334 -0.483075 -0.17698 0.244884 -1.13649e-17 6.69386 -0.456341 -0.316827 1.33455 0.290195 -2.02997e-17 7.82529 -1.54945 -0.0171164 1.48604 0.286555 -2.60628e-17 9.77186 -0.940923 0.258855 1.15059 0.18859 -2.98794e-17 10.8563 1.62248 0.118699 0.771463 0.0938684 -1.32927e-17 4.92478 0.736013 0.306751 15.3752 1.08841 -1.86396e-17 4.96043 0.433981 1.55609 1.9286 0.480802 -2.06766e-17 4.97002 0.787173 0.595083 3.58163 -0.0914036 1.26863 -7.82717 7.75148 32.4085 -2.65457 14.2782 13.3291 3.34342 -3.36319 -45.9543 -34.6359 -19.4101 30.0522 0.0615366 0.141 11.7359 -14.5731 -103.01 24.9344 0.0510561 0.116988 7.36605 -49.4536 -0.846336 -1.26863 -7.82715 7.75138 -33.5152 -1.6664 -14.6102 -13.3291 3.34342 -3.36319 30.4967 -44.1239 7.67577 -30.0522 0.0615366 0.141 -11.9784 -13.1025 95.7665 -24.9344 0.0510559 0.116988 -2.76086 -41.9956 3.12721 9.50369 -4.32711 2.09145 16.9393 -5.38122 -16.2872 -0.876987 -39.8926 -0.674123 -3.98055 14.6481 0.254584 -2.39345 -41.5694 -6.22357 -15.7949 -5.98113 16.6942 0.801613 -10.1701 12.8571 4.24351e-16 -7.82624e-16 -9.0641e-20 -9.50369 -4.32711 2.09145 -4.09155 -2.69783 30.4333 0.876987 -39.8926 -0.674123 4.7118 17.2126 -0.4105 2.39345 -41.5694 -6.22357 9.44629 -7.58894 -16.7761 -0.801613 -10.1701 12.8571 -1.98785e-16 -5.8393e-16 -1.27595e-14 
-10.4056 96.5925 -71.3418 1.09819 -0.325124 -0.844503 0 5.22546 -1.18466 -1.09073 -0.979642 0.359211 0 5.77894 1.10239 -0.875779 -0.662983 0.0894793 -1.0557e-17 6.16289 0.118334 -0.611127 0.0676351 0.291501 -1.13649e-17 6.69386 -0.456341 -0.42255 1.23829 0.342267 -2.02997e-17 7.82529 -1.54945 -0.078958 1.12829 0.351352 -2.60628e-17 9.77186 -0.940923 0.248426 0.680824 0.249507 -2.98794e-17 10.8563 1.62248 0.110661 0.834978 0.127161 -1.32927e-17 4.92478 0.736013 0.284116 14.9879 0.924128 -1.86396e-17 4.96043 0.433981 1.58725 1.93041 0.419204 -2.06766e-17 4.97002 0.787173 0.375566 4.16239 -0.536016 1.26863 -7.82717 7.75148 32.8356 -2.34868 14.2086 13.3291 3.34342 -3.36319 -44.2705 -37.6749 -20.5851 30.0522 0.0615366 0.141 11.5995 -15.1004 -105.665 24.9344 0.0510561 0.116988 7.61771 -50.8186 -1.32008 -1.26863 -7.82715 7.75138 -33.3793 -1.31702 -14.6536 -13.3291 3.34342 -3.36319 27.1332 -47.9514 6.94671 -30.0522 0.0615366 0.141 -11.8842 -13.8242 99.2963 -24.9344 0.0510559 0.116988 -3.10029 -42.578 3.60622 9.50369 -4.32711 2.09145 16.0811 -5.2831 -19.2998 -0.876987 -39.8926 -0.674123 -4.93545 17.9844 0.464619 -2.39345 -41.5694 -6.22357 -15.7839 -8.52281 16.7272 0.801613 -10.1701 12.8571 4.22417e-16 -7.82715e-16 2.88531e-33 -9.50369 -4.32711 2.09145 -4.75957 -1.3182 29.5804 0.876987 -39.8926 -0.674123 5.45526 19.7539 -0.601784 2.39345 -41.5694 -6.22357 8.35949 -10.6231 -16.5859 -0.801613 -10.1701 12.8571 -1.98785e-16 -5.8393e-16 -1.27595e-14 
-10.524 93.6177 -71.0849 1.52401 -1.73824 -1.35131 0 5.22546 -1.18466 -1.27908 -0.397414 0.428315 0 5.77894 1.10239 -1.04772 -0.220663 0.124723 -1.0557e-17 6.16289 0.118334 -0.747397 0.323839 0.331601 -1.13649e-17 6.69386 -0.456341 -0.52878 1.17583 0.380466 -2.02997e-17 7.82529 -1.54945 -0.129641 0.847512 0.410682 -2.60628e-17 9.77186 -0.940923 0.259551 0.286697 0.302194 -2.98794e-17 10.8563 1.62248 0.0912511 0.871993 0.146904 -1.32927e-17 4.92478 0.736013 0.286252 14.3098 0.764163 -1.86396e-17 4.96043 0.433981 1.70247 1.94934 0.352673 -2.06766e-17 4.97002 0.787173 -0.14794 4.7452 -0.17612 1.26863 -7.82717 7.75148 33.1019 -2.0184 14.012 13.3291 3.34342 -3.36319 -42.2845 -40.9907 -21.8462 30.0522 0.0615366 0.141 11.4929 -15.4527 -107.463 24.9344 0.0510561 0.116988 7.77979 -52.4435 -1.39371 -1.26863 -7.82715 7.75138 -33.0665 -0.9723 -14.7077 -13.3291 3.34342 -3.36319 24.6038 -51.3055 7.47016 -30.0522 0.0615366 0.141 -11.7972 -14.2949 101.623 -24.9344 0.0510559 0.116988 -3.71293 -43.0784 4.29713 9.50369 -4.32711 2.09145 15.369 -4.33727 -21.0295 -0.876987 -39.8926 -0.674123 -6.02852 21.6631 0.771088 -2.39345 -41.5694 -6.22357 -15.0853 -11.398 16.7316 0.801613 -10.1701 12.8571 2.51704e-17 -7.95129e-16 1.2414e-17 -9.50369 -4.32711 2.09145 -4.56825 -1.59439 30.7101 0.876987 -39.8926 -0.674123 7.07948 25.0393 -1.12863 2.39345 -41.5694 -6.22357 6.67641 -15.3925 -16.3319 -0.801613 -10.1701 12.8571 -9.93279e-16 -5.46688e-16 -1.27222e-14 
-10.6384 90.4983 -70.7341 1.65977 -4.01381 -1.88518 0 5.22546 -1.18466 -1.45565 0.477305 0.500909 0 5.77894 1.10239 -1.21796 0.434008 0.176135 -1.0557e-17 6.16289 0.118334 -0.893886 0.697377 0.388878 -1.13649e-17 6.69386 -0.456341 -0.653469 1.04635 0.438598 -2.02997e-17 7.82529 -1.54945 -0.194252 0.385291 0.493349 -2.60628e-17 9.77186 -0.940923 0.261637 -0.372477 0.381907 -2.98794e-17 10.8563 1.62248 0.0710504 0.94959 0.16843 -1.32927e-17 4.92478 0.736013 0.192492 13.7809 0.72423 -1.86396e-17 4.96043 0.433981 1.67771 2.24405 0.333504 -2.06766e-17 4.97002 0.787173 0.0291963 6.15466 0.359812 1.26863 -7.82717 7.75148 33.6565 -1.54995 13.5528 13.3291 3.34342 -3.36319 -40.3267 -42.9549 -22.9099 30.0522 0.0615366 0.141 11.414 -15.69 -108.685 24.9344 0.0510561 0.116988 7.86237 -54.5708 -2.06776 -1.26863 -7.82715 7.75138 -32.941 -0.595844 -14.4726 -13.3291 3.34342 -3.36319 23.3587 -53.9653 8.14575 -30.0522 0.0615366 0.141 -11.7121 -14.6737 103.513 -24.9344 0.0510559 0.116988 -4.16603 -44.5662 5.023 9.50369 -4.32711 2.09145 15.173 -3.25093 -21.9624 -0.876987 -39.8926 -0.674123 -7.40545 26.0522 1.25142 -2.39345 -41.5694 -6.22357 -14.1694 -15.6925 16.2202 0.801613 -10.1701 12.8571 8.19342e-16 -7.57897e-16 -2.48179e-17 -9.50369 -4.32711 2.09145 -3.83547 -1.58656 32.1759 0.876987 -39.8926 -0.674123 9.27053 31.5187 -2.05432 2.39345 -41.5694 -6.22357 5.09261 -20.2668 -16.1378 -0.801613 -10.1701 12.8571 -9.93923e-16 -5.46658e-16 -1.27222e-14 
-10.5704 87.9138 -70.4317 1.1277 -7.41909 -2.0708 0 5.22546 -1.18466 -1.37472 1.23159 0.532071 0 5.77894 1.10239 -1.14254 1.08045 0.2275 -1.0557e-17 6.16289 0.118334 -0.841724 1.22921 0.440657 -1.13649e-17 6.69386 -0.456341 -0.621647 1.29769 0.497021 -2.02997e-17 7.82529 -1.54945 -0.165761 0.443301 0.555131 -2.60628e-17 9.77186 -0.940923 0.300215 -0.362983 0.434579 -2.98794e-17 10.8563 1.62248 0.0579384 0.968725 0.195741 -1.32927e-17 4.92478 0.736013 0.112349 13.4019 0.647394 -1.86396e-17 4.96043 0.433981 1.49869 2.31867 0.293661 -2.06766e-17 4.97002 0.787173 0.453868 8.02324 0.727617 1.26863 -7.82717 7.75148 33.6667 -1.58977 13.0742 13.3291 3.34342 -3.36319 -38.7443 -44.5581 -24.3939 30.0522 0.0615366 0.141 11.3513 -15.8667 -109.602 24.9344 0.0510561 0.116988 7.60519 -57.0389 -2.37573 -1.26863 -7.82715 7.75138 -32.5846 -0.731059 -14.0064 -13.3291 3.34342 -3.36319 22.2979 -55.9737 9.36819 -30.0522 0.0615366 0.141 -11.635 -14.9732 105.021 -24.9344 0.0510559 0.116988 -4.39188 -46.8295 5.03114 9.50369 -4.32711 2.09145 15.5038 -1.41381 -23.113 -0.876987 -39.8926 -0.674123 -8.90463 30.4911 1.88395 -2.39345 -41.5694 -6.22357 -13.0415 -19.3799 15.8318 0.801613 -10.1701 12.8571 1.21723e-15 -7.45453e-16 -3.72621e-17 -9.50369 -4.32711 2.09145 -2.69474 -0.0372089 32.7486 0.876987 -39.8926 -0.674123 11.2292 36.6471 -3.06238 2.39345 -41.5694 -6.22357 2.86514 -23.5373 -16.2519 -0.801613 -10.1701 12.8571 1.97818e-16 -5.96314e-16 -1.27719e-14 
-10.4246 86.2528 -70.4346 1.0666 -10.497 -1.95156 0 5.22546 -1.18466 -1.30611 1.36411 0.538421 0 5.77894 1.10239 -1.08158 1.36911 0.240214 -1.0557e-17 6.16289 0.118334 -0.802956 1.7583 0.443973 -1.13649e-17 6.69386 -0.456341 -0.599172 2.12006 0.503409 -2.02997e-17 7.82529 -1.54945 -0.164499 1.4313 0.569372 -2.60628e-17 9.77186 -0.940923 0.302886 0.854134 0.449014 -2.98794e-17 10.8563 1.62248 0.0519604 0.842932 0.195138 -1.32927e-17 4.92478 0.736013 0.0462362 13.3571 0.311323 -1.86396e-17 4.96043 0.433981 1.30601 2.0037 0.125543 -2.06766e-17 4.97002 0.787173 0.511869 8.15439 1.317 1.26863 -7.82717 7.75148 32.5263 -2.42623 12.8557 13.3291 3.34342 -3.36319 -38.0913 -46.1236 -26.9229 30.0522 0.0615366 0.141 11.2782 -16.0619 -110.622 24.9344 0.0510561 0.116988 7.50227 -58.3257 -1.57161 -1.26863 -7.82715 7.75138 -31.5273 -1.62986 -13.6439 -13.3291 3.34342 -3.36319 21.9242 -58.0826 11.8952 -30.0522 0.0615366 0.141 -11.5514 -15.265 106.502 -24.9344 0.0510559 0.116988 -4.61665 -48.427 3.73861 9.50369 -4.32711 2.09145 15.3366 0.0897756 -24.0898 -0.876987 -39.8926 -0.674123 -9.95896 33.3926 2.39074 -2.39345 -41.5694 -6.22357 -12.5923 -21.052 15.8513 0.801613 -10.1701 12.8571 4.23062e-16 -7.82684e-16 -3.02137e-20 -9.50369 -4.32711 2.09145 -2.31498 1.04701 32.3709 0.876987 -39.8926 -0.674123 13.0485 40.8648 -4.12702 2.39345 -41.5694 -6.22357 1.59761 -25.6495 -16.5588 -0.801613 -10.1701 12.8571 -1.98462e-16 -5.8394e-16 -1.27595e-14 
-10.4535 85.1867 -70.3172 1.2338 -8.87828 -2.34512 0 5.22546 -1.18466 -1.17597 0.102401 0.560405 0 5.77894 1.10239 -0.989821 0.569922 0.284436 -1.0557e-17 6.16289 0.118334 -0.740745 1.53465 0.473529 -1.13649e-17 6.69386 -0.456341 -0.570212 2.87501 0.532025 -2.02997e-17 7.82529 -1.54945 -0.169362 2.78278 0.593329 -2.60628e-17 9.77186 -0.940923 0.292128 2.61412 0.48476 -2.98794e-17 10.8563 1.62248 0.069663 0.548013 0.178176 -1.32927e-17 4.92478 0.736013 -0.0670196 13.2036 0.598842 -1.86396e-17 4.96043 0.433981 1.25968 1.69156 0.260043 -2.06766e-17 4.97002 0.787173 0.174456 4.93101 1.03151 1.26863 -7.82717 7.75148 30.8968 -3.50193 12.8843 13.3291 3.34342 -3.36319 -37.1413 -47.7111 -27.2422 30.0522 0.0615366 0.141 11.1283 -16.4309 -112.574 24.9344 0.0510561 0.116988 8.70551 -59.0299 -0.193564 -1.26863 -7.82715 7.75138 -30.022 -2.82552 -13.3798 -13.3291 3.34342 -3.36319 22.8197 -61.1138 15.429 -30.0522 0.0615366 0.141 -11.4575 -15.5617 108.023 -24.9344 0.0510559 0.116988 -4.7273 -48.3475 1.32803 9.50369 -4.32711 2.09145 15.2839 -2.93228 -23.3384 -0.876987 -39.8926 -0.674123 -11.1596 36.4756 3.02397 -2.39345 -41.5694 -6.22357 -12.5745 -22.625 15.7441 0.801613 -10.1701 12.8571 4.22417e-16 -7.82715e-16 2.88531e-33 -9.50369 -4.32711 2.09145 -1.86846 -2.3921 32.315 0.876987 -39.8926 -0.674123 14.7541 44.3756 -5.21963 2.39345 -41.5694 -6.22357 0.375587 -27.4569 -17.1653 -0.801613 -10.1701 12.8571 1.78745e-15 -6.70828e-16 -1.28464e-14 
-10.6992 84.5714 -70.0291 1.73933 -7.47527 -3.42616 0 5.22546 -1.18466 -1.33801 -1.24777 0.651995 0 5.77894 1.10239 -1.16691 -0.398593 0.348472 -1.0557e-17 6.16289 0.118334 -0.89847 1.06085 0.515017 -1.13649e-17 6.69386 -0.456341 -0.713239 3.23132 0.565443 -2.02997e-17 7.82529 -1.54945 -0.269255 3.6372 0.644477 -2.60628e-17 9.77186 -0.940923 0.255307 3.77062 0.552006 -2.98794e-17 10.8563 1.62248 0.0825538 0.311501 0.137688 -1.32927e-17 4.92478 0.736013 -0.148502 12.7659 1.09639 -1.86396e-17 4.96043 0.433981 1.45904 1.10065 0.487646 -2.06766e-17 4.97002 0.787173 0.149453 3.16728 1.22786 1.26863 -7.82717 7.75148 29.4825 -4.2179 12.3731 13.3291 3.34342 -3.36319 -35.5592 -49.285 -26.323 30.0522 0.0615366 0.141 11.0402 -16.6316 -113.648 24.9344 0.0510561 0.116988 7.2534 -59.9446 0.497646 -1.26863 -7.82715 7.75138 -28.7764 -3.62563 -12.9843 -13.3291 3.34342 -3.36319 24.2211 -61.8888 18.2313 -30.0522 0.0615366 0.141 -11.4434 -15.6039 108.24 -24.9344 0.0510559 0.116988 -4.15954 -47.8547 -0.588832 9.50369 -4.32711 2.09145 15.3691 -4.70399 -21.4752 -0.876987 -39.8926 -0.674123 -11.7729 37.9612 3.36858 -2.39345 -41.5694 -6.22357 -12.8594 -23.0929 15.6153 0.801613 -10.1701 12.8571 1.61416e-15 -7.33059e-16 -4.96559e-17 -9.50369 -4.32711 2.09145 -1.79338 -5.44324 32.8395 0.876987 -39.8926 -0.674123 16.2135 47.0695 -6.21631 2.39345 -41.5694 -6.22357 0.0256747 -28.3642 -17.4918 -0.801613 -10.1701 12.8571 -1.78616e-15 -5.09517e-16 -1.26975e-14 
-10.9236 84.3173 -69.5927 2.08967 -8.01071 -3.68924 0 5.22546 -1.18466 -1.47716 -2.01426 0.682798 0 5.77894 1.10239 -1.30577 -0.929078 0.352625 -1.0557e-17 6.16289 0.118334 -1.01997 0.814176 0.49778 -1.13649e-17 6.69386 -0.456341 -0.817148 3.41436 0.538471 -2.02997e-17 7.82529 -1.54945 -0.34519 4.11652 0.637536 -2.60628e-17 9.77186 -0.940923 0.207807 4.39164 0.563339 -2.98794e-17 10.8563 1.62248 0.071123 0.190435 0.129743 -1.32927e-17 4.92478 0.736013 -0.187005 12.3747 1.11155 -1.86396e-17 4.96043 0.433981 1.47457 0.887215 0.473787 -2.06766e-17 4.97002 0.787173 0.525425 3.64506 1.76171 1.26863 -7.82717 7.75148 28.9618 -4.46941 11.8847 13.3291 3.34342 -3.36319 -33.5488 -48.618 -25.4597 30.0522 0.0615366 0.141 11.1495 -16.3809 -112.308 24.9344 0.0510561 0.116988 6.47252 -60.4137 1.26264 -1.26863 -7.82715 7.75138 -28.174 -4.06466 -12.5272 -13.3291 3.34342 -3.36319 24.1239 -60.0117 18.6772 -30.0522 0.0615366 0.141 -11.6521 -14.9096 104.7 -24.9344 0.0510559 0.116988 -1.15676 -46.7186 1.30443 9.50369 -4.32711 2.09145 15.5447 -4.21901 -20.5498 -0.876987 -39.8926 -0.674123 -11.8672 38.1844 3.42279 -2.39345 -41.5694 -6.22357 -12.8784 -22.699 15.5597 0.801613 -10.1701 12.8571 2.40962e-15 -6.95777e-16 -8.69381e-17 -9.50369 -4.32711 2.09145 -1.79673 -6.1132 32.7808 0.876987 -39.8926 -0.674123 17.304 48.9123 -6.99327 2.39345 -41.5694 -6.22357 0.256249 -27.6681 -17.424 -0.801613 -10.1701 12.8571 -9.94568e-16 -5.46628e-16 -1.27222e-14 
-11.153 84.6207 -69.4822 2.02373 -9.00013 -3.65313 0 5.22546 -1.18466 -1.52023 -2.75945 0.681961 0 5.77894 1.10239 -1.34591 -1.38205 0.337733 -1.0557e-17 6.16289 0.118334 -1.06095 0.767545 0.46658 -1.13649e-17 6.69386 -0.456341 -0.857997 3.91698 0.500173 -2.02997e-17 7.82529 -1.54945 -0.394967 5.07741 0.611621 -2.60628e-17 9.77186 -0.940923 0.148315 5.58271 0.554524 -2.98794e-17 10.8563 1.62248 0.054008 0.0299375 0.118821 -1.32927e-17 4.92478 0.736013 -0.244863 12.1513 1.51528 -1.86396e-17 4.96043 0.433981 1.33676 0.346821 0.641829 -2.06766e-17 4.97002 0.787173 1.02129 3.51461 1.56597 1.26863 -7.82717 7.75148 28.4429 -5.09118 11.7483 13.3291 3.34342 -3.36319 -32.043 -47.6392 -26.4931 30.0522 0.0615366 0.141 11.394 -15.7473 -108.982 24.9344 0.0510561 0.116988 6.65232 -60.1821 3.53045 -1.26863 -7.82715 7.75138 -27.487 -4.66918 -12.1988 -13.3291 3.34342 -3.36319 22.9181 -56.6796 18.092 -30.0522 0.0615366 0.141 -11.8988 -13.7323 98.8445 -24.9344 0.0510559 0.116988 1.18184 -44.7791 4.3879 9.50369 -4.32711 2.09145 15.8593 -2.96671 -20.7054 -0.876987 -39.8926 -0.674123 -11.3812 37.0192 3.1469 -2.39345 -41.5694 -6.22357 -12.6096 -21.5548 15.7435 0.801613 -10.1701 12.8571 2.01302e-15 -7.0816e-16 -7.45545e-17 -9.50369 -4.32711 2.09145 -1.47581 -5.59714 32.6306 0.876987 -39.8926 -0.674123 17.4132 49.0893 -7.07248 2.39345 -41.5694 -6.22357 0.431206 -26.2038 -17.3652 -0.801613 -10.1701 12.8571 -1.39117e-15 -5.34244e-16 -1.27098e-14 
-11.5279 85.5437 -69.6305 1.79176 -8.26562 -3.71487 0 5.22546 -1.18466 -1.47104 -3.98163 0.63973 0 5.77894 1.10239 -1.29466 -2.22901 0.307618 -1.0557e-17 6.16289 0.118334 -1.02041 0.528938 0.428462 -1.13649e-17 6.69386 -0.456341 -0.827063 4.54319 0.461346 -2.02997e-17 7.82529 -1.54945 -0.397058 6.38929 0.568281 -2.60628e-17 9.77186 -0.940923 0.110107 7.27224 0.526224 -2.98794e-17 10.8563 1.62248 0.0567595 -0.173965 0.100799 -1.32927e-17 4.92478 0.736013 -0.23091 12.293 1.80847 -1.86396e-17 4.96043 0.433981 1.42904 -0.136811 0.770314 -2.06766e-17 4.97002 0.787173 0.851159 1.37341 1.45438 1.26863 -7.82717 7.75148 27.6357 -6.0953 11.999 13.3291 3.34342 -3.36319 -31.3756 -46.0222 -28.1098 30.0522 0.0615366 0.141 11.6505 -14.9153 -104.729 24.9344 0.0510561 0.116988 7.44107 -58.9127 5.98637 -1.26863 -7.82715 7.75138 -26.7238 -5.42128 -12.1554 -13.3291 3.34342 -3.36319 21.3596 -53.3997 17.2896 -30.0522 0.0615366 0.141 -12.0117 -12.6866 93.7478 -24.9344 0.0510559 0.116988 1.27292 -43.5904 5.18746 9.50369 -4.32711 2.09145 16.3795 -2.942 -20.712 -0.876987 -39.8926 -0.674123 -10.4537 34.6912 2.64474 -2.39345 -41.5694 -6.22357 -12.7987 -19.3966 16.0425 0.801613 -10.1701 12.8571 -1.56249e-15 -8.6955e-16 8.68354e-17 -9.50369 -4.32711 2.09145 -0.880972 -5.87129 32.8856 0.876987 -39.8926 -0.674123 16.3373 47.2858 -6.30322 2.39345 -41.5694 -6.22357 0.545363 -24.9423 -17.4307 -0.801613 -10.1701 12.8571 9.91961e-16 -6.33544e-16 -1.28091e-14 
-11.9239 87.1179 -69.8343 1.52632 -7.24935 -3.31001 0 5.22546 -1.18466 -1.41655 -5.36679 0.56725 0 5.77894 1.10239 -1.2364 -3.25628 0.263361 -1.0557e-17 6.16289 0.118334 -0.977753 0.168891 0.378688 -1.13649e-17 6.69386 -0.456341 -0.799818 5.10787 0.414943 -2.02997e-17 7.82529 -1.54945 -0.410864 7.68668 0.512921 -2.60628e-17 9.77186 -0.940923 0.0417382 8.9852 0.491407 -2.98794e-17 10.8563 1.62248 0.0579846 -0.364569 0.0763772 -1.32927e-17 4.92478 0.736013 -0.203358 12.579 1.78003 -1.86396e-17 4.96043 0.433981 1.3967 -0.604774 0.740301 -2.06766e-17 4.97002 0.787173 0.988879 -0.139406 1.48264 1.26863 -7.82717 7.75148 26.3833 -7.18602 12.0724 13.3291 3.34342 -3.36319 -30.7584 -43.9641 -29.8311 30.0522 0.0615366 0.141 11.8853 -13.817 -99.2612 24.9344 0.0510561 0.116988 7.00253 -57.9239 6.94209 -1.26863 -7.82715 7.75138 -25.8577 -6.18921 -11.9225 -13.3291 3.34342 -3.36319 19.9133 -50.1079 15.6436 -30.0522 0.0615366 0.141 -12.0335 -11.8928 89.9146 -24.9344 0.0510559 0.116988 1.12391 -43.5378 4.53979 9.50369 -4.32711 2.09145 16.7644 -2.85081 -21.1763 -0.876987 -39.8926 -0.674123 -9.16328 31.2198 2.00376 -2.39345 -41.5694 -6.22357 -13.3923 -15.2782 16.6605 0.801613 -10.1701 12.8571 4.20782e-16 -7.82786e-16 7.15353e-20 -9.50369 -4.32711 2.09145 -0.750958 -5.06965 32.8636 0.876987 -39.8926 -0.674123 14.0137 42.9017 -4.73507 2.39345 -41.5694 -6.22357 1.28865 -23.525 -17.3926 -0.801613 -10.1701 12.8571 -9.92288e-16 -5.46729e-16 -1.27223e-14 
-12.2376 89.0539 -70.0389 1.14757 -6.68413 -2.93946 0 5.22546 -1.18466 -1.25388 -6.49079 0.519023 0 5.77894 1.10239 -1.08547 -4.11225 0.265877 -1.0557e-17 6.16289 0.118334 -0.869054 -0.148629 0.375879 -1.13649e-17 6.69386 -0.456341 -0.736741 5.51223 0.419696 -2.02997e-17 7.82529 -1.54945 -0.40151 8.66677 0.500976 -2.60628e-17 9.77186 -0.940923 -0.0140606 10.2787 0.489108 -2.98794e-17 10.8563 1.62248 0.049323 -0.495715 0.0627238 -1.32927e-17 4.92478 0.736013 -0.203052 12.5772 1.78683 -1.86396e-17 4.96043 0.433981 1.23424 -0.742216 0.721425 -2.06766e-17 4.97002 0.787173 1.19421 -0.343025 1.19983 1.26863 -7.82717 7.75148 24.8647 -8.04532 11.8374 13.3291 3.34342 -3.36319 -29.0526 -41.0416 -30.2655 30.0522 0.0615366 0.141 12.0242 -12.4406 -92.5584 24.9344 0.0510561 0.116988 6.4424 -58.5989 6.48973 -1.26863 -7.82715 7.75138 -24.726 -6.73076 -11.3286 -13.3291 3.34342 -3.36319 18.6181 -46.2644 13.2227 -30.0522 0.0615366 0.141 -12.0031 -11.1269 86.2247 -24.9344 0.0510559 0.116988 1.32505 -44.1334 4.39471 9.50369 -4.32711 2.09145 17.086 -1.95995 -22.0212 -0.876987 -39.8926 -0.674123 -7.71494 26.9983 1.37301 -2.39345 -41.5694 -6.22357 -14.152 -9.56226 17.666 0.801613 -10.1701 12.8571 -3.72067e-16 -8.07542e-16 2.48276e-17 -9.50369 -4.32711 2.09145 -0.947264 -3.04711 32.7936 0.876987 -39.8926 -0.674123 11.3097 36.8447 -3.10704 2.39345 -41.5694 -6.22357 2.4568 -21.0926 -17.2466 -0.801613 -10.1701 12.8571 -5.96681e-16 -5.59072e-16 -1.2747e-14 
-12.3561 91.3157 -70.4879 1.08004 -6.34433 -2.43138 0 5.22546 -1.18466 -1.186 -7.24706 0.471049 0 5.77894 1.10239 -1.02218 -4.67839 0.260354 -1.0557e-17 6.16289 0.118334 -0.834605 -0.320898 0.365506 -1.13649e-17 6.69386 -0.456341 -0.7309 5.84349 0.415194 -2.02997e-17 7.82529 -1.54945 -0.430832 9.40875 0.486851 -2.60628e-17 9.77186 -0.940923 -0.0947382 11.2448 0.485479 -2.98794e-17 10.8563 1.62248 0.0404649 -0.574532 0.0484668 -1.32927e-17 4.92478 0.736013 -0.207905 12.5722 1.66952 -1.86396e-17 4.96043 0.433981 1.04899 -0.811417 0.638524 -2.06766e-17 4.97002 0.787173 1.44498 -0.0992567 1.21512 1.26863 -7.82717 7.75148 23.1516 -8.72883 11.3804 13.3291 3.34342 -3.36319 -26.8452 -37.5771 -30.1695 30.0522 0.0615366 0.141 11.9851 -10.9085 -85.1722 24.9344 0.0510561 0.116988 5.72833 -60.8019 5.03141 -1.26863 -7.82715 7.75138 -23.4369 -7.14066 -10.5551 -13.3291 3.34342 -3.36319 18.3132 -42.2088 10.4753 -30.0522 0.0615366 0.141 -11.9381 -10.4802 83.1032 -24.9344 0.0510559 0.116988 1.49636 -44.6657 4.01475 9.50369 -4.32711 2.09145 17.1137 -0.584016 -22.2231 -0.876987 -39.8926 -0.674123 -6.04526 21.7182 0.776311 -2.39345 -41.5694 -6.22357 -15.2138 -2.14898 19.1412 0.801613 -10.1701 12.8571 2.40797e-15 -6.95838e-16 -8.68763e-17 -9.50369 -4.32711 2.09145 -1.77782 -0.771539 32.2925 0.876987 -39.8926 -0.674123 8.78939 30.1628 -1.83154 2.39345 -41.5694 -6.22357 4.2542 -16.7666 -17.174 -0.801613 -10.1701 12.8571 -5.96354e-16 -5.59082e-16 -1.27471e-14 
-12.2214 93.8219 -71.1878 1.27193 -5.50107 -2.26941 0 5.22546 -1.18466 -1.12653 -7.91656 0.433383 0 5.77894 1.10239 -0.978218 -5.18187 0.273004 -1.0557e-17 6.16289 0.118334 -0.818003 -0.469851 0.372899 -1.13649e-17 6.69386 -0.456341 -0.738066 6.15703 0.428064 -2.02997e-17 7.82529 -1.54945 -0.465093 10.0827 0.488349 -2.60628e-17 9.77186 -0.940923 -0.17195 12.1203 0.491853 -2.98794e-17 10.8563 1.62248 0.0362852 -0.650819 0.0431242 -1.32927e-17 4.92478 0.736013 -0.239278 12.6782 1.74173 -1.86396e-17 4.96043 0.433981 1.00821 -0.69042 0.661415 -2.06766e-17 4.97002 0.787173 1.14559 -0.163224 1.15622 1.26863 -7.82717 7.75148 21.1191 -9.33733 10.8185 13.3291 3.34342 -3.36319 -25.2931 -34.2247 -29.6963 30.0522 0.0615366 0.141 11.7903 -9.5957 -78.8076 24.9344 0.0510561 0.116988 5.58032 -63.3107 4.28772 -1.26863 -7.82715 7.75138 -21.8353 -7.52459 -9.67969 -13.3291 3.34342 -3.36319 18.7139 -38.6979 7.89346 -30.0522 0.0615366 0.141 -11.8509 -9.9109 80.343 -24.9344 0.0510559 0.116988 1.64078 -44.9932 3.17285 9.50369 -4.32711 2.09145 16.8593 -0.00182742 -20.7341 -0.876987 -39.8926 -0.674123 -4.58461 16.7709 0.381055 -2.39345 -41.5694 -6.22357 -16.3917 4.81605 20.6717 0.801613 -10.1701 12.8571 3.60199e-15 -6.46091e-16 -1.36624e-16 -9.50369 -4.32711 2.09145 -3.06654 0.644444 30.8856 0.876987 -39.8926 -0.674123 6.59344 23.4986 -0.955866 2.39345 -41.5694 -6.22357 6.06347 -10.239 -17.3679 -0.801613 -10.1701 12.8571 -5.96354e-16 -5.59082e-16 -1.27471e-14 
-11.844 96.4387 -72.1332 1.54895 -3.66062 -2.52332 0 5.22546 -1.18466 -0.96516 -8.58125 0.386053 0 5.77894 1.10239 -0.85925 -5.70971 0.299651 -1.0557e-17 6.16289 0.118334 -0.747505 -0.689216 0.386997 -1.13649e-17 6.69386 -0.456341 -0.709239 6.3689 0.44426 -2.02997e-17 7.82529 -1.54945 -0.485639 10.6074 0.486863 -2.60628e-17 9.77186 -0.940923 -0.262898 12.8409 0.496375 -2.98794e-17 10.8563 1.62248 0.0264643 -0.727667 0.0491024 -1.32927e-17 4.92478 0.736013 -0.336278 12.7399 1.76812 -1.86396e-17 4.96043 0.433981 0.928077 -0.554211 0.673256 -2.06766e-17 4.97002 0.787173 0.418886 -0.566826 1.22182 1.26863 -7.82717 7.75148 18.8656 -9.79948 10.1374 13.3291 3.34342 -3.36319 -24.7626 -31.386 -28.9832 30.0522 0.0615366 0.141 11.4976 -8.46068 -73.2046 24.9344 0.0510561 0.116988 6.12746 -65.2439 4.38054 -1.26863 -7.82715 7.75138 -19.7474 -7.84572 -8.74733 -13.3291 3.34342 -3.36319 19.3307 -35.7371 5.87379 -30.0522 0.0615366 0.141 -11.709 -9.23 77.0148 -24.9344 0.0510559 0.116988 1.57824 -45.1682 2.44393 9.50369 -4.32711 2.09145 16.4004 -1.87287 -17.4196 -0.876987 -39.8926 -0.674123 -4.14741 15.2385 0.287293 -2.39345 -41.5694 -6.22357 -16.1252 4.09001 20.0315 0.801613 -10.1701 12.8571 1.22926e-14 5.20849e-16 -1.32839e-15 -9.50369 -4.32711 2.09145 -4.49719 0.51791 28.0044 0.876987 -39.8926 -0.674123 4.67275 17.0772 -0.401355 2.39345 -41.5694 -6.22357 7.94834 -1.81182 -17.8858 -0.801613 -10.1701 12.8571 -9.93596e-16 -5.46668e-16 -1.27222e-14 
-11.2669 98.9966 -73.359 1.45888 -0.493109 -3.00993 0 5.22546 -1.18466 -0.56992 -9.43024 0.318028 0 5.77894 1.10239 -0.537137 -6.43542 0.335773 -1.0557e-17 6.16289 0.118334 -0.51789 -1.07664 0.404546 -1.13649e-17 6.69386 -0.456341 -0.565381 6.49787 0.463418 -2.02997e-17 7.82529 -1.54945 -0.4402 11.0882 0.476928 -2.60628e-17 9.77186 -0.940923 -0.342072 13.545 0.488535 -2.98794e-17 10.8563 1.62248 0.00999285 -0.81019 0.0621345 -1.32927e-17 4.92478 0.736013 -0.468181 12.4529 1.84203 -1.86396e-17 4.96043 0.433981 0.759318 -0.548055 0.714945 -2.06766e-17 4.97002 0.787173 -0.526359 -1.17955 1.00951 1.26863 -7.82717 7.75148 16.3894 -10.1851 9.53568 13.3291 3.34342 -3.36319 -25.1643 -29.3199 -28.3056 30.0522 0.0615366 0.141 11.1247 -7.42962 -67.9744 24.9344 0.0510561 0.116988 6.84376 -66.5816 4.71432 -1.26863 -7.82715 7.75138 -17.1788 -8.10277 -7.87416 -13.3291 3.34342 -3.36319 19.8198 -33.3033 4.50432 -30.0522 0.0615366 0.141 -11.4631 -8.35133 72.6562 -24.9344 0.0510559 0.116988 1.19284 -45.3478 2.1134 9.50369 -4.32711 2.09145 16.1482 -5.42583 -13.5879 -0.876987 -39.8926 -0.674123 -4.02778 14.8155 0.263667 -2.39345 -41.5694 -6.22357 -15.091 0.622901 18.5904 0.801613 -10.1701 12.8571 -2.74575e-15 -9.18194e-16 1.35459e-16 -9.50369 -4.32711 2.09145 -5.13582 -1.75887 24.2834 0.876987 -39.8926 -0.674123 3.0862 11.4372 -0.108776 2.39345 -41.5694 -6.22357 9.61046 8.77997 -18.4942 -0.801613 -10.1701 12.8571 8.14265e-15 -9.439e-16 -1.31195e-14 
-10.7032 101.389 -74.649 1.17179 2.85693 -3.23109 0 5.22546 -1.18466 -0.16653 -10.316 0.238958 0 5.77894 1.10239 -0.199088 -7.22776 0.334896 -1.0557e-17 6.16289 0.118334 -0.270519 -1.52993 0.382576 -1.13649e-17 6.69386 -0.456341 -0.399107 6.60355 0.437646 -2.02997e-17 7.82529 -1.54945 -0.383349 11.579 0.432202 -2.60628e-17 9.77186 -0.940923 -0.427423 14.2591 0.450516 -2.98794e-17 10.8563 1.62248 -0.016302 -0.863702 0.0605213 -1.32927e-17 4.92478 0.736013 -0.584302 11.8573 1.83007 -1.86396e-17 4.96043 0.433981 0.40438 -0.719085 0.709091 -2.06766e-17 4.97002 0.787173 -1.10214 -1.55452 0.903371 1.26863 -7.82717 7.75148 13.8026 -10.4194 8.91944 13.3291 3.34342 -3.36319 -25.6798 -27.9821 -27.5571 30.0522 0.0615366 0.141 10.6867 -6.48857 -63.0285 24.9344 0.0510561 0.116988 6.82457 -67.6149 4.86942 -1.26863 -7.82715 7.75138 -14.4241 -8.30606 -7.15651 -13.3291 3.34342 -3.36319 20.5936 -30.7671 3.95459 -30.0522 0.0615366 0.141 -11.046 -7.24371 67.0111 -24.9344 0.0510559 0.116988 0.989691 -45.7201 2.13678 9.50369 -4.32711 2.09145 15.5132 -9.33603 -11.4667 -0.876987 -39.8926 -0.674123 -3.91779 14.4253 0.242725 -2.39345 -41.5694 -6.22357 -13.744 -0.840768 17.7714 0.801613 -10.1701 12.8571 2.2559e-17 -7.95241e-16 1.25262e-17 -9.50369 -4.32711 2.09145 -5.21768 -5.53134 21.7537 0.876987 -39.8926 -0.674123 2.27412 8.46553 -0.0202875 2.39345 -41.5694 -6.22357 10.2741 15.0136 -18.547 -0.801613 -10.1701 12.8571 1.79429e-15 -6.71123e-16 -1.28467e-14 
-10.3013 103.597 -75.554 0.881549 5.13903 -2.87994 0 5.22546 -1.18466 0.0829967 -10.7388 0.155856 0 5.77894 1.10239 0.00738123 -7.62606 0.294506 -1.0557e-17 6.16289 0.118334 -0.119738 -1.79564 0.322698 -1.13649e-17 6.69386 -0.456341 -0.28926 6.62291 0.370789 -2.02997e-17 7.82529 -1.54945 -0.353494 11.7917 0.361362 -2.60628e-17 9.77186 -0.940923 -0.510211 14.5709 0.391868 -2.98794e-17 10.8563 1.62248 -0.0399636 -0.85294 0.0631057 -1.32927e-17 4.92478 0.736013 -0.689543 11.019 1.83108 -1.86396e-17 4.96043 0.433981 -0.0354161 -1.16413 0.7081 -2.06766e-17 4.97002 0.787173 -0.927802 -1.17425 0.62441 1.26863 -7.82717 7.75148 11.3453 -10.3169 8.09631 13.3291 3.34342 -3.36319 -25.823 -26.3125 -26.5085 30.0522 0.0615366 0.141 10.1406 -5.54285 -57.8263 24.9344 0.0510561 0.116988 5.79597 -68.8825 3.93628 -1.26863 -7.82715 7.75138 -11.79 -8.34153 -6.32259 -13.3291 3.34342 -3.36319 21.9158 -28.6513 3.55189 -30.0522 0.0615366 0.141 -10.4454 -6.04601 60.6265 -24.9344 0.0510559 0.116988 1.52636 -46.546 2.16458 9.50369 -4.32711 2.09145 14.248 -12.3114 -10.944 -0.876987 -39.8926 -0.674123 -3.76266 13.8728 0.214458 -2.39345 -41.5694 -6.22357 -12.6407 -0.746214 17.4846 0.801613 -10.1701 12.8571 8.19333e-16 -7.57897e-16 -2.48174e-17 -9.50369 -4.32711 2.09145 -5.40408 -8.75378 18.8017 0.876987 -39.8926 -0.674123 2.31919 8.63156 -0.0240878 2.39345 -41.5694 -6.22357 7.3147 8.54017 -17.1613 -0.801613 -10.1701 12.8571 5.97335e-16 -6.21243e-16 -1.27968e-14 
-10.0401 105.412 -76.2915 0.636231 6.34353 -2.71417 0 5.22546 -1.18466 0.286552 -10.7646 0.131539 0 5.77894 1.10239 0.172106 -7.64576 0.296685 -1.0557e-17 6.16289 0.118334 0.0035216 -1.80949 0.30735 -1.13649e-17 6.69386 -0.456341 -0.194359 6.69191 0.349086 -2.02997e-17 7.82529 -1.54945 -0.308735 11.9199 0.335415 -2.60628e-17 9.77186 -0.940923 -0.529233 14.7029 0.368151 -2.98794e-17 10.8563 1.62248 -0.0558027 -0.820486 0.0724924 -1.32927e-17 4.92478 0.736013 -0.724638 10.2079 2.09742 -1.86396e-17 4.96043 0.433981 -0.204135 -1.76897 0.849216 -2.06766e-17 4.97002 0.787173 -0.79863 -0.689702 -0.184326 1.26863 -7.82717 7.75148 9.19804 -10.0578 7.23111 13.3291 3.34342 -3.36319 -25.8287 -24.3966 -25.5858 30.0522 0.0615366 0.141 9.44699 -4.56778 -52.1238 24.9344 0.0510561 0.116988 4.83347 -69.9128 2.98344 -1.26863 -7.82715 7.75138 -9.31775 -8.24452 -5.45766 -13.3291 3.34342 -3.36319 23.5257 -27.0457 3.71684 -30.0522 0.0615366 0.141 -9.63366 -4.81057 53.5816 -24.9344 0.0510559 0.116988 2.66266 -48.2733 2.76388 9.50369 -4.32711 2.09145 12.7167 -14.1152 -10.8019 -0.876987 -39.8926 -0.674123 -3.65505 13.4881 0.195728 -2.39345 -41.5694 -6.22357 -11.4066 -0.663731 17.2584 0.801613 -10.1701 12.8571 8.19987e-16 -7.57867e-16 -2.48481e-17 -9.50369 -4.32711 2.09145 -4.93598 -10.9502 16.4057 0.876987 -39.8926 -0.674123 2.55469 9.49725 -0.0460775 2.39345 -41.5694 -6.22357 4.31871 4.04141 -16.1928 -0.801613 -10.1701 12.8571 5.96354e-16 -6.21202e-16 -1.27968e-14 
-9.8796 106.668 -77.003 0.350159 7.5133 -3.21828 0 5.22546 -1.18466 0.5133 -10.4826 0.190576 0 5.77894 1.10239 0.349835 -7.38662 0.371805 -1.0557e-17 6.16289 0.118334 0.134286 -1.67314 0.365763 -1.13649e-17 6.69386 -0.456341 -0.100355 6.72786 0.401708 -2.02997e-17 7.82529 -1.54945 -0.247885 11.8728 0.379673 -2.60628e-17 9.77186 -0.940923 -0.491278 14.5832 0.408793 -2.98794e-17 10.8563 1.62248 -0.0710177 -0.78218 0.0855741 -1.32927e-17 4.92478 0.736013 -0.692039 9.20585 2.30508 -1.86396e-17 4.96043 0.433981 -0.249363 -2.32174 0.969292 -2.06766e-17 4.97002 0.787173 -1.06537 -0.749076 -0.731331 1.26863 -7.82717 7.75148 7.51509 -9.61619 6.37276 13.3291 3.34342 -3.36319 -26.3136 -22.5708 -24.6378 30.0522 0.0615366 0.141 8.67691 -3.68325 -46.5294 24.9344 0.0510561 0.116988 4.83345 -70.3249 2.76515 -1.26863 -7.82715 7.75138 -7.03689 -7.8994 -4.6043 -13.3291 3.34342 -3.36319 25.3578 -25.5074 4.61432 -30.0522 0.0615366 0.141 -8.62831 -3.63274 46.1934 -24.9344 0.0510559 0.116988 4.03806 -50.6689 4.16171 9.50369 -4.32711 2.09145 11.2562 -15.7903 -10.6606 -0.876987 -39.8926 -0.674123 -3.70735 13.6752 0.20474 -2.39345 -41.5694 -6.22357 -9.73351 -1.13383 16.9373 0.801613 -10.1701 12.8571 2.01171e-15 -7.08211e-16 -7.45034e-17 -9.50369 -4.32711 2.09145 -3.50791 -13.225 16.3129 0.876987 -39.8926 -0.674123 2.93807 10.8986 -0.0894893 2.39345 -41.5694 -6.22357 2.60615 3.54554 -15.7054 -0.801613 -10.1701 12.8571 -1.38986e-15 -5.34305e-16 -1.27099e-14 
-9.80493 107.376 -77.6172 0.290325 8.69718 -4.14355 0 5.22546 -1.18466 0.674171 -10.0054 0.338819 0 5.77894 1.10239 0.459124 -6.95763 0.517337 -1.0557e-17 6.16289 0.118334 0.201095 -1.47012 0.497732 -1.13649e-17 6.69386 -0.456341 -0.0725355 6.67906 0.527727 -2.02997e-17 7.82529 -1.54945 -0.228642 11.6252 0.504578 -2.60628e-17 9.77186 -0.940923 -0.449247 14.219 0.535693 -2.98794e-17 10.8563 1.62248 -0.0829861 -0.731847 0.0972025 -1.32927e-17 4.92478 0.736013 -0.629278 7.72895 2.36438 -1.86396e-17 4.96043 0.433981 -0.40282 -2.74343 1.01237 -2.06766e-17 4.97002 0.787173 -1.46218 -0.746874 -1.00255 1.26863 -7.82717 7.75148 6.1269 -8.99673 5.47109 13.3291 3.34342 -3.36319 -27.0103 -20.7102 -23.8227 30.0522 0.0615366 0.141 7.79888 -2.85568 -40.7652 24.9344 0.0510561 0.116988 3.28704 -71.5 1.09581 -1.26863 -7.82715 7.75138 -4.85104 -7.26726 -3.75884 -13.3291 3.34342 -3.36319 27.5083 -24.0706 5.77791 -30.0522 0.0615366 0.141 -7.58356 -2.67636 39.4242 -24.9344 0.0510559 0.116988 5.05371 -52.8429 5.2104 9.50369 -4.32711 2.09145 9.55562 -17.3517 -10.6141 -0.876987 -39.8926 -0.674123 -3.83197 14.1199 0.226903 -2.39345 -41.5694 -6.22357 -7.5283 -1.77548 16.5446 0.801613 -10.1701 12.8571 -1.16524e-15 -8.44722e-16 6.20078e-17 -9.50369 -4.32711 2.09145 -1.48121 -15.3395 18.778 0.876987 -39.8926 -0.674123 3.32195 12.2906 -0.142338 2.39345 -41.5694 -6.22357 1.28307 4.4413 -15.2403 -0.801613 -10.1701 12.8571 1.3892e-15 -6.45958e-16 -1.28339e-14 
-9.75776 107.534 -78.0491 0.473094 9.09826 -4.86357 0 5.22546 -1.18466 0.693107 -9.0124 0.496928 0 5.77894 1.10239 0.448335 -6.08476 0.65234 -1.0557e-17 6.16289 0.118334 0.179896 -1.07069 0.628225 -1.13649e-17 6.69386 -0.456341 -0.104413 6.45748 0.652432 -2.02997e-17 7.82529 -1.54945 -0.236327 10.9421 0.63664 -2.60628e-17 9.77186 -0.940923 -0.391339 13.3042 0.665889 -2.98794e-17 10.8563 1.62248 -0.0919799 -0.629613 0.114885 -1.32927e-17 4.92478 0.736013 -0.537054 5.75557 2.322 -1.86396e-17 4.96043 0.433981 -0.562191 -2.72259 1.00123 -2.06766e-17 4.97002 0.787173 -1.71529 0.359981 -1.12407 1.26863 -7.82717 7.75148 4.72355 -7.98005 4.37778 13.3291 3.34342 -3.36319 -27.5104 -17.9726 -22.7616 30.0522 0.0615366 0.141 6.86532 -2.13616 -35.1247 24.9344 0.0510561 0.116988 -1.00583 -74.5133 -3.37471 -1.26863 -7.82715 7.75138 -2.71165 -6.17057 -2.76047 -13.3291 3.34342 -3.36319 29.7585 -22.4423 6.27706 -30.0522 0.0615366 0.141 -6.60093 -1.95736 33.5947 -24.9344 0.0510559 0.116988 5.90253 -55.1513 5.97955 9.50369 -4.32711 2.09145 7.38933 -18.1652 -11.1325 -0.876987 -39.8926 -0.674123 -4.04353 14.8713 0.266729 -2.39345 -41.5694 -6.22357 -5.29273 -2.58679 16.1656 0.801613 -10.1701 12.8571 4.2109e-16 -7.82766e-16 5.18366e-20 -9.50369 -4.32711 2.09145 0.616497 -16.34 22.4751 0.876987 -39.8926 -0.674123 3.66447 13.5219 -0.197338 2.39345 -41.5694 -6.22357 0.109531 5.01642 -14.7952 -0.801613 -10.1701 12.8571 -2.58088e-15 -4.84672e-16 -1.26602e-14 
-9.73665 107.172 -78.2064 0.631528 8.65572 -5.24738 0 5.22546 -1.18466 0.626751 -7.50299 0.600639 0 5.77894 1.10239 0.38443 -4.80937 0.718813 -1.0557e-17 6.16289 0.118334 0.137911 -0.49726 0.700835 -1.13649e-17 6.69386 -0.456341 -0.12457 6.05351 0.719681 -2.02997e-17 7.82529 -1.54945 -0.213106 9.82502 0.710346 -2.60628e-17 9.77186 -0.940923 -0.286351 11.8441 0.722531 -2.98794e-17 10.8563 1.62248 -0.099628 -0.472039 0.136054 -1.32927e-17 4.92478 0.736013 -0.381955 3.64155 2.41802 -1.86396e-17 4.96043 0.433981 -0.554851 -2.21 1.05797 -2.06766e-17 4.97002 0.787173 -1.93447 2.37098 -1.29114 1.26863 -7.82717 7.75148 3.23579 -6.57005 3.12805 13.3291 3.34342 -3.36319 -28.4957 -14.5936 -21.3893 30.0522 0.0615366 0.141 6.00172 -1.58885 -30.2241 24.9344 0.0510561 0.116988 -7.83801 -77.568 -10.7374 -1.26863 -7.82715 7.75138 -0.678822 -4.64023 -1.70086 -13.3291 3.34342 -3.36319 32.1997 -20.0547 6.00384 -30.0522 0.0615366 0.141 -5.73746 -1.44105 28.7705 -24.9344 0.0510559 0.116988 6.88539 -58.0867 6.88049 9.50369 -4.32711 2.09145 5.13978 -17.9973 -11.782 -0.876987 -39.8926 -0.674123 -4.34206 15.9234 0.327603 -2.39345 -41.5694 -6.22357 -3.25641 -3.89192 15.8636 0.801613 -10.1701 12.8571 2.51798e-17 -7.95128e-16 1.24137e-17 -9.50369 -4.32711 2.09145 2.66307 -16.115 26.1976 0.876987 -39.8926 -0.674123 3.95138 14.5446 -0.24904 2.39345 -41.5694 -6.22357 -1.24053 4.91978 -14.3674 -0.801613 -10.1701 12.8571 -1.39249e-15 -5.34192e-16 -1.27098e-14 
-9.74926 106.302 -78.1759 0.52213 8.17352 -5.26606 0 5.22546 -1.18466 0.565483 -5.82984 0.602776 0 5.77894 1.10239 0.349304 -3.48514 0.686265 -1.0557e-17 6.16289 0.118334 0.13722 0.0536358 0.682862 -1.13649e-17 6.69386 -0.456341 -0.0857347 5.50747 0.697557 -2.02997e-17 7.82529 -1.54945 -0.140008 8.48341 0.686383 -2.60628e-17 9.77186 -0.940923 -0.155186 10.1314 0.671185 -2.98794e-17 10.8563 1.62248 -0.107719 -0.281101 0.157802 -1.32927e-17 4.92478 0.736013 -0.221286 2.08623 2.38959 -1.86396e-17 4.96043 0.433981 -0.418362 -1.54225 1.05142 -2.06766e-17 4.97002 0.787173 -2.13994 4.06284 -1.20405 1.26863 -7.82717 7.75148 1.99883 -5.05777 1.9815 13.3291 3.34342 -3.36319 -30.7003 -11.2365 -20.0518 30.0522 0.0615366 0.141 5.27888 -1.2052 -26.2968 24.9344 0.0510561 0.116988 -14.9041 -79.3371 -18.3949 -1.26863 -7.82715 7.75138 1.09141 -2.94447 -0.740859 -13.3291 3.34342 -3.36319 35.0752 -16.5349 5.38224 -30.0522 0.0615366 0.141 -4.95555 -1.05332 24.58 -24.9344 0.0510559 0.116988 8.49473 -61.48 8.61097 9.50369 -4.32711 2.09145 3.32814 -17.5907 -12.0033 -0.876987 -39.8926 -0.674123 -4.71366 17.219 0.410938 -2.39345 -41.5694 -6.22357 -1.37552 -5.80962 15.6744 0.801613 -10.1701 12.8571 2.48481e-17 -7.95139e-16 1.2424e-17 -9.50369 -4.32711 2.09145 4.51572 -15.5603 28.467 0.876987 -39.8926 -0.674123 4.16048 15.2846 -0.289927 2.39345 -41.5694 -6.22357 -2.52189 4.06088 -14.0867 -0.801613 -10.1701 12.8571 5.94695e-16 -6.2113e-16 -1.27967e-14 
-9.80392 105.005 -78.0957 0.203956 7.62052 -4.99308 0 5.22546 -1.18466 0.545601 -4.1465 0.543979 0 5.77894 1.10239 0.358057 -2.23752 0.604673 -1.0557e-17 6.16289 0.118334 0.172066 0.542852 0.618428 -1.13649e-17 6.69386 -0.456341 -0.0177225 4.89798 0.629603 -2.02997e-17 7.82529 -1.54945 -0.0576668 7.08515 0.609822 -2.60628e-17 9.77186 -0.940923 -0.0431196 8.37561 0.566517 -2.98794e-17 10.8563 1.62248 -0.117622 -0.0776247 0.17925 -1.32927e-17 4.92478 0.736013 -0.11358 1.13275 2.18007 -1.86396e-17 4.96043 0.433981 -0.367258 -0.922844 0.952113 -2.06766e-17 4.97002 0.787173 -2.19085 5.23659 -1.04671 1.26863 -7.82717 7.75148 0.998712 -3.55988 0.920058 13.3291 3.34342 -3.36319 -33.6685 -7.99702 -18.7075 30.0522 0.0615366 0.141 4.67644 -0.931832 -23.1188 24.9344 0.0510561 0.116988 -21.7439 -80.3858 -25.5626 -1.26863 -7.82715 7.75138 2.58905 -1.19646 0.137243 -13.3291 3.34342 -3.36319 38.4041 -11.5757 4.50222 -30.0522 0.0615366 0.141 -4.22629 -0.752935 20.7892 -24.9344 0.0510559 0.116988 11.085 -65.5585 11.6952 9.50369 -4.32711 2.09145 1.9899 -16.8997 -11.8545 -0.876987 -39.8926 -0.674123 -5.06104 18.4151 0.49631 -2.39345 -41.5694 -6.22357 0.431258 -7.90838 15.6051 0.801613 -10.1701 12.8571 2.48481e-17 -7.95139e-16 1.2424e-17 -9.50369 -4.32711 2.09145 5.79232 -14.7867 28.3686 0.876987 -39.8926 -0.674123 4.26976 15.6695 -0.31236 2.39345 -41.5694 -6.22357 -3.74763 2.56606 -13.9576 -0.801613 -10.1701 12.8571 1.99116e-16 -5.96375e-16 -1.27719e-14 
-9.90233 103.374 -78.0426 -0.14977 7.16455 -4.5839 0 5.22546 -1.18466 0.584235 -2.63495 0.437686 0 5.77894 1.10239 0.423959 -1.16805 0.490411 -1.0557e-17 6.16289 0.118334 0.25118 0.951685 0.523065 -1.13649e-17 6.69386 -0.456341 0.0815901 4.33315 0.532423 -2.02997e-17 7.82529 -1.54945 0.0358423 5.83418 0.497367 -2.60628e-17 9.77186 -0.940923 0.0506823 6.81111 0.425833 -2.98794e-17 10.8563 1.62248 -0.127319 0.111715 0.195666 -1.32927e-17 4.92478 0.736013 -0.0195401 0.672047 1.93623 -1.86396e-17 4.96043 0.433981 -0.325781 -0.427748 0.836647 -2.06766e-17 4.97002 0.787173 -2.47174 5.83554 -0.838496 1.26863 -7.82717 7.75148 0.228576 -2.19953 0.00969436 13.3291 3.34342 -3.36319 -37.2342 -4.58118 -17.5675 30.0522 0.0615366 0.141 4.18285 -0.736959 -20.5678 24.9344 0.0510561 0.116988 -27.6091 -81.6808 -31.6159 -1.26863 -7.82715 7.75138 3.75896 0.451878 0.874444 -13.3291 3.34342 -3.36319 42.3016 -5.49166 3.63389 -30.0522 0.0615366 0.141 -3.59403 -0.53664 17.5747 -24.9344 0.0510559 0.116988 15.491 -70.2985 16.8552 9.50369 -4.32711 2.09145 1.10987 -16.1898 -11.4725 -0.876987 -39.8926 -0.674123 -5.34539 19.3828 0.571479 -2.39345 -41.5694 -6.22357 2.01023 -9.73245 15.608 0.801613 -10.1701 12.8571 2.48481e-17 -7.95139e-16 1.2424e-17 -9.50369 -4.32711 2.09145 6.53444 -14.1699 26.8851 0.876987 -39.8926 -0.674123 4.32658 15.8691 -0.324313 2.39345 -41.5694 -6.22357 -4.96524 0.88041 -13.9506 -0.801613 -10.1701 12.8571 -5.9569e-16 -5.59113e-16 -1.27471e-14 
-10.0333 101.423 -78.1425 -0.430693 6.75491 -4.24931 0 5.22546 -1.18466 0.61209 -1.32487 0.311452 0 5.77894 1.10239 0.481816 -0.265485 0.360589 -1.0557e-17 6.16289 0.118334 0.322343 1.3022 0.412622 -1.13649e-17 6.69386 -0.456341 0.17143 3.85901 0.42209 -2.02997e-17 7.82529 -1.54945 0.116134 4.79723 0.371685 -2.60628e-17 9.77186 -0.940923 0.121395 5.50371 0.273098 -2.98794e-17 10.8563 1.62248 -0.135095 0.272152 0.202198 -1.32927e-17 4.92478 0.736013 0.0714812 0.478386 1.82777 -1.86396e-17 4.96043 0.433981 -0.307026 -0.0575234 0.784798 -2.06766e-17 4.97002 0.787173 -2.85024 6.03851 -0.50491 1.26863 -7.82717 7.75148 -0.287392 -0.974878 -0.774206 13.3291 3.34342 -3.36319 -41.1408 -0.914234 -16.6214 30.0522 0.0615366 0.141 3.76615 -0.591776 -18.4453 24.9344 0.0510561 0.116988 -34.8392 -83.4202 -38.8834 -1.26863 -7.82715 7.75138 4.62938 1.94103 1.53543 -13.3291 3.34342 -3.36319 46.7323 0.952892 3.09847 -30.0522 0.0615366 0.141 -3.06723 -0.385976 14.9375 -24.9344 0.0510559 0.116988 22.9164 -75.0466 25.0031 9.50369 -4.32711 2.09145 0.669797 -15.901 -11.2893 -0.876987 -39.8926 -0.674123 -5.73579 20.6939 0.682305 -2.39345 -41.5694 -6.22357 2.94341 -11.1332 15.6475 0.801613 -10.1701 12.8571 4.22086e-16 -7.82725e-16 1.03674e-20 -9.50369 -4.32711 2.09145 6.86538 -14.0324 25.1904 0.876987 -39.8926 -0.674123 4.52517 16.5638 -0.367626 2.39345 -41.5694 -6.22357 -5.85668 -0.678792 -14.0502 -0.801613 -10.1701 12.8571 5.95359e-16 -6.2115e-16 -1.27967e-14 
-10.1751 99.2248 -78.2557 -0.822447 5.94023 -4.38046 0 5.22546 -1.18466 0.67346 -0.22963 0.214876 0 5.77894 1.10239 0.567302 0.497145 0.266013 -1.0557e-17 6.16289 0.118334 0.412139 1.64822 0.335225 -1.13649e-17 6.69386 -0.456341 0.267892 3.55859 0.347056 -2.02997e-17 7.82529 -1.54945 0.202352 4.08202 0.280111 -2.60628e-17 9.77186 -0.940923 0.193758 4.57861 0.149687 -2.98794e-17 10.8563 1.62248 -0.141944 0.384553 0.199842 -1.32927e-17 4.92478 0.736013 0.201117 0.155478 2.05514 -1.86396e-17 4.96043 0.433981 -0.345827 0.212811 0.887174 -2.06766e-17 4.97002 0.787173 -3.3229 6.21042 -0.218438 1.26863 -7.82717 7.75148 -0.614509 0.134656 -1.48095 13.3291 3.34342 -3.36319 -45.0974 3.13659 -15.8481 30.0522 0.0615366 0.141 3.38329 -0.47338 -16.517 24.9344 0.0510561 0.116988 -50.7143 -85.5614 -54.4532 -1.26863 -7.82715 7.75138 5.41618 3.2552 2.15239 -13.3291 3.34342 -3.36319 50.9665 7.00313 3.16709 -30.0522 0.0615366 0.141 -2.63354 -0.281314 12.7892 -24.9344 0.0510559 0.116988 33.3047 -78.9925 35.7988 9.50369 -4.32711 2.09145 0.681946 -15.6158 -11.8739 -0.876987 -39.8926 -0.674123 -6.48229 23.1412 0.918134 -2.39345 -41.5694 -6.22357 3.20649 -11.795 15.6917 0.801613 -10.1701 12.8571 4.22417e-16 -7.82715e-16 2.88531e-33 -9.50369 -4.32711 2.09145 7.24361 -13.6318 24.7046 0.876987 -39.8926 -0.674123 4.90259 17.8714 -0.456481 2.39345 -41.5694 -6.22357 -6.1863 -1.64029 -14.1614 -0.801613 -10.1701 12.8571 -5.95359e-16 -5.59134e-16 -1.27471e-14 
-10.2639 96.7579 -78.3218 -1.43766 4.38754 -4.94287 0 5.22546 -1.18466 0.718619 0.855214 0.147538 0 5.77894 1.10239 0.634378 1.26187 0.199052 -1.0557e-17 6.16289 0.118334 0.485614 2.05589 0.281792 -1.13649e-17 6.69386 -0.456341 0.348852 3.39048 0.297311 -2.02997e-17 7.82529 -1.54945 0.280855 3.56098 0.216041 -2.60628e-17 9.77186 -0.940923 0.26409 3.87973 0.0507263 -2.98794e-17 10.8563 1.62248 -0.145888 0.475741 0.191443 -1.32927e-17 4.92478 0.736013 0.331215 -0.339032 2.39372 -1.86396e-17 4.96043 0.433981 -0.473521 0.120157 1.03489 -2.06766e-17 4.97002 0.787173 -3.50228 6.32973 0.302572 1.26863 -7.82717 7.75148 -0.910824 1.23101 -2.19378 13.3291 3.34342 -3.36319 -48.9204 7.52271 -15.0805 30.0522 0.0615366 0.141 2.99217 -0.366792 -14.5655 24.9344 0.0510561 0.116988 -97.3106 -86.589 -100.555 -1.26863 -7.82715 7.75138 6.11702 4.44303 2.79982 -13.3291 3.34342 -3.36319 54.7991 12.0508 3.66971 -30.0522 0.0615366 0.141 -2.25398 -0.203673 10.9232 -24.9344 0.0510559 0.116988 46.3899 -81.6047 48.62 9.50369 -4.32711 2.09145 0.94932 -14.8807 -13.3159 -0.876987 -39.8926 -0.674123 -7.62945 26.7384 1.33894 -2.39345 -41.5694 -6.22357 2.8744 -12.0619 15.7414 0.801613 -10.1701 12.8571 -3.72058e-16 -8.07542e-16 2.48273e-17 -9.50369 -4.32711 2.09145 7.72653 -12.5403 24.688 0.876987 -39.8926 -0.674123 5.745 20.7246 -0.685026 2.39345 -41.5694 -6.22357 -5.68544 -2.56731 -14.3767 -0.801613 -10.1701 12.8571 -1.99116e-16 -5.83909e-16 -1.27595e-14 
-10.3427 93.8601 -78.0694 -1.80897 2.14227 -5.62173 0 5.22546 -1.18466 0.655824 1.77978 0.1451 0 5.77894 1.10239 0.60959 1.95527 0.181766 -1.0557e-17 6.16289 0.118334 0.480277 2.50793 0.276091 -1.13649e-17 6.69386 -0.456341 0.35637 3.39542 0.296596 -2.02997e-17 7.82529 -1.54945 0.316245 3.31332 0.210372 -2.60628e-17 9.77186 -0.940923 0.324627 3.51033 0.0123242 -2.98794e-17 10.8563 1.62248 -0.14285 0.547446 0.175787 -1.32927e-17 4.92478 0.736013 0.465391 -0.901861 2.68963 -1.86396e-17 4.96043 0.433981 -0.460062 -0.198414 1.15977 -2.06766e-17 4.97002 0.787173 -3.5858 5.93828 0.67267 1.26863 -7.82717 7.75148 -1.21882 2.24594 -2.9688 13.3291 3.34342 -3.36319 -52.4949 12.6029 -14.7036 30.0522 0.0615366 0.141 2.61872 -0.278207 -12.7173 24.9344 0.0510561 0.116988 -141.001 -84.3636 -143.688 -1.26863 -7.82715 7.75138 6.48206 5.45548 3.20738 -13.3291 3.34342 -3.36319 58.4922 17.5558 4.28521 -30.0522 0.0615366 0.141 -1.86505 -0.137351 9.02227 -24.9344 0.0510559 0.116988 73.1657 -83.3431 74.8954 9.50369 -4.32711 2.09145 0.776042 -13.5772 -15.9613 -0.876987 -39.8926 -0.674123 -8.81577 30.2382 1.84349 -2.39345 -41.5694 -6.22357 3.66584 -14.0043 15.9571 0.801613 -10.1701 12.8571 2.45163e-17 -7.95149e-16 1.24344e-17 -9.50369 -4.32711 2.09145 8.64634 -10.8026 26.612 0.876987 -39.8926 -0.674123 6.88021 24.412 -1.05628 2.39345 -41.5694 -6.22357 -6.61433 -4.03926 -14.5882 -0.801613 -10.1701 12.8571 -9.9326e-16 -5.46689e-16 -1.27222e-14 
-10.4742 91.014 -77.7836 -1.89593 -0.75701 -6.33396 0 5.22546 -1.18466 0.260008 3.02149 0.110912 0 5.77894 1.10239 0.316359 2.86501 0.0871982 -1.0557e-17 6.16289 0.118334 0.275737 3.08991 0.19147 -1.13649e-17 6.69386 -0.456341 0.236466 3.37766 0.215344 -2.02997e-17 7.82529 -1.54945 0.281009 2.95077 0.145406 -2.60628e-17 9.77186 -0.940923 0.368706 2.97327 -0.0836273 -2.98794e-17 10.8563 1.62248 -0.137991 0.643172 0.158518 -1.32927e-17 4.92478 0.736013 0.522547 -1.19538 2.83283 -1.86396e-17 4.96043 0.433981 -0.370182 -0.280078 1.21319 -2.06766e-17 4.97002 0.787173 -3.13035 5.65268 1.89349 1.26863 -7.82717 7.75148 -1.13347 3.28923 -3.62427 13.3291 3.34342 -3.36319 -56.0198 17.8221 -14.2228 30.0522 0.0615366 0.141 2.29533 -0.211679 -11.127 24.9344 0.0510561 0.116988 -157.296 -80.7125 -159.114 -1.26863 -7.82715 7.75138 6.7025 6.4256 3.81178 -13.3291 3.34342 -3.36319 62.7253 21.6522 4.69115 -30.0522 0.0615366 0.141 -1.54502 -0.0926699 7.46515 -24.9344 0.0510559 0.116988 94.7997 -83.6612 95.9058 9.50369 -4.32711 2.09145 -0.0122662 -12.3614 -18.014 -0.876987 -39.8926 -0.674123 -10.629 35.1419 2.73713 -2.39345 -41.5694 -6.22357 4.63624 -17.1023 16.2449 0.801613 -10.1701 12.8571 8.19323e-16 -7.57898e-16 -2.4817e-17 -9.50369 -4.32711 2.09145 9.80459 -9.86606 28.1836 0.876987 -39.8926 -0.674123 9.04359 30.8839 -1.94795 2.39345 -41.5694 -6.22357 -7.09135 -6.87781 -15.1282 -0.801613 -10.1701 12.8571 -9.93923e-16 -5.46658e-16 -1.27222e-14 
-10.5192 88.7373 -77.3879 -1.30018 -4.75086 -6.47748 0 5.22546 -1.18466 -0.499249 4.59671 0.0137213 0 5.77894 1.10239 -0.258701 4.01141 -0.123811 -1.0557e-17 6.16289 0.118334 -0.136931 3.86044 -0.0158768 -1.13649e-17 6.69386 -0.456341 -0.0161938 3.44553 0.00821694 -2.02997e-17 7.82529 -1.54945 0.164183 2.58025 -0.0279102 -2.60628e-17 9.77186 -0.940923 0.379576 2.40253 -0.285515 -2.98794e-17 10.8563 1.62248 -0.127825 0.750061 0.139966 -1.32927e-17 4.92478 0.736013 0.53979 -0.914984 3.0247 -1.86396e-17 4.96043 0.433981 -0.379695 0.0249987 1.28958 -2.06766e-17 4.97002 0.787173 -2.20772 5.86538 3.21642 1.26863 -7.82717 7.75148 -0.968842 4.36294 -4.1986 13.3291 3.34342 -3.36319 -59.9267 23.141 -13.7023 30.0522 0.0615366 0.141 1.9844 -0.156468 -9.60558 24.9344 0.0510561 0.116988 -165.096 -76.7055 -166.34 -1.26863 -7.82715 7.75138 6.94668 7.28985 4.61456 -13.3291 3.34342 -3.36319 66.7065 23.6167 4.90597 -30.0522 0.0615366 0.141 -1.26016 -0.0603254 6.08348 -24.9344 0.0510559 0.116988 98.4098 -83.8041 98.7097 9.50369 -4.32711 2.09145 -1.46422 -10.4239 -18.7792 -0.876987 -39.8926 -0.674123 -12.6251 39.9284 3.86934 -2.39345 -41.5694 -6.22357 4.53896 -19.452 16.3467 0.801613 -10.1701 12.8571 2.55116e-17 -7.95108e-16 1.23929e-17 -9.50369 -4.32711 2.09145 9.8425 -7.98789 27.5951 0.876987 -39.8926 -0.674123 11.1777 36.5202 -3.03392 2.39345 -41.5694 -6.22357 -7.1298 -8.48357 -15.4331 -0.801613 -10.1701 12.8571 -1.39116e-15 -5.34244e-16 -1.27098e-14 
-10.5224 87.1759 -76.8817 -0.462976 -6.75323 -7.28029 0 5.22546 -1.18466 -1.08075 5.15765 -0.104204 0 5.77894 1.10239 -0.678772 4.49408 -0.33539 -1.0557e-17 6.16289 0.118334 -0.429785 4.26562 -0.231036 -1.13649e-17 6.69386 -0.456341 -0.180911 3.6949 -0.209274 -2.02997e-17 7.82529 -1.54945 0.088655 2.71291 -0.226414 -2.60628e-17 9.77186 -0.940923 0.387123 2.47687 -0.51336 -2.98794e-17 10.8563 1.62248 -0.114615 0.74778 0.113809 -1.32927e-17 4.92478 0.736013 0.628557 -0.382302 4.00619 -1.86396e-17 4.96043 0.433981 -0.277621 0.510937 1.73017 -2.06766e-17 4.97002 0.787173 -2.53411 5.17854 4.09803 1.26863 -7.82717 7.75148 -0.688512 4.72477 -4.07995 13.3291 3.34342 -3.36319 -65.4753 26.2461 -12.7458 30.0522 0.0615366 0.141 1.74381 -0.119561 -8.43278 24.9344 0.0510561 0.116988 -167.65 -74.4456 -168.682 -1.26863 -7.82715 7.75138 7.24471 7.40187 4.93333 -13.3291 3.34342 -3.36319 69.4483 23.7297 5.86568 -30.0522 0.0615366 0.141 -1.04657 -0.0406236 5.04963 -24.9344 0.0510559 0.116988 67.8707 -83.6042 67.9617 9.50369 -4.32711 2.09145 -2.65768 -10.7396 -18.0674 -0.876987 -39.8926 -0.674123 -14.5507 43.9783 5.08508 -2.39345 -41.5694 -6.22357 3.96525 -20.499 16.2829 0.801613 -10.1701 12.8571 4.22086e-16 -7.82725e-16 1.03674e-20 -9.50369 -4.32711 2.09145 9.93402 -10.2726 26.7823 0.876987 -39.8926 -0.674123 15.3727 45.5508 -5.63571 2.39345 -41.5694 -6.22357 -8.89773 -14.1118 -16.3902 -0.801613 -10.1701 12.8571 -1.9978e-16 -5.83888e-16 -1.27594e-14 
-10.4265 85.9179 -76.1968 0.101229 -4.46545 -8.22742 0 5.22546 -1.18466 -1.15329 3.7694 -0.315574 0 5.77894 1.10239 -0.698107 3.6194 -0.565565 -1.0557e-17 6.16289 0.118334 -0.425766 3.74245 -0.471401 -1.13649e-17 6.69386 -0.456341 -0.152767 3.8135 -0.459423 -2.02997e-17 7.82529 -1.54945 0.0766503 3.24541 -0.488741 -2.60628e-17 9.77186 -0.940923 0.305933 3.13017 -0.784592 -2.98794e-17 10.8563 1.62248 -0.0999274 0.618525 0.0797127 -1.32927e-17 4.92478 0.736013 0.835686 -1.6906 5.36461 -1.86396e-17 4.96043 0.433981 -0.390965 0.764262 2.31684 -2.06766e-17 4.97002 0.787173 -3.14062 4.42566 4.49339 1.26863 -7.82717 7.75148 -0.807158 4.52784 -3.53482 13.3291 3.34342 -3.36319 -71.2712 26.8398 -11.2293 30.0522 0.0615366 0.141 1.5476 -0.093173 -7.47873 24.9344 0.0510561 0.116988 -167.271 -74.6296 -167.87 -1.26863 -7.82715 7.75138 7.40193 6.7674 4.42799 -13.3291 3.34342 -3.36319 71.1438 23.7018 6.62255 -30.0522 0.0615366 0.141 -0.969654 -0.0344785 4.67776 -24.9344 0.0510559 0.116988 39.439 -80.0902 39.924 9.50369 -4.32711 2.09145 -2.64304 -15.5341 -16.2605 -0.876987 -39.8926 -0.674123 -16.8662 48.1891 6.67823 -2.39345 -41.5694 -6.22357 4.41014 -21.0975 16.3358 0.801613 -10.1701 12.8571 1.21688e-15 -7.45474e-16 -3.72406e-17 -9.50369 -4.32711 2.09145 10.6298 -14.6422 27.7817 0.876987 -39.8926 -0.674123 17.7757 49.6674 -7.33707 2.39345 -41.5694 -6.22357 -8.59699 -14.021 -16.4561 -0.801613 -10.1701 12.8571 3.37631e-15 -7.32892e-16 -1.29085e-14 
-10.2897 85.2911 -75.4532 0.727442 -4.9304 -8.35432 0 5.22546 -1.18466 -1.42401 2.61893 -0.456212 0 5.77894 1.10239 -0.91879 2.89321 -0.755177 -1.0557e-17 6.16289 0.118334 -0.609601 3.395 -0.678437 -1.13649e-17 6.69386 -0.456341 -0.290851 4.07032 -0.675391 -2.02997e-17 7.82529 -1.54945 -0.0739309 3.90105 -0.68686 -2.60628e-17 9.77186 -0.940923 0.128168 3.97248 -0.959908 -2.98794e-17 10.8563 1.62248 -0.0950115 0.524823 0.0374637 -1.32927e-17 4.92478 0.736013 1.03588 -4.3222 5.76725 -1.86396e-17 4.96043 0.433981 -0.934128 0.316631 2.47345 -2.06766e-17 4.97002 0.787173 -2.04508 5.67308 5.24129 1.26863 -7.82717 7.75148 -2.71246 4.62981 -3.70543 13.3291 3.34342 -3.36319 -73.6868 25.6799 -10.2883 30.0522 0.0615366 0.141 1.24848 -0.0593238 -6.02789 24.9344 0.0510561 0.116988 -171.51 -76.8171 -171.067 -1.26863 -7.82715 7.75138 7.60034 6.11068 4.10139 -13.3291 3.34342 -3.36319 72.1254 21.5968 6.55586 -30.0522 0.0615366 0.141 -1.00169 -0.0369791 4.83262 -24.9344 0.0510559 0.116988 25.5892 -75.1087 25.3488 9.50369 -4.32711 2.09145 -3.24674 -16.1403 -15.7316 -0.876987 -39.8926 -0.674123 -17.8075 49.7175 7.36045 -2.39345 -41.5694 -6.22357 3.74999 -21.0469 16.2055 0.801613 -10.1701 12.8571 1.61479e-15 -7.33029e-16 -4.96857e-17 -9.50369 -4.32711 2.09145 10.4435 -15.8449 28.0879 0.876987 -39.8926 -0.674123 19.8166 52.6673 -8.87251 2.39345 -41.5694 -6.22357 -8.4587 -13.9553 -16.3878 -0.801613 -10.1701 12.8571 2.01477e-16 -5.9647e-16 -1.2772e-14 
-10.3262 85.1419 -74.7515 1.19367 -5.58378 -7.82889 0 5.22546 -1.18466 -1.55427 1.65619 -0.618599 0 5.77894 1.10239 -1.00945 2.31719 -0.962428 -1.0557e-17 6.16289 0.118334 -0.675421 3.19848 -0.901927 -1.13649e-17 6.69386 -0.456341 -0.312169 4.47694 -0.91156 -2.02997e-17 7.82529 -1.54945 -0.1135 4.69438 -0.919688 -2.60628e-17 9.77186 -0.940923 0.0393766 4.91662 -1.18615 -2.98794e-17 10.8563 1.62248 -0.0925341 0.427001 -0.0124485 -1.32927e-17 4.92478 0.736013 1.20674 -4.65098 6.32506 -1.86396e-17 4.96043 0.433981 -1.01899 0.258717 2.73854 -2.06766e-17 4.97002 0.787173 -2.14025 5.76896 5.32243 1.26863 -7.82717 7.75148 -3.66462 4.15727 -3.19069 13.3291 3.34342 -3.36319 -75.1505 23.0489 -9.54216 30.0522 0.0615366 0.141 1.01097 -0.0378909 -4.87844 24.9344 0.0510561 0.116988 -172.484 -81.7817 -170.703 -1.26863 -7.82715 7.75138 7.23899 4.77983 3.34519 -13.3291 3.34342 -3.36319 72.4288 16.6099 6.89056 -30.0522 0.0615366 0.141 -1.12044 -0.047005 5.40706 -24.9344 0.0510559 0.116988 16.5484 -69.1258 15.8311 9.50369 -4.32711 2.09145 -3.99771 -16.3062 -16.6767 -0.876987 -39.8926 -0.674123 -18.4646 50.7272 7.84705 -2.39345 -41.5694 -6.22357 2.39783 -20.052 15.9381 0.801613 -10.1701 12.8571 1.21789e-15 -7.45432e-16 -3.72826e-17 -9.50369 -4.32711 2.09145 10.3145 -15.6425 28.1611 0.876987 -39.8926 -0.674123 20.3429 53.3758 -9.27989 2.39345 -41.5694 -6.22357 -8.9778 -13.9641 -16.4059 -0.801613 -10.1701 12.8571 5.96018e-16 -6.21181e-16 -1.27967e-14 
-10.7004 85.7154 -74.1506 1.39051 -5.32235 -7.14939 0 5.22546 -1.18466 -1.66321 0.132263 -0.758193 0 5.77894 1.10239 -1.09055 1.31873 -1.12619 -1.0557e-17 6.16289 0.118334 -0.727463 2.80768 -1.08002 -1.13649e-17 6.69386 -0.456341 -0.306749 5.02823 -1.09837 -2.02997e-17 7.82529 -1.54945 -0.111405 5.85385 -1.10592 -2.60628e-17 9.77186 -0.940923 0.00950378 6.3209 -1.37299 -2.98794e-17 10.8563 1.62248 -0.0915376 0.255996 -0.0809729 -1.32927e-17 4.92478 0.736013 1.21778 -3.34278 6.59585 -1.86396e-17 4.96043 0.433981 -0.76621 -0.41704 2.90227 -2.06766e-17 4.97002 0.787173 -2.29142 4.11556 5.47744 1.26863 -7.82717 7.75148 -3.90487 2.98257 -2.27226 13.3291 3.34342 -3.36319 -75.6411 18.4805 -9.09974 30.0522 0.0615366 0.141 0.813695 -0.0237316 -3.9251 24.9344 0.0510561 0.116988 -87.498 -89.2796 -85.3254 -1.26863 -7.82715 7.75138 6.01234 2.71714 2.00925 -13.3291 3.34342 -3.36319 73.7113 11.0237 7.27938 -30.0522 0.0615366 0.141 -1.27314 -0.0616604 6.14639 -24.9344 0.0510559 0.116988 10.3401 -64.1124 10.1964 9.50369 -4.32711 2.09145 -4.32199 -16.7644 -17.8284 -0.876987 -39.8926 -0.674123 -18.377 50.5952 7.78171 -2.39345 -41.5694 -6.22357 1.47513 -17.6991 15.789 0.801613 -10.1701 12.8571 1.61479e-15 -7.33029e-16 -4.96857e-17 -9.50369 -4.32711 2.09145 10.3019 -14.4731 28.5533 0.876987 -39.8926 -0.674123 18.7003 51.0785 -8.02353 2.39345 -41.5694 -6.22357 -9.46831 -14.8661 -16.4206 -0.801613 -10.1701 12.8571 -1.98112e-16 -5.83962e-16 -1.27595e-14 
-11.1742 86.8668 -73.9246 1.14205 -4.28013 -6.85709 0 5.22546 -1.18466 -1.57771 -1.84386 -0.837719 0 5.77894 1.10239 -1.03161 -0.0788826 -1.18897 -1.0557e-17 6.16289 0.118334 -0.673348 2.17251 -1.15069 -1.13649e-17 6.69386 -0.456341 -0.23037 5.57352 -1.17218 -2.02997e-17 7.82529 -1.54945 -0.0508441 7.16624 -1.1845 -2.60628e-17 9.77186 -0.940923 0.0292412 7.93815 -1.45586 -2.98794e-17 10.8563 1.62248 -0.091353 0.058177 -0.142114 -1.32927e-17 4.92478 0.736013 1.07641 -1.13239 6.51871 -1.86396e-17 4.96043 0.433981 -0.348951 -1.17837 2.91476 -2.06766e-17 4.97002 0.787173 -2.60606 1.60409 5.56806 1.26863 -7.82717 7.75148 -3.62594 1.37713 -1.05819 13.3291 3.34342 -3.36319 -75.5832 12.5374 -8.83719 30.0522 0.0615366 0.141 0.694084 -0.016749 -3.34755 24.9344 0.0510561 0.116988 -2.70048 -81.5097 -0.91018 -1.26863 -7.82715 7.75138 4.43752 0.414428 0.359362 -13.3291 3.34342 -3.36319 74.8692 5.05532 7.50658 -30.0522 0.0615366 0.141 -1.50916 -0.0882325 7.291 -24.9344 0.0510559 0.116988 5.49373 -59.6836 6.12297 9.50369 -4.32711 2.09145 -4.12363 -17.2787 -18.7831 -0.876987 -39.8926 -0.674123 -17.3832 49.0408 7.05071 -2.39345 -41.5694 -6.22357 1.35805 -14.9439 15.8249 0.801613 -10.1701 12.8571 -7.68272e-16 -8.32327e-16 4.9612e-17 -9.50369 -4.32711 2.09145 10.4756 -13.4063 28.969 0.876987 -39.8926 -0.674123 16.194 47.0353 -6.20265 2.39345 -41.5694 -6.22357 -9.79 -14.9167 -16.2788 -0.801613 -10.1701 12.8571 -1.78772e-15 -5.09449e-16 -1.26974e-14 
-11.4946 88.5759 -73.9502 0.590802 -3.44686 -6.80662 0 5.22546 -1.18466 -1.33012 -3.97081 -0.830226 0 5.77894 1.10239 -0.857378 -1.671 -1.13363 -1.0557e-17 6.16289 0.118334 -0.545012 1.42481 -1.10073 -1.13649e-17 6.69386 -0.456341 -0.127248 6.10862 -1.12354 -2.02997e-17 7.82529 -1.54945 0.0214208 8.5337 -1.14364 -2.60628e-17 9.77186 -0.940923 0.0524914 9.64612 -1.41217 -2.98794e-17 10.8563 1.62248 -0.0899269 -0.125812 -0.19114 -1.32927e-17 4.92478 0.736013 0.769157 2.09471 6.1093 -1.86396e-17 4.96043 0.433981 -0.0542296 -1.85049 2.76502 -2.06766e-17 4.97002 0.787173 -2.9842 -0.827521 5.45164 1.26863 -7.82717 7.75148 -2.9819 -0.447366 0.30564 13.3291 3.34342 -3.36319 -75.2841 6.8632 -8.59012 30.0522 0.0615366 0.141 0.687463 -0.0163946 -3.31559 24.9344 0.0510561 0.116988 0.707215 -75.9572 1.71202 -1.26863 -7.82715 7.75138 2.50871 -1.81158 -1.37882 -13.3291 3.34342 -3.36319 75.5662 0.0296706 7.27998 -30.0522 0.0615366 0.141 -1.84388 -0.134142 8.91905 -24.9344 0.0510559 0.116988 1.96608 -56.2213 3.185 9.50369 -4.32711 2.09145 -3.67199 -15.9693 -19.6065 -0.876987 -39.8926 -0.674123 -15.0604 44.9638 5.42443 -2.39345 -41.5694 -6.22357 1.96489 -12.7079 15.8806 0.801613 -10.1701 12.8571 4.21408e-16 -7.82757e-16 4.20622e-20 -9.50369 -4.32711 2.09145 10.5079 -11.6787 29.2332 0.876987 -39.8926 -0.674123 13.4374 41.7016 -4.36865 2.39345 -41.5694 -6.22357 -9.39247 -13.1577 -15.8223 -0.801613 -10.1701 12.8571 -2.00131e-16 -5.83867e-16 -1.27594e-14 
-11.4771 90.6111 -74.4749 0.0954689 -3.04918 -6.96058 0 5.22546 -1.18466 -1.05811 -4.93781 -0.744698 0 5.77894 1.10239 -0.673999 -2.48215 -1.00133 -1.0557e-17 6.16289 0.118334 -0.426845 0.9417 -0.970696 -1.13649e-17 6.69386 -0.456341 -0.065771 6.14871 -0.997401 -2.02997e-17 7.82529 -1.54945 0.0475036 8.89257 -1.01971 -2.60628e-17 9.77186 -0.940923 0.0460363 10.1244 -1.26107 -2.98794e-17 10.8563 1.62248 -0.0832151 -0.174625 -0.210419 -1.32927e-17 4.92478 0.736013 0.487592 5.18797 5.5472 -1.86396e-17 4.96043 0.433981 0.142827 -2.24271 2.51542 -2.06766e-17 4.97002 0.787173 -3.2397 -2.17027 5.24327 1.26863 -7.82717 7.75148 -2.07723 -1.54917 1.3742 13.3291 3.34342 -3.36319 -74.4153 3.17223 -8.03458 30.0522 0.0615366 0.141 0.822606 -0.0242902 -3.96815 24.9344 0.0510561 0.116988 1.72 -73.6745 1.94717 -1.26863 -7.82715 7.75138 0.439779 -3.01821 -2.62199 -13.3291 3.34342 -3.36319 75.3801 -3.71574 6.01779 -30.0522 0.0615366 0.141 -2.3287 -0.217963 11.2895 -24.9344 0.0510559 0.116988 0.894765 -53.9369 2.08504 9.50369 -4.32711 2.09145 -3.2576 -13.5139 -20.1577 -0.876987 -39.8926 -0.674123 -12.3231 39.2439 3.68904 -2.39345 -41.5694 -6.22357 2.26063 -10.0255 15.7916 0.801613 -10.1701 12.8571 2.51846e-17 -7.95128e-16 1.24135e-17 -9.50369 -4.32711 2.09145 10.0435 -10.2057 28.5988 0.876987 -39.8926 -0.674123 11.2057 36.5892 -3.04936 2.39345 -41.5694 -6.22357 -7.77956 -9.238 -15.111 -0.801613 -10.1701 12.8571 -5.96018e-16 -5.59103e-16 -1.27471e-14 
-11.1771 92.9774 -75.3652 -0.237805 -2.72031 -7.05623 0 5.22546 -1.18466 -0.789094 -5.32474 -0.669832 0 5.77894 1.10239 -0.479935 -2.87074 -0.875946 -1.0557e-17 6.16289 0.118334 -0.298774 0.635463 -0.846315 -1.13649e-17 6.69386 -0.456341 -0.00270786 6.00171 -0.8759 -2.02997e-17 7.82529 -1.54945 0.0688931 8.81629 -0.907005 -2.60628e-17 9.77186 -0.940923 0.0288423 10.057 -1.12183 -2.98794e-17 10.8563 1.62248 -0.0772705 -0.177567 -0.212002 -1.32927e-17 4.92478 0.736013 0.246481 8.11465 5.0395 -1.86396e-17 4.96043 0.433981 0.205248 -2.44136 2.27077 -2.06766e-17 4.97002 0.787173 -3.54195 -3.25431 4.9806 1.26863 -7.82717 7.75148 -0.696246 -2.32287 2.27489 13.3291 3.34342 -3.36319 -73.6798 1.03861 -7.66121 30.0522 0.0615366 0.141 1.07807 -0.0434449 -5.20303 24.9344 0.0510561 0.116988 2.97219 -72.2298 2.4235 -1.26863 -7.82715 7.75138 -1.65093 -3.7235 -3.50134 -13.3291 3.34342 -3.36319 74.4065 -5.66127 4.38212 -30.0522 0.0615366 0.141 -2.91326 -0.34687 14.1726 -24.9344 0.0510559 0.116988 1.29741 -52.985 2.0944 9.50369 -4.32711 2.09145 -2.73615 -10.5148 -19.9792 -0.876987 -39.8926 -0.674123 -9.49797 32.1464 2.16321 -2.39345 -41.5694 -6.22357 1.67424 -5.91262 15.5152 0.801613 -10.1701 12.8571 2.48481e-17 -7.95139e-16 1.2424e-17 -9.50369 -4.32711 2.09145 9.09041 -8.5443 27.0353 0.876987 -39.8926 -0.674123 8.98415 30.7163 -1.92046 2.39345 -41.5694 -6.22357 -5.68855 -3.76352 -14.3189 -0.801613 -10.1701 12.8571 5.95345e-16 -6.2115e-16 -1.27967e-14 
-10.7136 95.5075 -76.5911 -0.366236 -2.13254 -6.95808 0 5.22546 -1.18466 -0.525869 -5.66049 -0.612398 0 5.77894 1.10239 -0.280641 -3.23185 -0.758315 -1.0557e-17 6.16289 0.118334 -0.162358 0.319926 -0.726039 -1.13649e-17 6.69386 -0.456341 0.0680118 5.80359 -0.755305 -2.02997e-17 7.82529 -1.54945 0.096075 8.65664 -0.798959 -2.60628e-17 9.77186 -0.940923 0.0156359 9.87594 -0.991553 -2.98794e-17 10.8563 1.62248 -0.0690082 -0.186105 -0.204937 -1.32927e-17 4.92478 0.736013 0.0687532 10.632 4.39311 -1.86396e-17 4.96043 0.433981 0.284827 -2.44679 1.95085 -2.06766e-17 4.97002 0.787173 -3.87907 -3.93832 4.88408 1.26863 -7.82717 7.75148 1.35038 -3.0532 3.2194 13.3291 3.34342 -3.36319 -73.339 -0.394752 -7.61977 30.0522 0.0615366 0.141 1.42154 -0.0779536 -6.86684 24.9344 0.0510561 0.116988 5.15059 -69.8689 4.12564 -1.26863 -7.82715 7.75138 -3.91266 -4.29614 -4.27014 -13.3291 3.34342 -3.36319 73.007 -6.59196 2.68388 -30.0522 0.0615366 0.141 -3.59827 -0.537983 17.5961 -24.9344 0.0510559 0.116988 1.73075 -52.6664 1.73884 9.50369 -4.32711 2.09145 -2.05965 -8.75419 -19.1334 -0.876987 -39.8926 -0.674123 -7.42446 26.1107 1.25875 -2.39345 -41.5694 -6.22357 0.807627 -2.16773 15.256 0.801613 -10.1701 12.8571 8.19314e-16 -7.57898e-16 -2.48165e-17 -9.50369 -4.32711 2.09145 8.00855 -7.04269 25.2749 0.876987 -39.8926 -0.674123 6.82227 24.2285 -1.03564 2.39345 -41.5694 -6.22357 -3.1638 3.20622 -13.4972 -0.801613 -10.1701 12.8571 -1.98112e-16 -5.83962e-16 -1.27595e-14 
-9.9116 98.0274 -77.8446 -0.233837 -0.234901 -6.63891 0 5.22546 -1.18466 -0.269444 -6.01691 -0.618877 0 5.77894 1.10239 -0.0684979 -3.67345 -0.689279 -1.0557e-17 6.16289 0.118334 -0.00304684 -0.158266 -0.646092 -1.13649e-17 6.69386 -0.456341 0.171912 5.36418 -0.672149 -2.02997e-17 7.82529 -1.54945 0.153207 8.20072 -0.733976 -2.60628e-17 9.77186 -0.940923 0.0262686 9.35612 -0.922885 -2.98794e-17 10.8563 1.62248 -0.0507107 -0.193352 -0.186596 -1.32927e-17 4.92478 0.736013 -0.016637 12.4054 3.73315 -1.86396e-17 4.96043 0.433981 0.430386 -2.04227 1.62288 -2.06766e-17 4.97002 0.787173 -4.44209 -4.08472 4.9242 1.26863 -7.82717 7.75148 3.97564 -3.50957 4.17246 13.3291 3.34342 -3.36319 -73.4338 -1.07728 -7.39306 30.0522 0.0615366 0.141 1.86171 -0.136992 -9.00707 24.9344 0.0510561 0.116988 6.20847 -67.6081 4.75629 -1.26863 -7.82715 7.75138 -6.16578 -4.58023 -4.87127 -13.3291 3.34342 -3.36319 71.3582 -7.50942 0.623728 -30.0522 0.0615366 0.141 -4.44751 -0.83815 21.9288 -24.9344 0.0510559 0.116988 2.06268 -52.358 1.17289 9.50369 -4.32711 2.09145 -0.642786 -10.6932 -16.7656 -0.876987 -39.8926 -0.674123 -6.83562 24.2708 1.04038 -2.39345 -41.5694 -6.22357 2.00281 -5.19261 15.3802 0.801613 -10.1701 12.8571 4.22754e-16 -7.82694e-16 -2.10311e-20 -9.50369 -4.32711 2.09145 6.87845 -7.22238 23.1982 0.876987 -39.8926 -0.674123 4.92884 17.9617 -0.462977 2.39345 -41.5694 -6.22357 0.290451 11.4477 -13.0338 -0.801613 -10.1701 12.8571 1.78738e-15 -6.70825e-16 -1.28464e-14 
-8.99274 100.424 -79.0578 -0.110816 3.11062 -5.90362 0 5.22546 -1.18466 -0.0201753 -6.58744 -0.633857 0 5.77894 1.10239 0.153002 -4.33497 -0.625573 -1.0557e-17 6.16289 0.118334 0.167569 -0.836255 -0.568868 -1.13649e-17 6.69386 -0.456341 0.289317 4.7836 -0.591315 -2.02997e-17 7.82529 -1.54945 0.22198 7.65177 -0.668711 -2.60628e-17 9.77186 -0.940923 0.0486005 8.74867 -0.857575 -2.98794e-17 10.8563 1.62248 -0.024136 -0.210011 -0.157669 -1.32927e-17 4.92478 0.736013 -0.0559519 13.2148 3.1486 -1.86396e-17 4.96043 0.433981 0.643942 -1.33527 1.3341 -2.06766e-17 4.97002 0.787173 -4.88608 -3.40345 4.65843 1.26863 -7.82717 7.75148 6.84244 -3.74894 5.01705 13.3291 3.34342 -3.36319 -73.5185 -1.5255 -7.37542 30.0522 0.0615366 0.141 2.41033 -0.234243 -11.6916 24.9344 0.0510561 0.116988 6.51397 -65.1367 4.64515 -1.26863 -7.82715 7.75138 -8.17534 -4.59906 -5.31 -13.3291 3.34342 -3.36319 69.3726 -8.75471 -1.44059 -30.0522 0.0615366 0.141 -5.42529 -1.2777 27.0798 -24.9344 0.0510559 0.116988 1.73644 -52.9078 -0.101338 9.50369 -4.32711 2.09145 1.41353 -15.1653 -14.1076 -0.876987 -39.8926 -0.674123 -6.67777 23.7685 0.984939 -2.39345 -41.5694 -6.22357 3.48482 -9.2632 15.6812 0.801613 -10.1701 12.8571 2.51846e-17 -7.95128e-16 1.24135e-17 -9.50369 -4.32711 2.09145 6.16543 -10.4912 21.7903 0.876987 -39.8926 -0.674123 4.04587 14.8795 -0.267184 2.39345 -41.5694 -6.22357 1.43521 14.8034 -12.9075 -0.801613 -10.1701 12.8571 -1.78603e-15 -5.09522e-16 -1.26975e-14 
-8.57107 102.762 -79.7276 -0.134422 6.83817 -4.55534 0 5.22546 -1.18466 0.122943 -7.26532 -0.672909 0 5.77894 1.10239 0.289178 -5.10918 -0.600421 -1.0557e-17 6.16289 0.118334 0.276276 -1.56343 -0.528284 -1.13649e-17 6.69386 -0.456341 0.367859 4.24156 -0.539564 -2.02997e-17 7.82529 -1.54945 0.261283 7.22866 -0.618739 -2.60628e-17 9.77186 -0.940923 0.0515985 8.33999 -0.798414 -2.98794e-17 10.8563 1.62248 0.000231973 -0.225933 -0.117787 -1.32927e-17 4.92478 0.736013 -0.143769 13.4135 2.67507 -1.86396e-17 4.96043 0.433981 0.614938 -0.70998 1.10181 -2.06766e-17 4.97002 0.787173 -4.56119 -2.16646 4.14494 1.26863 -7.82717 7.75148 9.17328 -3.93796 5.67641 13.3291 3.34342 -3.36319 -72.6587 -2.55225 -7.8296 30.0522 0.0615366 0.141 3.07549 -0.388278 -14.9798 24.9344 0.0510561 0.116988 6.52018 -62.1733 4.21881 -1.26863 -7.82715 7.75138 -9.33117 -4.52589 -5.31813 -13.3291 3.34342 -3.36319 66.5934 -11.3216 -3.22594 -30.0522 0.0615366 0.141 -6.38988 -1.82195 32.3935 -24.9344 0.0510559 0.116988 0.91566 -53.7207 -2.0212 9.50369 -4.32711 2.09145 3.20765 -20.0991 -13.5461 -0.876987 -39.8926 -0.674123 -6.46206 23.0759 0.911336 -2.39345 -41.5694 -6.22357 2.61515 -10.2691 15.8701 0.801613 -10.1701 12.8571 -3.72385e-16 -8.07552e-16 2.48376e-17 -9.50369 -4.32711 2.09145 4.87084 -16.1061 19.5122 0.876987 -39.8926 -0.674123 4.55448 16.666 -0.374222 2.39345 -41.5694 -6.22357 -1.17881 5.17401 -13.8643 -0.801613 -10.1701 12.8571 -3.77523e-15 -4.22491e-16 -1.26105e-14 
-8.46543 104.91 -80.0911 -0.307422 9.24855 -3.4129 0 5.22546 -1.18466 0.278531 -8.01112 -0.662111 0 5.77894 1.10239 0.424301 -5.88332 -0.537934 -1.0557e-17 6.16289 0.118334 0.382676 -2.12534 -0.455041 -1.13649e-17 6.69386 -0.456341 0.43355 4.04166 -0.451292 -2.02997e-17 7.82529 -1.54945 0.297458 7.25553 -0.530992 -2.60628e-17 9.77186 -0.940923 0.0625176 8.50571 -0.697252 -2.98794e-17 10.8563 1.62248 0.0265634 -0.252028 -0.0790875 -1.32927e-17 4.92478 0.736013 -0.225823 13.7081 2.41188 -1.86396e-17 4.96043 0.433981 0.561535 -0.957059 0.978853 -2.06766e-17 4.97002 0.787173 -4.22444 -1.51691 3.14447 1.26863 -7.82717 7.75148 10.7497 -4.41611 6.36458 13.3291 3.34342 -3.36319 -70.5844 -3.63054 -9.064 30.0522 0.0615366 0.141 3.71377 -0.574715 -18.1804 24.9344 0.0510561 0.116988 6.32478 -59.8875 4.12398 -1.26863 -7.82715 7.75138 -9.96098 -4.74771 -5.46965 -13.3291 3.34342 -3.36319 63.3071 -14.8644 -4.11705 -30.0522 0.0615366 0.141 -7.11266 -2.31267 36.5779 -24.9344 0.0510559 0.116988 -0.0358531 -53.5734 -3.82799 9.50369 -4.32711 2.09145 5.06521 -23.159 -13.0112 -0.876987 -39.8926 -0.674123 -6.16011 22.0949 0.812561 -2.39345 -41.5694 -6.22357 0.515372 -9.52803 15.8988 0.801613 -10.1701 12.8571 2.45116e-17 -7.95149e-16 1.24346e-17 -9.50369 -4.32711 2.09145 2.98375 -19.5696 16.3122 0.876987 -39.8926 -0.674123 4.66906 17.0644 -0.400498 2.39345 -41.5694 -6.22357 -3.16119 -1.91227 -14.5511 -0.801613 -10.1701 12.8571 -9.96279e-16 -5.46553e-16 -1.27221e-14 
-8.45226 106.657 -80.3451 -0.525376 9.80936 -2.9271 0 5.22546 -1.18466 0.435727 -8.29928 -0.567687 0 5.77894 1.10239 0.545724 -6.17661 -0.407807 -1.0557e-17 6.16289 0.118334 0.473854 -2.25903 -0.324825 -1.13649e-17 6.69386 -0.456341 0.479772 4.11021 -0.313118 -2.02997e-17 7.82529 -1.54945 0.33799 7.44308 -0.399571 -2.60628e-17 9.77186 -0.940923 0.10488 8.80733 -0.555111 -2.98794e-17 10.8563 1.62248 0.057864 -0.263667 -0.0516744 -1.32927e-17 4.92478 0.736013 -0.174383 14.2206 1.86018 -1.86396e-17 4.96043 0.433981 0.681376 -2.24292 0.731333 -2.06766e-17 4.97002 0.787173 -4.31948 -2.14539 2.59237 1.26863 -7.82717 7.75148 12.1309 -4.96046 7.05901 13.3291 3.34342 -3.36319 -67.8714 -4.01953 -10.8881 30.0522 0.0615366 0.141 4.24666 -0.760701 -20.8951 24.9344 0.0510561 0.116988 6.01903 -59.4277 4.22132 -1.26863 -7.82715 7.75138 -10.8096 -5.19837 -6.04566 -13.3291 3.34342 -3.36319 60.5654 -18.731 -3.76676 -30.0522 0.0615366 0.141 -7.50632 -2.61411 38.95 -24.9344 0.0510559 0.116988 -0.504347 -52.2428 -4.4735 9.50369 -4.32711 2.09145 7.58972 -23.4978 -10.2196 -0.876987 -39.8926 -0.674123 -5.7418 20.7139 0.684078 -2.39345 -41.5694 -6.22357 -1.99653 -9.04115 15.8963 0.801613 -10.1701 12.8571 2.48481e-17 -7.95139e-16 1.2424e-17 -9.50369 -4.32711 2.09145 1.6116 -20.638 14.6016 0.876987 -39.8926 -0.674123 4.60243 16.8329 -0.385122 2.39345 -41.5694 -6.22357 -3.44169 -3.33919 -14.8019 -0.801613 -10.1701 12.8571 -5.96695e-16 -5.59071e-16 -1.2747e-14 
-8.49346 107.789 -80.4886 -0.895418 9.77889 -2.84647 0 5.22546 -1.18466 0.499062 -8.2689 -0.445119 0 5.77894 1.10239 0.584561 -6.14327 -0.279442 -1.0557e-17 6.16289 0.118334 0.504838 -2.10483 -0.203287 -1.13649e-17 6.69386 -0.456341 0.497402 4.39332 -0.189818 -2.02997e-17 7.82529 -1.54945 0.378009 7.78269 -0.284844 -2.60628e-17 9.77186 -0.940923 0.174148 9.2159 -0.437568 -2.98794e-17 10.8563 1.62248 0.0888346 -0.296857 -0.0452159 -1.32927e-17 4.92478 0.736013 -0.0882939 15.6521 1.36151 -1.86396e-17 4.96043 0.433981 0.925795 -3.4004 0.509138 -2.06766e-17 4.97002 0.787173 -4.35997 -3.93782 2.51287 1.26863 -7.82717 7.75148 14.1618 -5.59995 7.90005 13.3291 3.34342 -3.36319 -65.6338 -4.73803 -12.6698 30.0522 0.0615366 0.141 4.80695 -0.987634 -23.8008 24.9344 0.0510561 0.116988 5.80156 -59.2324 4.29005 -1.26863 -7.82715 7.75138 -12.4518 -5.9519 -6.93829 -13.3291 3.34342 -3.36319 59.1944 -22.5236 -2.02218 -30.0522 0.0615366 0.141 -7.62741 -2.71216 39.695 -24.9344 0.0510559 0.116988 -0.625198 -50.3924 -4.0613 9.50369 -4.32711 2.09145 10.5418 -22.8144 -6.40409 -0.876987 -39.8926 -0.674123 -5.37175 19.472 0.578686 -2.39345 -41.5694 -6.22357 -4.28016 -9.29267 15.9203 0.801613 -10.1701 12.8571 2.48481e-17 -7.95139e-16 1.2424e-17 -9.50369 -4.32711 2.09145 0.98134 -20.6416 14.7016 0.876987 -39.8926 -0.674123 4.50257 16.485 -0.362577 2.39345 -41.5694 -6.22357 -2.30726 -2.65432 -14.9878 -0.801613 -10.1701 12.8571 -1.78804e-15 -5.09428e-16 -1.26974e-14 
-8.57546 108.266 -80.5614 -1.43775 9.83469 -2.69475 0 5.22546 -1.18466 0.431379 -7.75748 -0.32769 0 5.77894 1.10239 0.517506 -5.71089 -0.194074 -1.0557e-17 6.16289 0.118334 0.455731 -1.79279 -0.126498 -1.13649e-17 6.69386 -0.456341 0.466384 4.48886 -0.115802 -2.02997e-17 7.82529 -1.54945 0.385705 7.72155 -0.212269 -2.60628e-17 9.77186 -0.940923 0.226833 9.09256 -0.355476 -2.98794e-17 10.8563 1.62248 0.112942 -0.30162 -0.0416162 -1.32927e-17 4.92478 0.736013 0.00584487 16.7104 1.05086 -1.86396e-17 4.96043 0.433981 1.19605 -3.88891 0.368871 -2.06766e-17 4.97002 0.787173 -3.8397 -4.92459 2.64309 1.26863 -7.82717 7.75148 16.4493 -5.97146 8.60467 13.3291 3.34342 -3.36319 -63.5302 -6.47703 -13.3854 30.0522 0.0615366 0.141 5.53166 -1.33216 -27.6546 24.9344 0.0510561 0.116988 5.46722 -58.1981 4.08747 -1.26863 -7.82715 7.75138 -14.6343 -6.47755 -7.77013 -13.3291 3.34342 -3.36319 58.3594 -25.8513 -0.255904 -30.0522 0.0615366 0.141 -7.58567 -2.67807 39.4374 -24.9344 0.0510559 0.116988 -0.479651 -48.9941 -2.65875 9.50369 -4.32711 2.09145 13.5145 -22.3803 -3.30606 -0.876987 -39.8926 -0.674123 -5.17465 18.8031 0.525778 -2.39345 -41.5694 -6.22357 -5.99492 -9.74168 15.8971 0.801613 -10.1701 12.8571 8.19304e-16 -7.57899e-16 -2.48161e-17 -9.50369 -4.32711 2.09145 0.834221 -20.4818 15.7333 0.876987 -39.8926 -0.674123 4.44365 16.2792 -0.349558 2.39345 -41.5694 -6.22357 -0.91231 -1.67148 -15.1602 -0.801613 -10.1701 12.8571 -5.97378e-16 -5.59039e-16 -1.2747e-14 
-8.56766 108.267 -80.3366 -2.00168 9.16648 -2.31425 0 5.22546 -1.18466 0.352691 -6.75169 -0.231855 0 5.77894 1.10239 0.45356 -4.8737 -0.141663 -1.0557e-17 6.16289 0.118334 0.408967 -1.33035 -0.0809813 -1.13649e-17 6.69386 -0.456341 0.437247 4.35335 -0.0750892 -2.02997e-17 7.82529 -1.54945 0.388746 7.19122 -0.172537 -2.60628e-17 9.77186 -0.940923 0.26915 8.35218 -0.299254 -2.98794e-17 10.8563 1.62248 0.127675 -0.2576 -0.0346809 -1.32927e-17 4.92478 0.736013 0.156703 17.2477 0.731627 -1.86396e-17 4.96043 0.433981 1.38136 -3.64833 0.219317 -2.06766e-17 4.97002 0.787173 -3.22237 -4.72848 2.62934 1.26863 -7.82717 7.75148 18.6454 -5.95706 9.04055 13.3291 3.34342 -3.36319 -61.5956 -8.68416 -13.0548 30.0522 0.0615366 0.141 6.31654 -1.77645 -31.9811 24.9344 0.0510561 0.116988 4.65732 -56.9367 3.29318 -1.26863 -7.82715 7.75138 -17.3414 -6.54698 -8.49603 -13.3291 3.34342 -3.36319 57.3787 -28.0565 0.433915 -30.0522 0.0615366 0.141 -7.57471 -2.66918 39.3699 -24.9344 0.0510559 0.116988 -0.756266 -48.5241 -1.10254 9.50369 -4.32711 2.09145 15.9613 -21.1765 -2.09902 -0.876987 -39.8926 -0.674123 -4.99012 18.1722 0.478301 -2.39345 -41.5694 -6.22357 -7.6557 -9.86911 15.8249 0.801613 -10.1701 12.8571 4.22759e-16 -7.82693e-16 -2.13273e-20 -9.50369 -4.32711 2.09145 0.83787 -19.2664 17.5581 0.876987 -39.8926 -0.674123 4.38713 16.0814 -0.337265 2.39345 -41.5694 -6.22357 0.269091 -0.678268 -15.3017 -0.801613 -10.1701 12.8571 5.9533e-16 -6.21149e-16 -1.27967e-14 
-8.44946 107.782 -79.9064 -2.28199 7.4837 -1.85674 0 5.22546 -1.18466 0.230334 -5.25608 -0.179589 0 5.77894 1.10239 0.357551 -3.64488 -0.141425 -1.0557e-17 6.16289 0.118334 0.337989 -0.67957 -0.0861577 -1.13649e-17 6.69386 -0.456341 0.391783 4.08757 -0.086184 -2.02997e-17 7.82529 -1.54945 0.370528 6.33234 -0.180365 -2.60628e-17 9.77186 -0.940923 0.281523 7.15551 -0.281504 -2.98794e-17 10.8563 1.62248 0.132385 -0.166214 -0.0343393 -1.32927e-17 4.92478 0.736013 0.285926 17.5701 0.574318 -1.86396e-17 4.96043 0.433981 1.42252 -3.14194 0.140937 -2.06766e-17 4.97002 0.787173 -2.76924 -3.93908 2.46314 1.26863 -7.82717 7.75148 20.8748 -5.64068 9.34264 13.3291 3.34342 -3.36319 -60.0977 -11.2441 -12.0451 30.0522 0.0615366 0.141 7.12324 -2.32055 -36.6424 24.9344 0.0510561 0.116988 3.34325 -56.0913 1.90935 -1.26863 -7.82715 7.75138 -20.6332 -6.24335 -9.21126 -13.3291 3.34342 -3.36319 56.4673 -28.8914 0.160353 -30.0522 0.0615366 0.141 -7.79843 -2.85515 40.7606 -24.9344 0.0510559 0.116988 -1.57094 -48.9916 -0.413488 9.50369 -4.32711 2.09145 17.6833 -19.164 -2.50128 -0.876987 -39.8926 -0.674123 -4.9058 17.8824 0.457273 -2.39345 -41.5694 -6.22357 -9.4952 -9.92486 15.72 0.801613 -10.1701 12.8571 2.51893e-17 -7.95128e-16 1.24134e-17 -9.50369 -4.32711 2.09145 0.581436 -16.9007 19.6793 0.876987 -39.8926 -0.674123 4.40282 16.1363 -0.340659 2.39345 -41.5694 -6.22357 1.32479 -0.420239 -15.4953 -0.801613 -10.1701 12.8571 5.96354e-16 -6.21202e-16 -1.27968e-14 
-8.27933 106.793 -79.4512 -2.29761 5.90489 -1.33656 0 5.22546 -1.18466 0.0507215 -3.59973 -0.174573 0 5.77894 1.10239 0.22059 -2.33003 -0.195707 -1.0557e-17 6.16289 0.118334 0.24398 -0.01801 -0.141068 -1.13649e-17 6.69386 -0.456341 0.339191 3.71957 -0.14395 -2.02997e-17 7.82529 -1.54945 0.34968 5.30924 -0.23092 -2.60628e-17 9.77186 -0.940923 0.287517 5.74619 -0.310071 -2.98794e-17 10.8563 1.62248 0.133107 -0.0391057 -0.0347853 -1.32927e-17 4.92478 0.736013 0.393172 17.6814 0.640828 -1.86396e-17 4.96043 0.433981 1.59834 -2.45448 0.173896 -2.06766e-17 4.97002 0.787173 -2.5493 -3.19591 2.27634 1.26863 -7.82717 7.75148 23.275 -5.12144 9.71693 13.3291 3.34342 -3.36319 -59.0959 -14.0341 -10.6012 30.0522 0.0615366 0.141 8.0328 -3.06024 -42.25 24.9344 0.0510561 0.116988 2.00348 -55.4424 0.57531 -1.26863 -7.82715 7.75138 -24.1543 -5.60743 -9.93808 -13.3291 3.34342 -3.36319 55.5858 -29.0161 -0.803454 -30.0522 0.0615366 0.141 -8.27165 -3.28043 43.8003 -24.9344 0.0510559 0.116988 -2.37424 -50.1618 -0.205386 9.50369 -4.32711 2.09145 18.9772 -17.6621 -3.82217 -0.876987 -39.8926 -0.674123 -5.01734 18.2655 0.485177 -2.39345 -41.5694 -6.22357 -11.3103 -10.2289 15.5976 0.801613 -10.1701 12.8571 -3.7238e-16 -8.07552e-16 2.48374e-17 -9.50369 -4.32711 2.09145 0.219271 -14.6852 22.0203 0.876987 -39.8926 -0.674123 4.54936 16.6482 -0.373065 2.39345 -41.5694 -6.22357 2.13103 -1.02402 -15.7228 -0.801613 -10.1701 12.8571 -5.9533e-16 -5.59135e-16 -1.27471e-14 
-8.11078 105.355 -79.0599 -2.12315 4.73946 -0.828502 0 5.22546 -1.18466 -0.173782 -2.09371 -0.188643 0 5.77894 1.10239 0.0471803 -1.17771 -0.273205 -1.0557e-17 6.16289 0.118334 0.125542 0.528802 -0.212211 -1.13649e-17 6.69386 -0.456341 0.269713 3.30149 -0.213337 -2.02997e-17 7.82529 -1.54945 0.319261 4.2993 -0.287916 -2.60628e-17 9.77186 -0.940923 0.287242 4.37825 -0.347405 -2.98794e-17 10.8563 1.62248 0.13005 0.10451 -0.0311344 -1.32927e-17 4.92478 0.736013 0.498889 17.4887 0.740552 -1.86396e-17 4.96043 0.433981 1.91796 -1.67442 0.234538 -2.06766e-17 4.97002 0.787173 -2.42364 -2.54924 2.21649 1.26863 -7.82717 7.75148 25.6127 -4.50253 10.1618 13.3291 3.34342 -3.36319 -58.1905 -17.0321 -9.13015 30.0522 0.0615366 0.141 8.98161 -4.0127 -48.6701 24.9344 0.0510561 0.116988 0.806456 -54.5185 -0.405894 -1.26863 -7.82715 7.75138 -27.481 -4.72142 -10.628 -13.3291 3.34342 -3.36319 54.1754 -28.79 -2.10918 -30.0522 0.0615366 0.141 -8.90147 -3.92352 48.097 -24.9344 0.0510559 0.116988 -3.17094 -52.0247 -0.534889 9.50369 -4.32711 2.09145 19.8915 -16.8934 -6.0102 -0.876987 -39.8926 -0.674123 -5.28569 19.1805 0.555306 -2.39345 -41.5694 -6.22357 -13.0767 -10.637 15.475 0.801613 -10.1701 12.8571 2.45068e-17 -7.95149e-16 1.24347e-17 -9.50369 -4.32711 2.09145 -0.0498239 -13.0201 24.7893 0.876987 -39.8926 -0.674123 4.84154 17.6611 -0.441531 2.39345 -41.5694 -6.22357 2.7632 -2.09802 -15.9516 -0.801613 -10.1701 12.8571 -2.58249e-15 -4.84602e-16 -1.26602e-14 
-7.95522 103.555 -78.7355 -1.80902 3.84066 -0.513536 0 5.22546 -1.18466 -0.412982 -0.883363 -0.198385 0 5.77894 1.10239 -0.143291 -0.277231 -0.346257 -1.0557e-17 6.16289 0.118334 -0.00667392 0.938658 -0.271155 -1.13649e-17 6.69386 -0.456341 0.182756 2.90213 -0.266009 -2.02997e-17 7.82529 -1.54945 0.27727 3.43311 -0.323387 -2.60628e-17 9.77186 -0.940923 0.280529 3.22209 -0.365666 -2.98794e-17 10.8563 1.62248 0.125084 0.24836 -0.0245897 -1.32927e-17 4.92478 0.736013 0.571443 17.1237 0.891544 -1.86396e-17 4.96043 0.433981 2.19992 -1.02573 0.325521 -2.06766e-17 4.97002 0.787173 -2.34913 -2.00113 2.05766 1.26863 -7.82717 7.75148 27.7037 -3.89322 10.7057 13.3291 3.34342 -3.36319 -57.2973 -20.026 -8.11615 30.0522 0.0615366 0.141 9.83837 -5.09262 -55.2434 24.9344 0.0510561 0.116988 -0.193437 -53.5139 -1.33871 -1.26863 -7.82715 7.75138 -30.3094 -3.78287 -11.2886 -13.3291 3.34342 -3.36319 52.2774 -29.0008 -3.30316 -30.0522 0.0615366 0.141 -9.67508 -4.86626 53.9125 -24.9344 0.0510559 0.116988 -4.44562 -53.5554 -1.95305 9.50369 -4.32711 2.09145 20.4144 -16.6359 -8.95274 -0.876987 -39.8926 -0.674123 -5.7131 20.6183 0.675624 -2.39345 -41.5694 -6.22357 -14.7381 -10.8027 15.4811 0.801613 -10.1701 12.8571 2.48481e-17 -7.95139e-16 1.2424e-17 -9.50369 -4.32711 2.09145 -0.168965 -11.657 27.7316 0.876987 -39.8926 -0.674123 5.20055 18.8912 -0.5326 2.39345 -41.5694 -6.22357 3.18866 -3.20779 -16.1638 -0.801613 -10.1701 12.8571 -2.18697e-15 -4.96951e-16 -1.26725e-14 
-7.79211 101.414 -78.475 -1.36536 3.0129 -0.264853 0 5.22546 -1.18466 -0.698582 0.0748909 -0.197148 0 5.77894 1.10239 -0.384292 0.405027 -0.41047 -1.0557e-17 6.16289 0.118334 -0.179317 1.23192 -0.312542 -1.13649e-17 6.69386 -0.456341 0.0601031 2.53358 -0.295629 -2.02997e-17 7.82529 -1.54945 0.213428 2.69957 -0.330437 -2.60628e-17 9.77186 -0.940923 0.267508 2.26616 -0.363034 -2.98794e-17 10.8563 1.62248 0.123001 0.394661 -0.0169083 -1.32927e-17 4.92478 0.736013 0.585025 16.9317 1.12434 -1.86396e-17 4.96043 0.433981 2.35229 -0.513628 0.455376 -2.06766e-17 4.97002 0.787173 -2.03483 -1.42982 1.73465 1.26863 -7.82717 7.75148 29.4727 -3.3802 11.3405 13.3291 3.34342 -3.36319 -56.5499 -22.8327 -7.96158 30.0522 0.0615366 0.141 10.5581 -6.24731 -61.7265 24.9344 0.0510561 0.116988 -0.973549 -52.2476 -2.36897 -1.26863 -7.82715 7.75138 -32.4994 -3.01283 -11.8753 -13.3291 3.34342 -3.36319 50.1726 -30.5537 -4.02053 -30.0522 0.0615366 0.141 -10.4944 -6.13233 61.0993 -24.9344 0.0510559 0.116988 -6.23762 -53.1317 -4.51064 9.50369 -4.32711 2.09145 20.3242 -16.8017 -12.8466 -0.876987 -39.8926 -0.674123 -6.37002 22.7783 0.880698 -2.39345 -41.5694 -6.22357 -16.1385 -10.7091 15.7725 0.801613 -10.1701 12.8571 2.48481e-17 -7.95139e-16 1.2424e-17 -9.50369 -4.32711 2.09145 -0.678977 -10.0539 29.4691 0.876987 -39.8926 -0.674123 5.55064 20.0747 -0.628657 2.39345 -41.5694 -6.22357 4.1681 -4.98734 -16.4509 -0.801613 -10.1701 12.8571 -9.94947e-16 -5.46615e-16 -1.27222e-14 
-7.57687 98.9603 -78.343 -0.733531 2.01045 0.0292627 0 5.22546 -1.18466 -1.0463 0.803359 -0.15377 0 5.77894 1.10239 -0.688417 0.893205 -0.442738 -1.0557e-17 6.16289 0.118334 -0.402411 1.43399 -0.318114 -1.13649e-17 6.69386 -0.456341 -0.102167 2.24062 -0.286996 -2.02997e-17 7.82529 -1.54945 0.130313 2.12321 -0.295879 -2.60628e-17 9.77186 -0.940923 0.260378 1.53531 -0.333158 -2.98794e-17 10.8563 1.62248 0.132098 0.548219 -0.00232997 -1.32927e-17 4.92478 0.736013 0.577697 17.0759 1.50868 -1.86396e-17 4.96043 0.433981 2.56479 -0.310603 0.657462 -2.06766e-17 4.97002 0.787173 -1.56035 -0.773486 1.06119 1.26863 -7.82717 7.75148 30.8201 -3.02912 12.0561 13.3291 3.34342 -3.36319 -55.8302 -25.2284 -9.00987 30.0522 0.0615366 0.141 11.1282 -7.43802 -68.0177 24.9344 0.0510561 0.116988 -1.50784 -50.4128 -3.26452 -1.26863 -7.82715 7.75138 -34.049 -2.56146 -12.4623 -13.3291 3.34342 -3.36319 47.9827 -33.7192 -3.92325 -30.0522 0.0615366 0.141 -11.1613 -7.51876 68.4324 -24.9344 0.0510559 0.116988 -7.17727 -50.094 -6.53688 9.50369 -4.32711 2.09145 19.2831 -16.8509 -17.674 -0.876987 -39.8926 -0.674123 -7.18108 25.3568 1.16631 -2.39345 -41.5694 -6.22357 -16.864 -10.8761 16.4013 0.801613 -10.1701 12.8571 2.48481e-17 -7.95139e-16 1.2424e-17 -9.50369 -4.32711 2.09145 -1.74337 -8.53951 28.6591 0.876987 -39.8926 -0.674123 6.34918 22.7107 -0.873826 2.39345 -41.5694 -6.22357 4.43941 -7.06113 -16.5956 -0.801613 -10.1701 12.8571 -1.39115e-15 -5.34244e-16 -1.27098e-14 
-7.34624 96.2275 -78.2837 0.0525005 0.563971 -0.0364597 0 5.22546 -1.18466 -1.36548 1.27124 -0.0726781 0 5.77894 1.10239 -0.95912 1.21317 -0.445311 -1.0557e-17 6.16289 0.118334 -0.593203 1.60348 -0.289696 -1.13649e-17 6.69386 -0.456341 -0.234109 2.1268 -0.247818 -2.02997e-17 7.82529 -1.54945 0.0816144 1.84221 -0.232237 -2.60628e-17 9.77186 -0.940923 0.294487 1.17303 -0.285999 -2.98794e-17 10.8563 1.62248 0.14734 0.686348 0.00913435 -1.32927e-17 4.92478 0.736013 0.633978 17.3828 1.81231 -1.86396e-17 4.96043 0.433981 2.98248 -0.386479 0.823109 -2.06766e-17 4.97002 0.787173 -1.75011 -0.647697 0.453115 1.26863 -7.82717 7.75148 31.9174 -2.88914 12.9679 13.3291 3.34342 -3.36319 -55.935 -27.1304 -11.6611 30.0522 0.0615366 0.141 11.5454 -8.61814 -73.99 24.9344 0.0510561 0.116988 -0.358385 -47.7908 -2.74218 -1.26863 -7.82715 7.75138 -35.1511 -2.39024 -13.3579 -13.3291 3.34342 -3.36319 46.2198 -37.6334 -1.98546 -30.0522 0.0615366 0.141 -11.5815 -8.74238 74.6068 -24.9344 0.0510559 0.116988 -6.29746 -45.8621 -6.27467 9.50369 -4.32711 2.09145 17.7756 -16.1935 -22.0256 -0.876987 -39.8926 -0.674123 -8.23588 28.556 1.58843 -2.39345 -41.5694 -6.22357 -16.6206 -11.6444 17.138 0.801613 -10.1701 12.8571 2.48481e-17 -7.95139e-16 1.2424e-17 -9.50369 -4.32711 2.09145 -2.58013 -7.15173 28.1789 0.876987 -39.8926 -0.674123 7.49694 26.3334 -1.28686 2.39345 -41.5694 -6.22357 3.3527 -9.59728 -16.6154 -0.801613 -10.1701 12.8571 -1.99808e-16 -5.83887e-16 -1.27594e-14 
-7.08782 93.2031 -78.0989 0.772939 -1.67782 -0.513892 0 5.22546 -1.18466 -1.65889 1.76841 0.0135301 0 5.77894 1.10239 -1.20271 1.56181 -0.448142 -1.0557e-17 6.16289 0.118334 -0.761999 1.79639 -0.261534 -1.13649e-17 6.69386 -0.456341 -0.344057 2.0321 -0.217628 -2.02997e-17 7.82529 -1.54945 0.0543223 1.58992 -0.171372 -2.60628e-17 9.77186 -0.940923 0.346994 0.824732 -0.246062 -2.98794e-17 10.8563 1.62248 0.15506 0.840599 0.0119001 -1.32927e-17 4.92478 0.736013 0.696169 17.6262 1.834 -1.86396e-17 4.96043 0.433981 3.28627 -0.339368 0.851265 -2.06766e-17 4.97002 0.787173 -2.407 -0.319137 0.544314 1.26863 -7.82717 7.75148 33.1381 -2.71716 13.9059 13.3291 3.34342 -3.36319 -57.1882 -28.6973 -15.4325 30.0522 0.0615366 0.141 11.8043 -9.66443 -79.1431 24.9344 0.0510561 0.116988 0.54565 -44.5062 -2.55409 -1.26863 -7.82715 7.75138 -36.0264 -2.19249 -14.4954 -13.3291 3.34342 -3.36319 45.9572 -41.3112 2.1264 -30.0522 0.0615366 0.141 -11.8105 -9.69553 79.2941 -24.9344 0.0510559 0.116988 -4.03575 -41.7946 -3.50059 9.50369 -4.32711 2.09145 16.6034 -14.51 -24.649 -0.876987 -39.8926 -0.674123 -9.62311 32.4881 2.22408 -2.39345 -41.5694 -6.22357 -15.9325 -13.4567 17.4176 0.801613 -10.1701 12.8571 -7.69608e-16 -8.32379e-16 4.96642e-17 -9.50369 -4.32711 2.09145 -2.40287 -6.15486 29.7162 0.876987 -39.8926 -0.674123 9.38816 31.8444 -2.11036 2.39345 -41.5694 -6.22357 2.13055 -12.0621 -16.6999 -0.801613 -10.1701 12.8571 1.98443e-16 -5.96343e-16 -1.27719e-14 
-7.01933 89.55 -77.4141 0.967929 -4.74172 -1.04473 0 5.22546 -1.18466 -1.80179 2.51508 0.0913309 0 5.77894 1.10239 -1.33035 2.07452 -0.416696 -1.0557e-17 6.16289 0.118334 -0.854475 2.05732 -0.195405 -1.13649e-17 6.69386 -0.456341 -0.411116 1.83783 -0.149332 -2.02997e-17 7.82529 -1.54945 0.0468327 1.1383 -0.0774468 -2.60628e-17 9.77186 -0.940923 0.399445 0.223627 -0.182015 -2.98794e-17 10.8563 1.62248 0.164797 1.03941 0.0227131 -1.32927e-17 4.92478 0.736013 0.695845 18.0621 1.64305 -1.86396e-17 4.96043 0.433981 3.32146 0.410402 0.773573 -2.06766e-17 4.97002 0.787173 -2.79253 1.1808 1.21699 1.26863 -7.82717 7.75148 34.3693 -2.42433 14.6283 13.3291 3.34342 -3.36319 -59.5011 -29.1038 -19.7507 30.0522 0.0615366 0.141 11.9499 -10.5755 -83.5649 24.9344 0.0510561 0.116988 0.177661 -41.0373 -3.87447 -1.26863 -7.82715 7.75138 -36.7145 -1.84313 -15.529 -13.3291 3.34342 -3.36319 47.3666 -44.4697 7.50712 -30.0522 0.0615366 0.141 -11.947 -10.5509 83.4452 -24.9344 0.0510559 0.116988 -1.31901 -38.0205 0.615018 9.50369 -4.32711 2.09145 16.4206 -12.4728 -25.0553 -0.876987 -39.8926 -0.674123 -11.0675 36.2473 2.97341 -2.39345 -41.5694 -6.22357 -15.2655 -15.8139 17.1761 0.801613 -10.1701 12.8571 2.41561e-17 -7.95171e-16 1.24565e-17 -9.50369 -4.32711 2.09145 -1.61871 -5.43309 30.8656 0.876987 -39.8926 -0.674123 12.0827 38.6892 -3.54774 2.39345 -41.5694 -6.22357 -0.251119 -17.3945 -16.8432 -0.801613 -10.1701 12.8571 -5.95662e-16 -5.59114e-16 -1.27471e-14 
-6.84083 87.0407 -77.0861 0.602245 -10.3585 -1.25903 0 5.22546 -1.18466 -1.77291 2.82298 0.150646 0 5.77894 1.10239 -1.29459 2.44338 -0.373159 -1.0557e-17 6.16289 0.118334 -0.818238 2.60691 -0.112218 -1.13649e-17 6.69386 -0.456341 -0.377362 2.5575 -0.055334 -2.02997e-17 7.82529 -1.54945 0.0958233 1.94554 0.0283448 -2.60628e-17 9.77186 -0.940923 0.476987 1.24302 -0.12283 -2.98794e-17 10.8563 1.62248 0.176818 1.09029 0.00927002 -1.32927e-17 4.92478 0.736013 0.738798 18.9029 1.18239 -1.86396e-17 4.96043 0.433981 3.34116 0.393647 0.57584 -2.06766e-17 4.97002 0.787173 -3.2121 3.48946 2.46659 1.26863 -7.82717 7.75148 34.3353 -3.27896 15.5112 13.3291 3.34342 -3.36319 -63.6664 -28.826 -28.054 30.0522 0.0615366 0.141 12.0181 -11.37 -87.3964 24.9344 0.0510561 0.116988 -1.16616 -35.5347 -3.63177 -1.26863 -7.82715 7.75138 -36.548 -2.46512 -16.6551 -13.3291 3.34342 -3.36319 51.6614 -46.765 17.3151 -30.0522 0.0615366 0.141 -12.0257 -11.5401 88.2154 -24.9344 0.0510559 0.116988 0.112665 -32.788 2.54763 9.50369 -4.32711 2.09145 16.5672 -8.13446 -26.0142 -0.876987 -39.8926 -0.674123 -12.3517 39.3094 3.70602 -2.39345 -41.5694 -6.22357 -14.682 -17.0317 17.3592 0.801613 -10.1701 12.8571 2.48481e-17 -7.95139e-16 1.2424e-17 -9.50369 -4.32711 2.09145 -1.05231 -1.13972 30.6124 0.876987 -39.8926 -0.674123 13.9395 42.7499 -4.68738 2.39345 -41.5694 -6.22357 -2.50174 -20.0032 -17.0304 -0.801613 -10.1701 12.8571 -9.93577e-16 -5.46669e-16 -1.27222e-14 
-6.86183 85.101 -76.5663 0.612475 -8.64215 -1.5976 0 5.22546 -1.18466 -1.47275 0.443822 0.162577 0 5.77894 1.10239 -1.06763 0.847305 -0.318293 -1.0557e-17 6.16289 0.118334 -0.645726 2.0626 -0.0436236 -1.13649e-17 6.69386 -0.456341 -0.274789 3.75824 0.0111188 -2.02997e-17 7.82529 -1.54945 0.106867 4.22725 0.0872222 -2.60628e-17 9.77186 -0.940923 0.430203 4.29102 -0.0683989 -2.98794e-17 10.8563 1.62248 0.195935 0.766459 -0.0392991 -1.32927e-17 4.92478 0.736013 0.623218 19.8425 0.809303 -1.86396e-17 4.96043 0.433981 2.90963 0.398063 0.411703 -2.06766e-17 4.97002 0.787173 -3.68469 -0.538511 3.0672 1.26863 -7.82717 7.75148 33.161 -4.93535 16.9567 13.3291 3.34342 -3.36319 -65.8213 -29.3574 -34.7012 30.0522 0.0615366 0.141 12.0131 -12.6619 -93.6287 24.9344 0.0510561 0.116988 0.202464 -32.7193 -1.94742 -1.26863 -7.82715 7.75138 -35.1625 -3.92773 -17.9479 -13.3291 3.34342 -3.36319 56.1044 -49.4021 30.1409 -30.0522 0.0615366 0.141 -12.012 -12.6822 93.7271 -24.9344 0.0510559 0.116988 -1.55707 -29.0162 1.43519 9.50369 -4.32711 2.09145 16.7319 -10.7011 -25.2907 -0.876987 -39.8926 -0.674123 -13.6319 42.112 4.49125 -2.39345 -41.5694 -6.22357 -14.705 -18.1692 17.4128 0.801613 -10.1701 12.8571 2.48481e-17 -7.95139e-16 1.2424e-17 -9.50369 -4.32711 2.09145 -0.699894 -4.22401 30.2995 0.876987 -39.8926 -0.674123 16.0439 46.7702 -6.09782 2.39345 -41.5694 -6.22357 -3.94574 -23.9529 -17.7268 -0.801613 -10.1701 12.8571 -9.93923e-16 -5.46658e-16 -1.27222e-14 
-7.30462 83.8641 -75.8515 1.44723 -4.34534 -2.4736 0 5.22546 -1.18466 -1.54953 -2.45707 0.279918 0 5.77894 1.10239 -1.21333 -1.41217 -0.188313 -1.0557e-17 6.16289 0.118334 -0.794552 0.876964 0.0779905 -1.13649e-17 6.69386 -0.456341 -0.441661 4.35938 0.119155 -2.02997e-17 7.82529 -1.54945 -0.0704672 5.95248 0.209186 -2.60628e-17 9.77186 -0.940923 0.283141 6.76967 0.0783754 -2.98794e-17 10.8563 1.62248 0.220292 0.414843 -0.107649 -1.32927e-17 4.92478 0.736013 0.500497 20.115 0.612817 -1.86396e-17 4.96043 0.433981 2.9911 -0.132805 0.326811 -2.06766e-17 4.97002 0.787173 -3.72531 -4.17536 3.56708 1.26863 -7.82717 7.75148 31.6338 -6.28562 17.4996 13.3291 3.34342 -3.36319 -65.263 -31.1425 -40.0837 30.0522 0.0615366 0.141 11.8728 -13.8925 -99.6327 24.9344 0.0510561 0.116988 0.559728 -31.2406 0.129284 -1.26863 -7.82715 7.75138 -33.4479 -4.94617 -18.6817 -13.3291 3.34342 -3.36319 58.3436 -50.7811 40.3225 -30.0522 0.0615366 0.141 -11.8979 -13.7383 98.8742 -24.9344 0.0510559 0.116988 -3.15599 -28.1915 -0.0204544 9.50369 -4.32711 2.09145 17.0815 -15.4771 -22.3978 -0.876987 -39.8926 -0.674123 -15.0078 44.8637 5.38909 -2.39345 -41.5694 -6.22357 -15.0567 -18.8862 17.014 0.801613 -10.1701 12.8571 8.19295e-16 -7.57899e-16 -2.48156e-17 -9.50369 -4.32711 2.09145 -0.976417 -9.81209 30.7225 0.876987 -39.8926 -0.674123 18.0174 50.045 -7.51498 2.39345 -41.5694 -6.22357 -4.14391 -27.4754 -18.3936 -0.801613 -10.1701 12.8571 -9.93923e-16 -5.46658e-16 -1.27222e-14 
-7.8209 83.2044 -74.9 2.75828 -5.47319 -2.80296 0 5.22546 -1.18466 -1.87661 -3.50207 0.457539 0 5.77894 1.10239 -1.56049 -2.24517 -0.0468997 -1.0557e-17 6.16289 0.118334 -1.10558 0.405906 0.201365 -1.13649e-17 6.69386 -0.456341 -0.723893 4.41747 0.226821 -2.02997e-17 7.82529 -1.54945 -0.273286 6.34568 0.356394 -2.60628e-17 9.77186 -0.940923 0.196735 7.39384 0.260101 -2.98794e-17 10.8563 1.62248 0.216014 0.294712 -0.117944 -1.32927e-17 4.92478 0.736013 0.399689 19.6662 0.225854 -1.86396e-17 4.96043 0.433981 2.90439 -0.450376 0.148016 -2.06766e-17 4.97002 0.787173 -3.19505 -2.3525 4.3109 1.26863 -7.82717 7.75148 30.7267 -6.44934 16.7255 13.3291 3.34342 -3.36319 -63.1787 -32.0811 -41.9742 30.0522 0.0615366 0.141 11.7212 -14.6358 -103.323 24.9344 0.0510561 0.116988 -0.650925 -31.7346 0.508046 -1.26863 -7.82715 7.75138 -32.1091 -5.24519 -18.4537 -13.3291 3.34342 -3.36319 57.8008 -51.034 46.2653 -30.0522 0.0615366 0.141 -11.8416 -14.0686 100.502 -24.9344 0.0510559 0.116988 -1.67874 -27.8807 0.233405 9.50369 -4.32711 2.09145 16.5321 -14.5378 -20.7813 -0.876987 -39.8926 -0.674123 -15.5444 45.8681 5.75285 -2.39345 -41.5694 -6.22357 -15.1847 -18.1603 16.7178 0.801613 -10.1701 12.8571 -3.71683e-16 -8.07519e-16 2.48048e-17 -9.50369 -4.32711 2.09145 -2.03106 -9.68163 31.0045 0.876987 -39.8926 -0.674123 19.5412 52.2864 -8.66109 2.39345 -41.5694 -6.22357 -3.442 -28.1434 -18.3667 -0.801613 -10.1701 12.8571 -2.98004e-15 -4.59765e-16 -1.26353e-14 
-8.32103 82.9606 -74.0904 3.2011 -5.98876 -2.81824 0 5.22546 -1.18466 -1.88154 -4.43174 0.563428 0 5.77894 1.10239 -1.59777 -2.91643 0.0580694 -1.0557e-17 6.16289 0.118334 -1.15558 0.132085 0.285658 -1.13649e-17 6.69386 -0.456341 -0.796831 4.73178 0.299794 -2.02997e-17 7.82529 -1.54945 -0.340584 7.06651 0.445875 -2.60628e-17 9.77186 -0.940923 0.153865 8.35985 0.374025 -2.98794e-17 10.8563 1.62248 0.200643 0.144115 -0.127609 -1.32927e-17 4.92478 0.736013 0.193674 19.5612 0.353238 -1.86396e-17 4.96043 0.433981 2.51019 -0.652436 0.19092 -2.06766e-17 4.97002 0.787173 -2.58735 -1.75994 4.25458 1.26863 -7.82717 7.75148 30.2 -6.7967 16.333 13.3291 3.34342 -3.36319 -61.4369 -33.074 -43.7481 30.0522 0.0615366 0.141 11.6441 -14.9395 -104.851 24.9344 0.0510561 0.116988 -0.296864 -32.9147 0.943699 -1.26863 -7.82715 7.75138 -30.9751 -5.93002 -18.1811 -13.3291 3.34342 -3.36319 59.5328 -51.0378 52.9329 -30.0522 0.0615366 0.141 -11.8611 -13.9607 99.9691 -24.9344 0.0510559 0.116988 0.633021 -27.2255 0.109173 9.50369 -4.32711 2.09145 16.2522 -14.302 -20.4098 -0.876987 -39.8926 -0.674123 -15.9027 46.5183 5.9997 -2.39345 -41.5694 -6.22357 -14.6526 -17.4849 16.6542 0.801613 -10.1701 12.8571 1.21617e-15 -7.45497e-16 -3.72181e-17 -9.50369 -4.32711 2.09145 -1.89744 -9.74584 31.5012 0.876987 -39.8926 -0.674123 20.4486 53.515 -9.36219 2.39345 -41.5694 -6.22357 -3.60639 -27.6995 -18.3097 -0.801613 -10.1701 12.8571 -1.7901e-15 -5.09342e-16 -1.26973e-14 
-8.93736 83.3936 -73.496 3.00027 -5.59139 -2.89984 0 5.22546 -1.18466 -1.84637 -5.47889 0.586505 0 5.77894 1.10239 -1.5794 -3.70689 0.0851523 -1.0557e-17 6.16289 0.118334 -1.15348 -0.171291 0.298629 -1.13649e-17 6.69386 -0.456341 -0.814097 5.12894 0.307454 -2.02997e-17 7.82529 -1.54945 -0.378627 7.97583 0.456104 -2.60628e-17 9.77186 -0.940923 0.0992424 9.58472 0.400778 -2.98794e-17 10.8563 1.62248 0.185958 -0.0107994 -0.147458 -1.32927e-17 4.92478 0.736013 -0.0188999 19.6508 0.926762 -1.86396e-17 4.96043 0.433981 2.19111 -0.707021 0.437223 -2.06766e-17 4.97002 0.787173 -2.06807 -2.81324 3.88646 1.26863 -7.82717 7.75148 29.418 -7.62528 16.1844 13.3291 3.34342 -3.36319 -60.4829 -34.5664 -46.5916 30.0522 0.0615366 0.141 11.6865 -14.7767 -104.03 24.9344 0.0510561 0.116988 -0.422321 -33.7533 1.97833 -1.26863 -7.82715 7.75138 -29.9754 -6.64301 -17.9732 -13.3291 3.34342 -3.36319 57.4139 -50.8394 54.8484 -30.0522 0.0615366 0.141 -11.9365 -13.4681 97.55 -24.9344 0.0510559 0.116988 0.274875 -28.3387 -0.903145 9.50369 -4.32711 2.09145 16.5788 -14.1017 -20.0902 -0.876987 -39.8926 -0.674123 -15.3246 45.4612 5.60299 -2.39345 -41.5694 -6.22357 -14.3631 -16.8205 16.6753 0.801613 -10.1701 12.8571 4.23109e-16 -7.82682e-16 -3.24353e-20 -9.50369 -4.32711 2.09145 -1.21295 -9.75587 31.9586 0.876987 -39.8926 -0.674123 19.7889 52.6295 -8.85125 2.39345 -41.5694 -6.22357 -3.96697 -27.1937 -18.2681 -0.801613 -10.1701 12.8571 -9.94615e-16 -5.46625e-16 -1.27222e-14 
-9.62889 84.388 -73.1099 2.91586 -5.15247 -2.56832 0 5.22546 -1.18466 -1.87135 -6.23411 0.549718 0 5.77894 1.10239 -1.60033 -4.28057 0.0470501 -1.0557e-17 6.16289 0.118334 -1.17229 -0.421 0.248085 -1.13649e-17 6.69386 -0.456341 -0.830217 5.30353 0.25467 -2.02997e-17 7.82529 -1.54945 -0.399994 8.46759 0.403702 -2.60628e-17 9.77186 -0.940923 0.0690803 10.2552 0.360197 -2.98794e-17 10.8563 1.62248 0.173989 -0.12898 -0.14339 -1.32927e-17 4.92478 0.736013 -0.0491607 19.5993 1.12775 -1.86396e-17 4.96043 0.433981 1.98745 -0.962535 0.519686 -2.06766e-17 4.97002 0.787173 -1.75453 -3.1184 3.74203 1.26863 -7.82717 7.75148 28.1633 -8.13588 15.6305 13.3291 3.34342 -3.36319 -58.9837 -35.7947 -47.2834 30.0522 0.0615366 0.141 11.805 -14.2567 -101.433 24.9344 0.0510561 0.116988 -0.461406 -35.337 2.1974 -1.26863 -7.82715 7.75138 -28.9894 -7.15959 -17.3725 -13.3291 3.34342 -3.36319 53.4825 -50.813 52.7063 -30.0522 0.0615366 0.141 -12.0202 -12.5322 93.0012 -24.9344 0.0510559 0.116988 0.430861 -30.0259 -0.0231528 9.50369 -4.32711 2.09145 16.6672 -13.3797 -20.0376 -0.876987 -39.8926 -0.674123 -13.9573 42.7864 4.69882 -2.39345 -41.5694 -6.22357 -14.1845 -15.3931 16.8116 0.801613 -10.1701 12.8571 2.51941e-17 -7.95128e-16 1.24132e-17 -9.50369 -4.32711 2.09145 -1.08653 -9.02413 31.7246 0.876987 -39.8926 -0.674123 17.9921 50.0058 -7.49633 2.39345 -41.5694 -6.22357 -3.8626 -26.5913 -18.1349 -0.801613 -10.1701 12.8571 -5.967e-16 -5.59071e-16 -1.2747e-14 
-10.2228 85.8759 -73.0493 2.87341 -5.31955 -2.34614 0 5.22546 -1.18466 -1.92565 -6.83363 0.550038 0 5.77894 1.10239 -1.64927 -4.69988 0.048242 -1.0557e-17 6.16289 0.118334 -1.22369 -0.54024 0.238645 -1.13649e-17 6.69386 -0.456341 -0.883849 5.54342 0.247802 -2.02997e-17 7.82529 -1.54945 -0.450313 8.98783 0.39643 -2.60628e-17 9.77186 -0.940923 0.0172295 10.9089 0.368903 -2.98794e-17 10.8563 1.62248 0.155631 -0.236899 -0.141997 -1.32927e-17 4.92478 0.736013 -0.100566 19.475 1.50681 -1.86396e-17 4.96043 0.433981 1.8439 -1.19046 0.673249 -2.06766e-17 4.97002 0.787173 -1.21183 -3.10237 3.28435 1.26863 -7.82717 7.75148 26.8524 -8.70605 14.9466 13.3291 3.34342 -3.36319 -56.5473 -36.4857 -47.5995 30.0522 0.0615366 0.141 11.9421 -13.4245 -97.3371 24.9344 0.0510561 0.116988 0.4268 -36.9863 3.61488 -1.26863 -7.82715 7.75138 -28.1291 -7.63303 -16.4681 -13.3291 3.34342 -3.36319 48.6654 -50.5066 47.6381 -30.0522 0.0615366 0.141 -12.0259 -11.5456 88.242 -24.9344 0.0510559 0.116988 0.888721 -32.4086 0.977078 9.50369 -4.32711 2.09145 16.4353 -11.4523 -20.5411 -0.876987 -39.8926 -0.674123 -12.1237 38.7845 3.57172 -2.39345 -41.5694 -6.22357 -14.2665 -12.731 17.2412 0.801613 -10.1701 12.8571 4.22071e-16 -7.82725e-16 1.08118e-20 -9.50369 -4.32711 2.09145 -1.24957 -7.14414 31.7963 0.876987 -39.8926 -0.674123 15.5549 45.8873 -5.76004 2.39345 -41.5694 -6.22357 -2.89473 -25.5061 -17.9306 -0.801613 -10.1701 12.8571 -5.96354e-16 -5.59082e-16 -1.27471e-14 
-10.5781 87.8251 -73.4148 2.71144 -5.04956 -2.1808 0 5.22546 -1.18466 -1.91679 -7.25076 0.496308 0 5.77894 1.10239 -1.63288 -4.95156 0.0161868 -1.0557e-17 6.16289 0.118334 -1.22095 -0.529181 0.195837 -1.13649e-17 6.69386 -0.456341 -0.890576 5.84685 0.21021 -2.02997e-17 7.82529 -1.54945 -0.473167 9.53657 0.348072 -2.60628e-17 9.77186 -0.940923 -0.0360666 11.5553 0.339257 -2.98794e-17 10.8563 1.62248 0.132204 -0.35899 -0.131266 -1.32927e-17 4.92478 0.736013 -0.144566 19.0747 1.83504 -1.86396e-17 4.96043 0.433981 1.61859 -1.44794 0.80287 -2.06766e-17 4.97002 0.787173 -0.825062 -3.18764 2.96291 1.26863 -7.82717 7.75148 25.2377 -9.32903 13.958 13.3291 3.34342 -3.36319 -53.7942 -36.5757 -46.9402 30.0522 0.0615366 0.141 12.0289 -12.3044 -91.9004 24.9344 0.0510561 0.116988 1.76163 -37.6932 4.13656 -1.26863 -7.82715 7.75138 -27.1187 -8.12908 -15.2468 -13.3291 3.34342 -3.36319 42.8539 -49.4143 40.6394 -30.0522 0.0615366 0.141 -11.9466 -10.548 83.4318 -24.9344 0.0510559 0.116988 0.551021 -34.8553 2.27474 9.50369 -4.32711 2.09145 16.2318 -9.5112 -21.3286 -0.876987 -39.8926 -0.674123 -10.0734 33.6966 2.44862 -2.39345 -41.5694 -6.22357 -14.5833 -8.74206 17.9949 0.801613 -10.1701 12.8571 4.22417e-16 -7.82715e-16 2.88531e-33 -9.50369 -4.32711 2.09145 -1.49228 -5.41749 32.2633 0.876987 -39.8926 -0.674123 12.9332 40.6124 -4.05628 2.39345 -41.5694 -6.22357 -1.28342 -23.209 -17.6582 -0.801613 -10.1701 12.8571 -9.93577e-16 -5.46669e-16 -1.27222e-14 
-10.6529 90.2701 -73.9712 2.65907 -4.38903 -1.92459 0 5.22546 -1.18466 -1.87988 -7.69935 0.470538 0 5.77894 1.10239 -1.6002 -5.22462 0.0257793 -1.0557e-17 6.16289 0.118334 -1.21494 -0.535429 0.191186 -1.13649e-17 6.69386 -0.456341 -0.907689 6.15079 0.211911 -2.02997e-17 7.82529 -1.54945 -0.504481 10.0778 0.33569 -2.60628e-17 9.77186 -0.940923 -0.0914941 12.1776 0.345187 -2.98794e-17 10.8563 1.62248 0.113262 -0.488162 -0.128213 -1.32927e-17 4.92478 0.736013 -0.17205 18.4369 2.22025 -1.86396e-17 4.96043 0.433981 1.4303 -1.69905 0.965622 -2.06766e-17 4.97002 0.787173 -0.477919 -3.05284 2.26304 1.26863 -7.82717 7.75148 22.8236 -9.9649 12.4749 13.3291 3.34342 -3.36319 -51.5031 -36.4146 -45.9073 30.0522 0.0615366 0.141 11.9993 -11.0775 -85.9871 24.9344 0.0510561 0.116988 2.20162 -37.6667 3.66339 -1.26863 -7.82715 7.75138 -25.7188 -8.64583 -13.6255 -13.3291 3.34342 -3.36319 39.1699 -47.3819 34.316 -30.0522 0.0615366 0.141 -11.8518 -9.91591 80.3677 -24.9344 0.0510559 0.116988 0.0985925 -35.5014 2.25223 9.50369 -4.32711 2.09145 15.9434 -7.39115 -22.1443 -0.876987 -39.8926 -0.674123 -7.75441 27.1178 1.38887 -2.39345 -41.5694 -6.22357 -15.5513 -2.80196 19.3038 0.801613 -10.1701 12.8571 -5.53593e-15 -1.03098e-15 2.48265e-16 -9.50369 -4.32711 2.09145 -2.13789 -3.67452 32.7499 0.876987 -39.8926 -0.674123 10.2673 34.2066 -2.54787 2.39345 -41.5694 -6.22357 0.699513 -18.9356 -17.4331 -0.801613 -10.1701 12.8571 -5.967e-16 -5.59071e-16 -1.2747e-14 
-10.4213 92.8426 -74.7254 2.69115 -3.38654 -1.74074 0 5.22546 -1.18466 -1.77858 -8.24595 0.485396 0 5.77894 1.10239 -1.52856 -5.61554 0.0974101 -1.0557e-17 6.16289 0.118334 -1.18973 -0.658472 0.249272 -1.13649e-17 6.69386 -0.456341 -0.926377 6.37535 0.278695 -2.02997e-17 7.82529 -1.54945 -0.546268 10.5497 0.3878 -2.60628e-17 9.77186 -0.940923 -0.162557 12.7492 0.414843 -2.98794e-17 10.8563 1.62248 0.0927301 -0.601062 -0.115643 -1.32927e-17 4.92478 0.736013 -0.164961 17.7764 2.17641 -1.86396e-17 4.96043 0.433981 1.39067 -1.53206 0.927003 -2.06766e-17 4.97002 0.787173 -0.247674 -2.82425 1.94558 1.26863 -7.82717 7.75148 20.3414 -10.4864 11.0638 13.3291 3.34342 -3.36319 -49.3359 -35.4599 -44.927 30.0522 0.0615366 0.141 11.8355 -9.82626 -79.932 24.9344 0.0510561 0.116988 3.01481 -37.7213 3.93933 -1.26863 -7.82715 7.75138 -24.007 -9.09756 -11.9242 -13.3291 3.34342 -3.36319 36.7617 -45.6268 29.1455 -30.0522 0.0615366 0.141 -11.7185 -9.27012 77.2123 -24.9344 0.0510559 0.116988 0.316391 -35.2307 1.64756 9.50369 -4.32711 2.09145 15.7115 -5.69151 -22.1594 -0.876987 -39.8926 -0.674123 -5.56926 20.1372 0.633962 -2.39345 -41.5694 -6.22357 -17.0172 5.21316 21.314 0.801613 -10.1701 12.8571 -1.14002e-14 -2.07391e-15 1.31602e-15 -9.50369 -4.32711 2.09145 -3.164 -2.48818 32.5572 0.876987 -39.8926 -0.674123 7.98539 27.8125 -1.48319 2.39345 -41.5694 -6.22357 3.13641 -12.9613 -17.437 -0.801613 -10.1701 12.8571 -1.99131e-16 -5.83908e-16 -1.27595e-14 
-9.88461 95.4291 -75.6438 2.59431 -1.62734 -1.7548 0 5.22546 -1.18466 -1.57643 -8.73069 0.501598 0 5.77894 1.10239 -1.37949 -5.99803 0.199989 -1.0557e-17 6.16289 0.118334 -1.11007 -0.875065 0.337469 -1.13649e-17 6.69386 -0.456341 -0.914561 6.39686 0.376838 -2.02997e-17 7.82529 -1.54945 -0.575268 10.7113 0.464734 -2.60628e-17 9.77186 -0.940923 -0.237368 12.9809 0.503045 -2.98794e-17 10.8563 1.62248 0.0743358 -0.67618 -0.0831412 -1.32927e-17 4.92478 0.736013 -0.187552 16.9718 2.12514 -1.86396e-17 4.96043 0.433981 1.38248 -1.04884 0.893692 -2.06766e-17 4.97002 0.787173 -0.0819577 -2.19341 1.60694 1.26863 -7.82717 7.75148 17.9583 -10.7054 9.73185 13.3291 3.34342 -3.36319 -46.8886 -34.0373 -43.346 30.0522 0.0615366 0.141 11.4831 -8.41446 -72.9735 24.9344 0.0510561 0.116988 3.92637 -38.9316 3.76006 -1.26863 -7.82715 7.75138 -22.044 -9.22808 -10.2645 -13.3291 3.34342 -3.36319 34.1153 -43.5763 23.7169 -30.0522 0.0615366 0.141 -11.4926 -8.44425 73.1217 -24.9344 0.0510559 0.116988 0.557507 -35.4084 1.60606 9.50369 -4.32711 2.09145 15.4592 -5.70124 -20.8598 -0.876987 -39.8926 -0.674123 -4.02012 14.7884 0.262186 -2.39345 -41.5694 -6.22357 -17.9943 11.9764 22.8834 0.801613 -10.1701 12.8571 -1.97122e-15 -8.83145e-16 1.00452e-16 -9.50369 -4.32711 2.09145 -4.29058 -2.32332 31.0726 0.876987 -39.8926 -0.674123 5.96579 21.4565 -0.751658 2.39345 -41.5694 -6.22357 5.65355 -5.40323 -17.7305 -0.801613 -10.1701 12.8571 -1.78768e-15 -5.09451e-16 -1.26974e-14 
-9.34824 98.0807 -76.5242 2.28402 0.590924 -1.84755 0 5.22546 -1.18466 -1.26436 -9.25358 0.494835 0 5.77894 1.10239 -1.13721 -6.4195 0.299894 -1.0557e-17 6.16289 0.118334 -0.957735 -1.11873 0.41805 -1.13649e-17 6.69386 -0.456341 -0.847766 6.43056 0.465537 -2.02997e-17 7.82529 -1.54945 -0.576454 10.92 0.526377 -2.60628e-17 9.77186 -0.940923 -0.313979 13.2924 0.573019 -2.98794e-17 10.8563 1.62248 0.0569626 -0.751099 -0.0458159 -1.32927e-17 4.92478 0.736013 -0.214485 15.9365 1.9765 -1.86396e-17 4.96043 0.433981 1.40397 -0.59319 0.822463 -2.06766e-17 4.97002 0.787173 -0.0996715 -1.42687 1.36631 1.26863 -7.82717 7.75148 15.3419 -10.8729 8.46312 13.3291 3.34342 -3.36319 -44.5034 -32.6899 -41.8248 30.0522 0.0615366 0.141 10.9212 -6.96586 -65.5614 24.9344 0.0510561 0.116988 4.55843 -41.1178 3.46867 -1.26863 -7.82715 7.75138 -19.5828 -9.30325 -8.6855 -13.3291 3.34342 -3.36319 31.8624 -41.6503 19.1273 -30.0522 0.0615366 0.141 -11.1961 -7.60586 68.8796 -24.9344 0.0510559 0.116988 0.199823 -36.1843 1.11883 9.50369 -4.32711 2.09145 15.0614 -8.23185 -18.6388 -0.876987 -39.8926 -0.674123 -3.8127 14.0513 0.223413 -2.39345 -41.5694 -6.22357 -17.1327 9.58925 21.5964 0.801613 -10.1701 12.8571 -9.11293e-15 -1.19243e-15 4.09719e-16 -9.50369 -4.32711 2.09145 -5.09865 -2.97683 28.245 0.876987 -39.8926 -0.674123 4.11938 15.1395 -0.281679 2.39345 -41.5694 -6.22357 7.97471 4.60774 -18.2016 -0.801613 -10.1701 12.8571 -1.78906e-15 -5.09386e-16 -1.26974e-14 
-8.88289 100.716 -77.4124 1.95182 2.81764 -1.94638 0 5.22546 -1.18466 -0.876168 -9.71374 0.484924 0 5.77894 1.10239 -0.834768 -6.77174 0.399573 -1.0557e-17 6.16289 0.118334 -0.764013 -1.29593 0.491863 -1.13649e-17 6.69386 -0.456341 -0.757053 6.5398 0.54361 -2.02997e-17 7.82529 -1.54945 -0.575774 11.2365 0.583082 -2.60628e-17 9.77186 -0.940923 -0.411729 13.7096 0.643358 -2.98794e-17 10.8563 1.62248 0.0293468 -0.831121 -0.0102485 -1.32927e-17 4.92478 0.736013 -0.314177 14.208 1.84945 -1.86396e-17 4.96043 0.433981 1.16731 -0.388796 0.76155 -2.06766e-17 4.97002 0.787173 0.0728151 -0.367289 0.995732 1.26863 -7.82717 7.75148 12.428 -10.8878 7.0729 13.3291 3.34342 -3.36319 -41.8225 -31.8374 -39.8382 30.0522 0.0615366 0.141 10.2182 -5.66584 -58.5189 24.9344 0.0510561 0.116988 4.57543 -44.2823 3.20867 -1.26863 -7.82715 7.75138 -16.4217 -9.31668 -7.00355 -13.3291 3.34342 -3.36319 29.8919 -40.2736 15.3815 -30.0522 0.0615366 0.141 -10.813 -6.73888 64.3624 -24.9344 0.0510559 0.116988 -0.160166 -37.2813 0.831568 9.50369 -4.32711 2.09145 14.3764 -10.9217 -16.8378 -0.876987 -39.8926 -0.674123 -3.74973 13.8266 0.212169 -2.39345 -41.5694 -6.22357 -15.7267 5.74409 19.8519 0.801613 -10.1701 12.8571 -2.76375e-15 -9.1962e-16 1.36906e-16 -9.50369 -4.32711 2.09145 -5.45175 -4.7556 25.4415 0.876987 -39.8926 -0.674123 2.96202 10.9858 -0.0925129 2.39345 -41.5694 -6.22357 8.94043 11.5997 -18.2388 -0.801613 -10.1701 12.8571 4.56644e-15 -7.82474e-16 -1.29705e-14 
-8.46193 103.199 -77.8781 1.62046 4.86981 -1.88698 0 5.22546 -1.18466 -0.507082 -10.0446 0.464415 0 5.77894 1.10239 -0.542968 -7.00582 0.464311 -1.0557e-17 6.16289 0.118334 -0.568329 -1.3962 0.529116 -1.13649e-17 6.69386 -0.456341 -0.646315 6.70912 0.580828 -2.02997e-17 7.82529 -1.54945 -0.552813 11.6083 0.607736 -2.60628e-17 9.77186 -0.940923 -0.486987 14.1517 0.679335 -2.98794e-17 10.8563 1.62248 -0.00787281 -0.902811 0.0162768 -1.32927e-17 4.92478 0.736013 -0.410502 11.789 1.84086 -1.86396e-17 4.96043 0.433981 0.906131 -0.430008 0.761582 -2.06766e-17 4.97002 0.787173 0.31915 0.912027 0.371719 1.26863 -7.82717 7.75148 9.45978 -10.6105 5.62088 13.3291 3.34342 -3.36319 -39.0773 -30.981 -37.508 30.0522 0.0615366 0.141 9.41903 -4.53245 -51.9091 24.9344 0.0510561 0.116988 4.36428 -47.8958 2.94975 -1.26863 -7.82715 7.75138 -12.947 -9.1931 -5.31161 -13.3291 3.34342 -3.36319 28.7307 -39.4031 12.8773 -30.0522 0.0615366 0.141 -10.2966 -5.79326 59.2297 -24.9344 0.0510559 0.116988 -0.334669 -38.3108 0.869779 9.50369 -4.32711 2.09145 13.1563 -13.2457 -17.0752 -0.876987 -39.8926 -0.674123 -3.60654 13.3144 0.18752 -2.39345 -41.5694 -6.22357 -14.6866 4.55464 19.1006 0.801613 -10.1701 12.8571 -2.36092e-15 -8.94553e-16 1.11838e-16 -9.50369 -4.32711 2.09145 -5.4431 -7.5754 24.0032 0.876987 -39.8926 -0.674123 2.92281 10.843 -0.0875817 2.39345 -41.5694 -6.22357 6.44618 6.18954 -17.1868 -0.801613 -10.1701 12.8571 2.02643e-16 -5.96518e-16 -1.27721e-14 
-8.04132 105.351 -78.1165 1.32887 6.54934 -1.62999 0 5.22546 -1.18466 -0.226475 -10.1866 0.443528 0 5.77894 1.10239 -0.328346 -7.08966 0.506279 -1.0557e-17 6.16289 0.118334 -0.423567 -1.4349 0.545389 -1.13649e-17 6.69386 -0.456341 -0.553943 6.84881 0.595446 -2.02997e-17 7.82529 -1.54945 -0.528216 11.8888 0.61909 -2.60628e-17 9.77186 -0.940923 -0.538234 14.4704 0.697395 -2.98794e-17 10.8563 1.62248 -0.0403521 -0.928364 0.0442588 -1.32927e-17 4.92478 0.736013 -0.486814 9.27191 1.74294 -1.86396e-17 4.96043 0.433981 0.696462 -0.46395 0.721199 -2.06766e-17 4.97002 0.787173 0.742806 2.09838 -0.259073 1.26863 -7.82717 7.75148 6.56348 -10.0824 4.18649 13.3291 3.34342 -3.36319 -36.4023 -29.4544 -35.519 30.0522 0.0615366 0.141 8.4118 -3.41554 -44.7311 24.9344 0.0510561 0.116988 3.84427 -51.34 1.96516 -1.26863 -7.82715 7.75138 -9.38086 -8.90025 -3.65973 -13.3291 3.34342 -3.36319 28.2584 -38.7901 11.4876 -30.0522 0.0615366 0.141 -9.52849 -4.67211 52.753 -24.9344 0.0510559 0.116988 0.0238633 -39.9612 1.49439 9.50369 -4.32711 2.09145 11.4899 -14.7882 -18.2294 -0.876987 -39.8926 -0.674123 -3.32519 12.3023 0.142825 -2.39345 -41.5694 -6.22357 -13.7604 4.46673 18.7656 0.801613 -10.1701 12.8571 2.00884e-15 -7.08335e-16 -7.43799e-17 -9.50369 -4.32711 2.09145 -5.29141 -9.79212 22.1433 0.876987 -39.8926 -0.674123 2.87495 10.6686 -0.0816962 2.39345 -41.5694 -6.22357 4.68646 1.29965 -16.6159 -0.801613 -10.1701 12.8571 1.98785e-16 -5.96354e-16 -1.27719e-14 
-7.65627 107.056 -78.4145 1.1378 7.78213 -1.71117 0 5.22546 -1.18466 0.0668449 -10.1802 0.487775 0 5.77894 1.10239 -0.111018 -7.03198 0.604352 -1.0557e-17 6.16289 0.118334 -0.275117 -1.3815 0.618915 -1.13649e-17 6.69386 -0.456341 -0.460501 6.99465 0.667808 -2.02997e-17 7.82529 -1.54945 -0.484537 12.1275 0.688205 -2.60628e-17 9.77186 -0.940923 -0.534549 14.7142 0.762091 -2.98794e-17 10.8563 1.62248 -0.0599587 -0.917435 0.0754916 -1.32927e-17 4.92478 0.736013 -0.476419 6.49683 1.69297 -1.86396e-17 4.96043 0.433981 0.681422 -0.678577 0.716071 -2.06766e-17 4.97002 0.787173 0.65189 3.40103 -1.18773 1.26863 -7.82717 7.75148 3.8228 -9.40011 2.80672 13.3291 3.34342 -3.36319 -33.8135 -27.0433 -34.1902 30.0522 0.0615366 0.141 7.16975 -2.35495 -36.9192 24.9344 0.0510561 0.116988 3.38138 -54.8993 0.700433 -1.26863 -7.82715 7.75138 -5.96119 -8.38168 -2.23908 -13.3291 3.34342 -3.36319 28.0896 -38.0645 11.0036 -30.0522 0.0615366 0.141 -8.46759 -3.47033 45.1027 -24.9344 0.0510559 0.116988 1.1448 -42.8378 3.0798 9.50369 -4.32711 2.09145 9.84231 -15.6339 -18.3542 -0.876987 -39.8926 -0.674123 -3.05202 11.3131 0.104203 -2.39345 -41.5694 -6.22357 -12.5237 4.49186 18.3104 0.801613 -10.1701 12.8571 -3.70617e-16 -8.07475e-16 2.47604e-17 -9.50369 -4.32711 2.09145 -4.62417 -11.4353 20.5885 0.876987 -39.8926 -0.674123 2.78859 10.3535 -0.0714445 2.39345 -41.5694 -6.22357 3.00623 0.587256 -16.1143 -0.801613 -10.1701 12.8571 5.96003e-16 -6.2118e-16 -1.27967e-14 
-7.38716 108.265 -78.6843 1.01071 8.94055 -2.37473 0 5.22546 -1.18466 0.355461 -9.78966 0.578098 0 5.77894 1.10239 0.0978362 -6.64081 0.733496 -1.0557e-17 6.16289 0.118334 -0.129421 -1.18275 0.728075 -1.13649e-17 6.69386 -0.456341 -0.367303 7.00182 0.775312 -2.02997e-17 7.82529 -1.54945 -0.420328 12.0241 0.792275 -2.60628e-17 9.77186 -0.940923 -0.470282 14.5264 0.852776 -2.98794e-17 10.8563 1.62248 -0.0730601 -0.868947 0.105745 -1.32927e-17 4.92478 0.736013 -0.389173 3.00274 1.65342 -1.86396e-17 4.96043 0.433981 0.630212 -0.9002 0.72213 -2.06766e-17 4.97002 0.787173 0.00348746 4.88929 -1.87251 1.26863 -7.82717 7.75148 1.38406 -8.30839 1.3127 13.3291 3.34342 -3.36319 -31.1093 -23.8124 -32.559 30.0522 0.0615366 0.141 5.81134 -1.4816 -29.1761 24.9344 0.0510561 0.116988 2.69252 -59.5218 -0.890246 -1.26863 -7.82715 7.75138 -2.81259 -7.41484 -0.86638 -13.3291 3.34342 -3.36319 27.9827 -36.4658 11.0922 -30.0522 0.0615366 0.141 -7.20244 -2.37915 37.1122 -24.9344 0.0510559 0.116988 3.09106 -47.3971 5.62143 9.50369 -4.32711 2.09145 8.44842 -16.3004 -17.27 -0.876987 -39.8926 -0.674123 -2.88022 10.6878 0.0823371 -2.39345 -41.5694 -6.22357 -11.2563 4.521 17.7812 0.801613 -10.1701 12.8571 3.59946e-15 -6.46193e-16 -1.36522e-16 -9.50369 -4.32711 2.09145 -3.28231 -12.991 20.9404 0.876987 -39.8926 -0.674123 2.71028 10.0672 -0.062562 2.39345 -41.5694 -6.22357 1.70753 1.5617 -15.7218 -0.801613 -10.1701 12.8571 -5.95302e-16 -5.59137e-16 -1.27471e-14 
-7.25572 108.968 -78.9431 0.926552 10.3491 -3.19562 0 5.22546 -1.18466 0.563471 -9.08801 0.678582 0 5.77894 1.10239 0.237874 -6.00614 0.852637 -1.0557e-17 6.16289 0.118334 -0.0304814 -0.893909 0.838159 -1.13649e-17 6.69386 -0.456341 -0.300604 6.86727 0.884577 -2.02997e-17 7.82529 -1.54945 -0.357467 11.6021 0.903112 -2.60628e-17 9.77186 -0.940923 -0.370369 13.958 0.944552 -2.98794e-17 10.8563 1.62248 -0.0766299 -0.801259 0.130626 -1.32927e-17 4.92478 0.736013 -0.230606 -1.02608 1.74434 -1.86396e-17 4.96043 0.433981 0.507677 -0.896403 0.79263 -2.06766e-17 4.97002 0.787173 -0.713962 6.71701 -2.40606 1.26863 -7.82717 7.75148 -0.82208 -6.83646 -0.336555 13.3291 3.34342 -3.36319 -28.4772 -20.0022 -30.5818 30.0522 0.0615366 0.141 4.49325 -0.856532 -22.1669 24.9344 0.0510561 0.116988 -0.0212218 -66.0231 -4.15221 -1.26863 -7.82715 7.75138 0.161434 -6.0413 0.588137 -13.3291 3.34342 -3.36319 28.2601 -34.239 11.4126 -30.0522 0.0615366 0.141 -5.97888 -1.57558 30.0959 -24.9344 0.0510559 0.116988 5.40732 -52.8121 8.22219 9.50369 -4.32711 2.09145 7.24307 -17.1811 -15.5217 -0.876987 -39.8926 -0.674123 -2.77284 10.2959 0.0696272 -2.39345 -41.5694 -6.22357 -9.9389 4.38775 17.265 0.801613 -10.1701 12.8571 -3.69214e-16 -8.0742e-16 2.47056e-17 -9.50369 -4.32711 2.09145 -1.50715 -14.6925 22.6849 0.876987 -39.8926 -0.674123 2.60416 9.67863 -0.0511497 2.39345 -41.5694 -6.22357 0.732261 2.63822 -15.3712 -0.801613 -10.1701 12.8571 -1.99135e-16 -5.83908e-16 -1.27595e-14 
-7.2109 109.174 -79.0428 0.845118 11.2121 -3.70482 0 5.22546 -1.18466 0.644975 -7.99444 0.754157 0 5.77894 1.10239 0.283152 -5.06746 0.921638 -1.0557e-17 6.16289 0.118334 0.0104156 -0.472393 0.910486 -1.13649e-17 6.69386 -0.456341 -0.255825 6.59828 0.95566 -2.02997e-17 7.82529 -1.54945 -0.287533 10.8439 0.980928 -2.60628e-17 9.77186 -0.940923 -0.230388 12.9805 0.991726 -2.98794e-17 10.8563 1.62248 -0.0726684 -0.693982 0.152043 -1.32927e-17 4.92478 0.736013 0.0297391 -5.45439 1.8429 -1.86396e-17 4.96043 0.433981 0.473565 -0.432801 0.863756 -2.06766e-17 4.97002 0.787173 -1.12166 9.64457 -2.78811 1.26863 -7.82717 7.75148 -3.12462 -4.86449 -2.24346 13.3291 3.34342 -3.36319 -26.0462 -15.4755 -28.2536 30.0522 0.0615366 0.141 3.35712 -0.465798 -16.3859 24.9344 0.0510561 0.116988 -7.26599 -73.7723 -11.5126 -1.26863 -7.82715 7.75138 3.02473 -4.2111 2.14397 -13.3291 3.34342 -3.36319 28.7629 -31.1186 11.4687 -30.0522 0.0615366 0.141 -4.89655 -1.0269 24.2693 -24.9344 0.0510559 0.116988 7.84591 -58.8951 10.6262 9.50369 -4.32711 2.09145 5.95262 -17.4836 -14.2369 -0.876987 -39.8926 -0.674123 -2.71975 10.1019 0.0636153 -2.39345 -41.5694 -6.22357 -8.43761 3.92465 16.7713 0.801613 -10.1701 12.8571 -2.35881e-15 -8.94454e-16 1.1174e-16 -9.50369 -4.32711 2.09145 0.315699 -15.6598 24.8429 0.876987 -39.8926 -0.674123 2.49894 9.29264 -0.0405498 2.39345 -41.5694 -6.22357 -0.179893 3.43621 -15.0031 -0.801613 -10.1701 12.8571 -1.78766e-15 -5.09451e-16 -1.26974e-14 
-7.17393 108.878 -78.9803 0.491793 11.4638 -3.94721 0 5.22546 -1.18466 0.682321 -6.62778 0.783304 0 5.77894 1.10239 0.312669 -3.94891 0.929557 -1.0557e-17 6.16289 0.118334 0.055246 0.0441487 0.931866 -1.13649e-17 6.69386 -0.456341 -0.186204 6.27904 0.974758 -2.02997e-17 7.82529 -1.54945 -0.186031 9.91728 1.00453 -2.60628e-17 9.77186 -0.940923 -0.0569189 11.7921 0.97564 -2.98794e-17 10.8563 1.62248 -0.0630422 -0.560319 0.167028 -1.32927e-17 4.92478 0.736013 0.394885 -9.56853 2.04319 -1.86396e-17 4.96043 0.433981 0.549495 0.276937 0.977071 -2.06766e-17 4.97002 0.787173 -1.27438 12.9516 -3.11726 1.26863 -7.82717 7.75148 -5.34802 -2.60863 -4.20342 13.3291 3.34342 -3.36319 -24.7519 -10.6573 -26.1114 30.0522 0.0615366 0.141 2.49555 -0.251763 -12.1106 24.9344 0.0510561 0.116988 -24.4592 -80.9926 -28.6539 -1.26863 -7.82715 7.75138 5.68577 -2.14471 3.67169 -13.3291 3.34342 -3.36319 29.9037 -27.2141 11.4993 -30.0522 0.0615366 0.141 -4.0393 -0.684821 19.832 -24.9344 0.0510559 0.116988 10.0721 -65.5866 12.5955 9.50369 -4.32711 2.09145 4.7507 -17.1016 -14.0658 -0.876987 -39.8926 -0.674123 -2.71797 10.0954 0.0634169 -2.39345 -41.5694 -6.22357 -6.67936 2.65013 16.3147 0.801613 -10.1701 12.8571 -3.74475e-16 -8.07639e-16 2.49248e-17 -9.50369 -4.32711 2.09145 2.18395 -15.8482 26.4884 0.876987 -39.8926 -0.674123 2.43599 9.06132 -0.0345471 2.39345 -41.5694 -6.22357 -0.982647 3.95905 -14.6745 -0.801613 -10.1701 12.8571 -2.00188e-16 -5.83864e-16 -1.27594e-14 
-7.12514 108.064 -78.8618 -0.0699027 11.5546 -3.91369 0 5.22546 -1.18466 0.716446 -5.32353 0.760562 0 5.77894 1.10239 0.357202 -2.92913 0.882057 -1.0557e-17 6.16289 0.118334 0.118949 0.51296 0.903187 -1.13649e-17 6.69386 -0.456341 -0.0945207 5.9677 0.943009 -2.02997e-17 7.82529 -1.54945 -0.0740581 9.03365 0.972589 -2.60628e-17 9.77186 -0.940923 0.101921 10.6745 0.907314 -2.98794e-17 10.8563 1.62248 -0.0508625 -0.408374 0.177319 -1.32927e-17 4.92478 0.736013 0.72774 -12.6343 2.20175 -1.86396e-17 4.96043 0.433981 0.603053 0.926244 1.05635 -2.06766e-17 4.97002 0.787173 -1.41643 15.4367 -3.23785 1.26863 -7.82717 7.75148 -6.97993 -0.560529 -5.80451 13.3291 3.34342 -3.36319 -25.1483 -6.07553 -24.7467 30.0522 0.0615366 0.141 1.87371 -0.138856 -9.06559 24.9344 0.0510561 0.116988 -72.8791 -85.0851 -76.6567 -1.26863 -7.82715 7.75138 7.98322 -0.119928 4.97023 -13.3291 3.34342 -3.36319 31.715 -22.2475 11.6839 -30.0522 0.0615366 0.141 -3.31359 -0.453167 16.1664 -24.9344 0.0510559 0.116988 13.4778 -72.8915 15.8151 9.50369 -4.32711 2.09145 3.73877 -16.4864 -14.1672 -0.876987 -39.8926 -0.674123 -2.7364 10.1627 0.0654811 -2.39345 -41.5694 -6.22357 -4.51586 0.604335 15.8743 0.801613 -10.1701 12.8571 2.44974e-17 -7.9515e-16 1.2435e-17 -9.50369 -4.32711 2.09145 3.95165 -15.7385 27.0811 0.876987 -39.8926 -0.674123 2.44059 9.07826 -0.0349779 2.39345 -41.5694 -6.22357 -2.14008 3.91667 -14.3616 -0.801613 -10.1701 12.8571 -1.39044e-15 -5.34278e-16 -1.27098e-14 
-7.1187 106.768 -78.7994 -0.757771 11.6097 -3.84026 0 5.22546 -1.18466 0.791409 -4.07108 0.721107 0 5.77894 1.10239 0.446855 -1.99377 0.824977 -1.0557e-17 6.16289 0.118334 0.216226 0.923035 0.8674 -1.13649e-17 6.69386 -0.456341 0.0152382 5.61596 0.904657 -2.02997e-17 7.82529 -1.54945 0.0395251 8.11355 0.926015 -2.60628e-17 9.77186 -0.940923 0.235174 9.53686 0.827567 -2.98794e-17 10.8563 1.62248 -0.039984 -0.238257 0.187771 -1.32927e-17 4.92478 0.736013 1.00472 -14.9795 2.33459 -1.86396e-17 4.96043 0.433981 0.613838 1.35786 1.10948 -2.06766e-17 4.97002 0.787173 -1.74813 17.161 -3.13631 1.26863 -7.82717 7.75148 -7.87486 1.18763 -6.99406 13.3291 3.34342 -3.36319 -26.8707 -1.52872 -23.9364 30.0522 0.0615366 0.141 1.44619 -0.080834 -6.98646 24.9344 0.0510561 0.116988 -131.073 -83.1283 -134.07 -1.26863 -7.82715 7.75138 9.80803 1.9511 6.02795 -13.3291 3.34342 -3.36319 33.7217 -15.0577 11.8714 -30.0522 0.0615366 0.141 -2.62325 -0.279036 12.7383 -24.9344 0.0510559 0.116988 27.5078 -80.9769 29.9662 9.50369 -4.32711 2.09145 3.08692 -15.8388 -13.7808 -0.876987 -39.8926 -0.674123 -2.80582 10.4164 0.0734532 -2.39345 -41.5694 -6.22357 -2.31702 -1.87538 15.5576 0.801613 -10.1701 12.8571 -3.72371e-16 -8.07552e-16 2.48371e-17 -9.50369 -4.32711 2.09145 5.66646 -15.55 27.0213 0.876987 -39.8926 -0.674123 2.51396 9.34778 -0.0420193 2.39345 -41.5694 -6.22357 -3.79325 3.24668 -14.0916 -0.801613 -10.1701 12.8571 5.946e-16 -6.21125e-16 -1.27967e-14 
-7.16481 105.085 -78.9199 -1.48894 11.6542 -3.52558 0 5.22546 -1.18466 0.843728 -2.81756 0.641724 0 5.77894 1.10239 0.527229 -1.09072 0.732559 -1.0557e-17 6.16289 0.118334 0.308386 1.31367 0.798321 -1.13649e-17 6.69386 -0.456341 0.122583 5.25144 0.834639 -2.02997e-17 7.82529 -1.54945 0.144669 7.18052 0.843047 -2.60628e-17 9.77186 -0.940923 0.34036 8.38907 0.714121 -2.98794e-17 10.8563 1.62248 -0.0337036 -0.0665404 0.196562 -1.32927e-17 4.92478 0.736013 1.15044 -16.2996 2.30299 -1.86396e-17 4.96043 0.433981 0.579425 1.56619 1.0811 -2.06766e-17 4.97002 0.787173 -2.00342 17.8114 -2.68727 1.26863 -7.82717 7.75148 -8.11459 2.61488 -7.85388 13.3291 3.34342 -3.36319 -29.6639 2.89453 -23.5113 30.0522 0.0615366 0.141 1.17458 -0.0521376 -5.67006 24.9344 0.0510561 0.116988 -151.233 -78.9973 -153.538 -1.26863 -7.82715 7.75138 11.0709 3.9468 6.94936 -13.3291 3.34342 -3.36319 36.0266 -6.56261 12.2592 -30.0522 0.0615366 0.141 -2.01575 -0.16147 9.75748 -24.9344 0.0510559 0.116988 100.053 -85.0842 102.596 9.50369 -4.32711 2.09145 2.71438 -15.4456 -13.1567 -0.876987 -39.8926 -0.674123 -2.98216 11.0591 0.0950851 -2.39345 -41.5694 -6.22357 -0.622774 -4.22169 15.4326 0.801613 -10.1701 12.8571 2.44974e-17 -7.9515e-16 1.2435e-17 -9.50369 -4.32711 2.09145 7.14755 -15.4562 26.3629 0.876987 -39.8926 -0.674123 2.66137 9.88822 -0.057212 2.39345 -41.5694 -6.22357 -5.27206 2.09279 -13.9742 -0.801613 -10.1701 12.8571 -1.98083e-16 -5.83963e-16 -1.27595e-14 
-7.25946 103.044 -79.1932 -2.10301 11.4546 -3.07822 0 5.22546 -1.18466 0.863945 -1.47125 0.536704 0 5.77894 1.10239 0.586484 -0.151959 0.61929 -1.0557e-17 6.16289 0.118334 0.384901 1.7103 0.70749 -1.13649e-17 6.69386 -0.456341 0.217133 4.83664 0.744137 -2.02997e-17 7.82529 -1.54945 0.235072 6.15656 0.735398 -2.60628e-17 9.77186 -0.940923 0.41727 7.12712 0.575316 -2.98794e-17 10.8563 1.62248 -0.0342099 0.106094 0.209067 -1.32927e-17 4.92478 0.736013 1.20789 -16.6819 2.25778 -1.86396e-17 4.96043 0.433981 0.468597 1.7691 1.0399 -2.06766e-17 4.97002 0.787173 -2.09511 17.8557 -2.15701 1.26863 -7.82717 7.75148 -7.82549 3.83739 -8.47705 13.3291 3.34342 -3.36319 -33.2665 7.28521 -23.1482 30.0522 0.0615366 0.141 1.0196 -0.0385845 -4.92019 24.9344 0.0510561 0.116988 -159.651 -74.9799 -161.443 -1.26863 -7.82715 7.75138 11.8165 5.88416 7.85547 -13.3291 3.34342 -3.36319 38.4831 2.19977 12.7735 -30.0522 0.0615366 0.141 -1.51892 -0.0894108 7.33833 -24.9344 0.0510559 0.116988 149.072 -78.7007 151.479 9.50369 -4.32711 2.09145 2.57994 -15.133 -12.2224 -0.876987 -39.8926 -0.674123 -3.36022 12.4287 0.148118 -2.39345 -41.5694 -6.22357 0.510561 -6.14275 15.415 0.801613 -10.1701 12.8571 2.48481e-17 -7.95139e-16 1.2424e-17 -9.50369 -4.32711 2.09145 8.20424 -15.4973 24.9315 0.876987 -39.8926 -0.674123 3.00734 11.1507 -0.0983344 2.39345 -41.5694 -6.22357 -6.49884 0.764551 -13.9458 -0.801613 -10.1701 12.8571 -5.95999e-16 -5.59104e-16 -1.27471e-14 
-7.33041 100.646 -79.494 -2.52829 10.7785 -2.80038 0 5.22546 -1.18466 0.852558 -0.0976631 0.447105 0 5.77894 1.10239 0.62418 0.780755 0.524703 -1.0557e-17 6.16289 0.118334 0.441614 2.113 0.633253 -1.13649e-17 6.69386 -0.456341 0.289785 4.41675 0.671376 -2.02997e-17 7.82529 -1.54945 0.307455 5.1388 0.644113 -2.60628e-17 9.77186 -0.940923 0.474906 5.85409 0.449599 -2.98794e-17 10.8563 1.62248 -0.0387332 0.265947 0.218985 -1.32927e-17 4.92478 0.736013 1.24975 -16.2855 2.31082 -1.86396e-17 4.96043 0.433981 0.316245 1.89867 1.03345 -2.06766e-17 4.97002 0.787173 -2.14188 17.3416 -1.70545 1.26863 -7.82717 7.75148 -7.15045 4.88519 -8.87288 13.3291 3.34342 -3.36319 -37.5345 12.0111 -22.7283 30.0522 0.0615366 0.141 0.946062 -0.0328679 -4.56467 24.9344 0.0510561 0.116988 -164.071 -71.1221 -165.543 -1.26863 -7.82715 7.75138 11.9809 7.58703 8.55851 -13.3291 3.34342 -3.36319 41.1184 10.5563 13.4104 -30.0522 0.0615366 0.141 -1.15341 -0.0499817 5.56655 -24.9344 0.0510559 0.116988 158.984 -70.7556 160.849 9.50369 -4.32711 2.09145 2.41296 -14.6993 -12.2532 -0.876987 -39.8926 -0.674123 -4.08177 15.0066 0.274222 -2.39345 -41.5694 -6.22357 1.26769 -7.80399 15.4764 0.801613 -10.1701 12.8571 2.48481e-17 -7.95139e-16 1.2424e-17 -9.50369 -4.32711 2.09145 8.84588 -15.3501 24.0118 0.876987 -39.8926 -0.674123 3.60523 13.3097 -0.1873 2.39345 -41.5694 -6.22357 -7.03732 -0.51099 -14.023 -0.801613 -10.1701 12.8571 -5.96354e-16 -5.59082e-16 -1.27471e-14 
-7.34984 97.9426 -79.8881 -2.95772 9.41979 -2.90784 0 5.22546 -1.18466 0.792632 1.48958 0.38609 0 5.77894 1.10239 0.619267 1.8607 0.455199 -1.0557e-17 6.16289 0.118334 0.464773 2.6432 0.579306 -1.13649e-17 6.69386 -0.456341 0.335752 4.06121 0.62012 -2.02997e-17 7.82529 -1.54945 0.368608 4.17205 0.577919 -2.60628e-17 9.77186 -0.940923 0.53229 4.60479 0.346289 -2.98794e-17 10.8563 1.62248 -0.0429123 0.404935 0.221299 -1.32927e-17 4.92478 0.736013 1.23303 -15.5891 2.25436 -1.86396e-17 4.96043 0.433981 0.210851 1.67023 0.981126 -2.06766e-17 4.97002 0.787173 -2.16421 16.2754 -0.915575 1.26863 -7.82717 7.75148 -6.26407 5.8733 -9.20481 13.3291 3.34342 -3.36319 -42.0059 16.68 -22.1907 30.0522 0.0615366 0.141 0.931429 -0.0317844 -4.49394 24.9344 0.0510561 0.116988 -166.509 -67.1937 -167.836 -1.26863 -7.82715 7.75138 11.8891 9.01078 9.12558 -13.3291 3.34342 -3.36319 44.1638 17.4292 14.1653 -30.0522 0.0615366 0.141 -0.943603 -0.032497 4.55179 -24.9344 0.0510559 0.116988 161.672 -64.3463 162.924 9.50369 -4.32711 2.09145 2.54488 -14.3019 -12.4727 -0.876987 -39.8926 -0.674123 -5.31693 19.2865 0.563743 -2.39345 -41.5694 -6.22357 1.5559 -9.34769 15.5521 0.801613 -10.1701 12.8571 -3.72366e-16 -8.07552e-16 2.4837e-17 -9.50369 -4.32711 2.09145 9.44499 -14.4727 24.0711 0.876987 -39.8926 -0.674123 4.40498 16.1439 -0.341125 2.39345 -41.5694 -6.22357 -7.11914 -2.22151 -14.2502 -0.801613 -10.1701 12.8571 -1.39078e-15 -5.34256e-16 -1.27098e-14 
-7.35427 95.039 -80.1866 -3.11007 7.09043 -2.97428 0 5.22546 -1.18466 0.57969 3.14732 0.358371 0 5.77894 1.10239 0.488347 3.01885 0.397205 -1.0557e-17 6.16289 0.118334 0.385831 3.31284 0.528429 -1.13649e-17 6.69386 -0.456341 0.297987 3.89879 0.571508 -2.02997e-17 7.82529 -1.54945 0.373706 3.46312 0.524604 -2.60628e-17 9.77186 -0.940923 0.559907 3.62487 0.262968 -2.98794e-17 10.8563 1.62248 -0.047879 0.521569 0.209746 -1.32927e-17 4.92478 0.736013 1.12559 -14.1562 2.09308 -1.86396e-17 4.96043 0.433981 0.184166 1.04772 0.886795 -2.06766e-17 4.97002 0.787173 -2.02025 14.2418 -0.295627 1.26863 -7.82717 7.75148 -5.31117 6.62873 -9.44129 13.3291 3.34342 -3.36319 -46.6292 20.9839 -21.7711 30.0522 0.0615366 0.141 0.950164 -0.0331739 -4.58448 24.9344 0.0510561 0.116988 -167.876 -63.7418 -169.49 -1.26863 -7.82715 7.75138 11.3377 9.88596 9.36356 -13.3291 3.34342 -3.36319 47.9969 23.1519 15.1841 -30.0522 0.0615366 0.141 -0.801409 -0.0227714 3.86481 -24.9344 0.0510559 0.116988 163.115 -59.377 163.799 9.50369 -4.32711 2.09145 2.34591 -12.873 -13.6593 -0.876987 -39.8926 -0.674123 -6.55408 23.3722 0.942427 -2.39345 -41.5694 -6.22357 1.62093 -10.8168 15.657 0.801613 -10.1701 12.8571 4.21707e-16 -7.82737e-16 2.22159e-20 -9.50369 -4.32711 2.09145 10.1244 -12.9759 25.2871 0.876987 -39.8926 -0.674123 5.53318 20.0161 -0.623696 2.39345 -41.5694 -6.22357 -8.13682 -4.39762 -14.5429 -0.801613 -10.1701 12.8571 -5.97065e-16 -5.5906e-16 -1.2747e-14 
-7.32605 91.943 -80.2979 -2.72347 4.08215 -2.90782 0 5.22546 -1.18466 0.0340304 5.2507 0.321259 0 5.77894 1.10239 0.0882305 4.4342 0.285637 -1.0557e-17 6.16289 0.118334 0.0952682 4.12287 0.421847 -1.13649e-17 6.69386 -0.456341 0.108464 3.64941 0.462694 -2.02997e-17 7.82529 -1.54945 0.274191 2.54257 0.433137 -2.60628e-17 9.77186 -0.940923 0.535295 2.34124 0.157202 -2.98794e-17 10.8563 1.62248 -0.05155 0.667008 0.191439 -1.32927e-17 4.92478 0.736013 0.965575 -11.7266 1.97118 -1.86396e-17 4.96043 0.433981 0.124978 0.737004 0.811357 -2.06766e-17 4.97002 0.787173 -1.30795 11.8896 0.535955 1.26863 -7.82717 7.75148 -4.0586 7.45879 -9.69716 13.3291 3.34342 -3.36319 -50.7669 25.826 -20.8678 30.0522 0.0615366 0.141 1.00903 -0.0377348 -4.86905 24.9344 0.0510561 0.116988 -168.268 -59.3808 -169.683 -1.26863 -7.82715 7.75138 10.1637 10.5115 9.67092 -13.3291 3.34342 -3.36319 52.8458 27.7786 15.5514 -30.0522 0.0615366 0.141 -0.767121 -0.0206837 3.69925 -24.9344 0.0510559 0.116988 163.978 -55.8851 164.006 9.50369 -4.32711 2.09145 1.55643 -12.4693 -15.6018 -0.876987 -39.8926 -0.674123 -8.63467 29.7188 1.76214 -2.39345 -41.5694 -6.22357 3.06354 -16.0081 15.9949 0.801613 -10.1701 12.8571 -7.69224e-16 -8.32366e-16 4.96517e-17 -9.50369 -4.32711 2.09145 10.6891 -12.3765 26.3245 0.876987 -39.8926 -0.674123 7.57062 26.559 -1.31571 2.39345 -41.5694 -6.22357 -8.65222 -7.18198 -15.0452 -0.801613 -10.1701 12.8571 -9.93568e-16 -5.46669e-16 -1.27222e-14 
-7.36547 89.2897 -80.2732 -2.36039 0.03228 -3.50861 0 5.22546 -1.18466 -0.475187 7.40638 0.313252 0 5.77894 1.10239 -0.266874 5.87549 0.197491 -1.0557e-17 6.16289 0.118334 -0.16164 4.99113 0.333767 -1.13649e-17 6.69386 -0.456341 -0.0598499 3.45181 0.371992 -2.02997e-17 7.82529 -1.54945 0.193159 1.69005 0.35756 -2.60628e-17 9.77186 -0.940923 0.521688 1.1385 0.0642862 -2.98794e-17 10.8563 1.62248 -0.0554027 0.808546 0.173373 -1.32927e-17 4.92478 0.736013 0.908616 -8.688 2.25284 -1.86396e-17 4.96043 0.433981 0.15019 0.981315 0.920571 -2.06766e-17 4.97002 0.787173 -0.842835 10.3261 1.65906 1.26863 -7.82717 7.75148 -2.74559 8.14694 -9.83046 13.3291 3.34342 -3.36319 -55.7583 30.668 -19.432 30.0522 0.0615366 0.141 1.13063 -0.0480899 -5.45731 24.9344 0.0510561 0.116988 -169.146 -54.8049 -170.342 -1.26863 -7.82715 7.75138 8.65214 10.8636 9.76441 -13.3291 3.34342 -3.36319 57.8695 31.6985 15.1801 -30.0522 0.0615366 0.141 -0.805848 -0.023053 3.8863 -24.9344 0.0510559 0.116988 164.063 -55.1434 163.622 9.50369 -4.32711 2.09145 0.725563 -10.5256 -16.6868 -0.876987 -39.8926 -0.674123 -10.6768 35.2639 2.76252 -2.39345 -41.5694 -6.22357 4.12429 -20.1472 16.2958 0.801613 -10.1701 12.8571 -7.70291e-16 -8.32411e-16 4.96962e-17 -9.50369 -4.32711 2.09145 11.6434 -10.6449 27.4244 0.876987 -39.8926 -0.674123 9.73547 32.7928 -2.27931 2.39345 -41.5694 -6.22357 -9.60541 -9.50064 -15.477 -0.801613 -10.1701 12.8571 -1.39114e-15 -5.34245e-16 -1.27098e-14 
-7.1856 87.4696 -80.2821 -1.63521 -5.10673 -3.54328 0 5.22546 -1.18466 -0.9935 9.1546 0.198145 0 5.77894 1.10239 -0.631498 7.12076 0.00167709 -1.0557e-17 6.16289 0.118334 -0.43039 5.898 0.132694 -1.13649e-17 6.69386 -0.456341 -0.237711 3.67896 0.173702 -2.02997e-17 7.82529 -1.54945 0.0736229 1.48425 0.175332 -2.60628e-17 9.77186 -0.940923 0.442483 0.74705 -0.109212 -2.98794e-17 10.8563 1.62248 -0.072192 0.87993 0.149838 -1.32927e-17 4.92478 0.736013 0.664357 -6.10661 2.04907 -1.86396e-17 4.96043 0.433981 0.040595 0.517277 0.823316 -2.06766e-17 4.97002 0.787173 -0.154707 8.59284 3.51431 1.26863 -7.82717 7.75148 -2.1035 8.28342 -9.63001 13.3291 3.34342 -3.36319 -60.5896 33.5449 -18.1949 30.0522 0.0615366 0.141 1.26587 -0.0610865 -6.11213 24.9344 0.0510561 0.116988 -172.005 -52.3316 -172.839 -1.26863 -7.82715 7.75138 7.17817 10.4944 9.65419 -13.3291 3.34342 -3.36319 61.7952 33.2937 14.5511 -30.0522 0.0615366 0.141 -0.865095 -0.0269243 4.17249 -24.9344 0.0510559 0.116988 163.006 -57.9018 161.268 9.50369 -4.32711 2.09145 -0.7244 -8.16838 -17.3708 -0.876987 -39.8926 -0.674123 -12.8904 40.5182 4.03011 -2.39345 -41.5694 -6.22357 3.80695 -22.3525 16.3549 0.801613 -10.1701 12.8571 2.41372e-17 -7.95172e-16 1.24574e-17 -9.50369 -4.32711 2.09145 11.4946 -7.83646 26.9506 0.876987 -39.8926 -0.674123 11.5898 37.5239 -3.26428 2.39345 -41.5694 -6.22357 -9.42283 -10.3447 -15.5854 -0.801613 -10.1701 12.8571 -1.99851e-16 -5.83886e-16 -1.27594e-14 
-7.09917 86.0302 -79.8259 -1.44603 -3.23012 -4.00908 0 5.22546 -1.18466 -0.819772 8.35643 -0.0731764 0 5.77894 1.10239 -0.437894 6.65084 -0.264404 -1.0557e-17 6.16289 0.118334 -0.250478 5.55364 -0.140169 -1.13649e-17 6.69386 -0.456341 -0.0689834 3.61062 -0.110028 -2.02997e-17 7.82529 -1.54945 0.158721 1.63601 -0.15033 -2.60628e-17 9.77186 -0.940923 0.392654 0.907108 -0.43135 -2.98794e-17 10.8563 1.62248 -0.0757881 0.810342 0.12444 -1.32927e-17 4.92478 0.736013 0.934995 -5.68475 3.4669 -1.86396e-17 4.96043 0.433981 0.368713 0.256539 1.45956 -2.06766e-17 4.97002 0.787173 -1.47146 5.30235 3.47706 1.26863 -7.82717 7.75148 -1.42906 7.58242 -8.12489 13.3291 3.34342 -3.36319 -67.1312 34.359 -15.1932 30.0522 0.0615366 0.141 1.51327 -0.0888985 -7.31198 24.9344 0.0510561 0.116988 -171.309 -52.7637 -171.601 -1.26863 -7.82715 7.75138 6.4467 9.61113 8.64702 -13.3291 3.34342 -3.36319 63.4025 34.0247 13.9901 -30.0522 0.0615366 0.141 -1.09548 -0.0447872 5.28635 -24.9344 0.0510559 0.116988 158.891 -62.8187 158.141 9.50369 -4.32711 2.09145 -0.896642 -13.6267 -16.9433 -0.876987 -39.8926 -0.674123 -16.102 46.8731 6.13834 -2.39345 -41.5694 -6.22357 3.67562 -22.7302 16.3296 0.801613 -10.1701 12.8571 2.48481e-17 -7.95139e-16 1.2424e-17 -9.50369 -4.32711 2.09145 12.9663 -13.7643 27.8136 0.876987 -39.8926 -0.674123 15.8961 46.5065 -5.99513 2.39345 -41.5694 -6.22357 -11.6714 -17.1643 -16.944 -0.801613 -10.1701 12.8571 -4.56814e-15 -3.97736e-16 -1.25733e-14 
-6.99907 85.3368 -79.0264 -0.822764 -2.64826 -4.3966 0 5.22546 -1.18466 -1.13477 6.41246 -0.249076 0 5.77894 1.10239 -0.680987 5.42741 -0.506733 -1.0557e-17 6.16289 0.118334 -0.435351 4.85709 -0.405682 -1.13649e-17 6.69386 -0.456341 -0.186272 3.79107 -0.393099 -2.02997e-17 7.82529 -1.54945 0.0414571 2.42774 -0.422311 -2.60628e-17 9.77186 -0.940923 0.258727 1.95303 -0.67611 -2.98794e-17 10.8563 1.62248 -0.0785255 0.691197 0.0736181 -1.32927e-17 4.92478 0.736013 0.998209 -7.1063 3.53992 -1.86396e-17 4.96043 0.433981 0.260619 -0.148881 1.48508 -2.06766e-17 4.97002 0.787173 -0.646215 5.35105 4.99994 1.26863 -7.82717 7.75148 -2.96965 6.9788 -6.99212 13.3291 3.34342 -3.36319 -69.9771 32.2448 -12.9217 30.0522 0.0615366 0.141 1.52296 -0.0900949 -7.35907 24.9344 0.0510561 0.116988 -173.364 -57.8567 -173.005 -1.26863 -7.82715 7.75138 6.15515 8.114 7.11375 -13.3291 3.34342 -3.36319 65.6527 30.8185 12.7185 -30.0522 0.0615366 0.141 -1.38645 -0.0738071 6.69572 -24.9344 0.0510559 0.116988 155.039 -70.7838 154.301 9.50369 -4.32711 2.09145 -1.23233 -15.6488 -15.9096 -0.876987 -39.8926 -0.674123 -17.6648 49.4921 7.25588 -2.39345 -41.5694 -6.22357 3.32882 -22.2968 16.299 0.801613 -10.1701 12.8571 2.40813e-15 -6.95835e-16 -8.68794e-17 -9.50369 -4.32711 2.09145 13.0257 -15.7363 29.2713 0.876987 -39.8926 -0.674123 17.4841 49.2035 -7.12402 2.39345 -41.5694 -6.22357 -10.3115 -16.3535 -16.6179 -0.801613 -10.1701 12.8571 1.38616e-15 -6.45828e-16 -1.28338e-14 
-6.98043 85.3371 -78.5269 -0.198824 -4.23875 -3.89199 0 5.22546 -1.18466 -1.50117 5.46703 -0.394657 0 5.77894 1.10239 -0.971538 4.86163 -0.727119 -1.0557e-17 6.16289 0.118334 -0.650072 4.62619 -0.641174 -1.13649e-17 6.69386 -0.456341 -0.306863 4.09917 -0.644253 -2.02997e-17 7.82529 -1.54945 -0.0443781 3.08573 -0.654257 -2.60628e-17 9.77186 -0.940923 0.194105 2.76727 -0.892302 -2.98794e-17 10.8563 1.62248 -0.0757757 0.634754 0.0275382 -1.32927e-17 4.92478 0.736013 1.09063 -6.17061 3.71677 -1.86396e-17 4.96043 0.433981 0.447766 -0.327432 1.59724 -2.06766e-17 4.97002 0.787173 -0.294604 5.2771 5.53882 1.26863 -7.82717 7.75148 -3.95784 6.1454 -5.72678 13.3291 3.34342 -3.36319 -70.4401 28.104 -11.6985 30.0522 0.0615366 0.141 1.46028 -0.082499 -7.0548 24.9344 0.0510561 0.116988 -175.82 -67.2373 -174.635 -1.26863 -7.82715 7.75138 5.63134 6.37395 5.64254 -13.3291 3.34342 -3.36319 67.3619 22.7823 10.9826 -30.0522 0.0615366 0.141 -1.77596 -0.12403 8.58841 -24.9344 0.0510559 0.116988 146.26 -79.8527 144.409 9.50369 -4.32711 2.09145 -1.83492 -14.9706 -15.7269 -0.876987 -39.8926 -0.674123 -18.2169 50.3519 7.66262 -2.39345 -41.5694 -6.22357 2.13818 -20.6165 16.086 0.801613 -10.1701 12.8571 -3.70233e-16 -8.07463e-16 2.47481e-17 -9.50369 -4.32711 2.09145 12.2914 -15.0627 28.7028 0.876987 -39.8926 -0.674123 18.1745 50.2869 -7.63116 2.39345 -41.5694 -6.22357 -10.0203 -15.7662 -16.4728 -0.801613 -10.1701 12.8571 -1.97363e-16 -5.83986e-16 -1.27596e-14 
-7.23565 86.1165 -78.3529 -0.254893 -3.8643 -3.43441 0 5.22546 -1.18466 -1.44964 3.75375 -0.501529 0 5.77894 1.10239 -0.928154 3.79353 -0.831493 -1.0557e-17 6.16289 0.118334 -0.600535 4.15957 -0.752557 -1.13649e-17 6.69386 -0.456341 -0.230095 4.62713 -0.763387 -2.02997e-17 7.82529 -1.54945 0.017556 4.23636 -0.779896 -2.60628e-17 9.77186 -0.940923 0.22382 4.17109 -1.01932 -2.98794e-17 10.8563 1.62248 -0.069593 0.464908 -0.0276871 -1.32927e-17 4.92478 0.736013 1.13989 -3.43596 4.03463 -1.86396e-17 4.96043 0.433981 1.02467 -1.23572 1.79091 -2.06766e-17 4.97002 0.787173 -1.10173 2.49254 5.16817 1.26863 -7.82717 7.75148 -3.47567 4.37596 -4.09517 13.3291 3.34342 -3.36319 -71.0372 23.2759 -11.3517 30.0522 0.0615366 0.141 1.37297 -0.0724762 -6.63122 24.9344 0.0510561 0.116988 -173.837 -76.7881 -172.904 -1.26863 -7.82715 7.75138 4.15602 4.06555 3.707 -13.3291 3.34342 -3.36319 68.5117 16.8915 10.3976 -30.0522 0.0615366 0.141 -1.98514 -0.156425 9.60829 -24.9344 0.0510559 0.116988 124.327 -84.5117 122.778 9.50369 -4.32711 2.09145 -1.59841 -15.4485 -15.7668 -0.876987 -39.8926 -0.674123 -17.7038 49.5538 7.28438 -2.39345 -41.5694 -6.22357 1.88068 -18.4743 16.0182 0.801613 -10.1701 12.8571 -3.72721e-16 -8.07563e-16 2.48481e-17 -9.50369 -4.32711 2.09145 12.1341 -14.3564 28.4887 0.876987 -39.8926 -0.674123 16.6479 47.8203 -6.52271 2.39345 -41.5694 -6.22357 -10.5741 -15.7692 -16.4188 -0.801613 -10.1701 12.8571 -1.98785e-16 -5.8393e-16 -1.27595e-14 
-7.58072 87.5985 -78.5108 -0.76251 -2.5533 -3.25833 0 5.22546 -1.18466 -1.23132 1.40236 -0.559281 0 5.77894 1.10239 -0.770076 2.21221 -0.843162 -1.0557e-17 6.16289 0.118334 -0.47849 3.39866 -0.768614 -1.13649e-17 6.69386 -0.456341 -0.123271 5.16512 -0.781142 -2.02997e-17 7.82529 -1.54945 0.0841038 5.61866 -0.80699 -2.60628e-17 9.77186 -0.940923 0.233882 5.89934 -1.03828 -2.98794e-17 10.8563 1.62248 -0.0666387 0.249268 -0.0835041 -1.32927e-17 4.92478 0.736013 0.992934 -0.370891 3.63795 -1.86396e-17 4.96043 0.433981 1.37639 -2.00339 1.64172 -2.06766e-17 4.97002 0.787173 -1.51119 -0.417522 5.4491 1.26863 -7.82717 7.75148 -2.7999 2.4073 -2.57624 13.3291 3.34342 -3.36319 -71.2199 18.2712 -11.1159 30.0522 0.0615366 0.141 1.31987 -0.0666997 -6.37382 24.9344 0.0510561 0.116988 -169.395 -83.4159 -169.13 -1.26863 -7.82715 7.75138 2.09837 1.62178 1.68445 -13.3291 3.34342 -3.36319 68.9528 12.7066 9.78717 -30.0522 0.0615366 0.141 -2.25969 -0.204759 10.9513 -24.9344 0.0510559 0.116988 91.0708 -86.4365 89.4584 9.50369 -4.32711 2.09145 -1.17857 -15.626 -16.3427 -0.876987 -39.8926 -0.674123 -15.9648 46.6294 6.04278 -2.39345 -41.5694 -6.22357 2.29986 -16.184 16.068 0.801613 -10.1701 12.8571 -3.72721e-16 -8.07563e-16 2.48481e-17 -9.50369 -4.32711 2.09145 12.0725 -13.211 28.9832 0.876987 -39.8926 -0.674123 13.8798 42.6272 -4.64912 2.39345 -41.5694 -6.22357 -10.1453 -15.4434 -16.1566 -0.801613 -10.1701 12.8571 -1.98785e-16 -5.8393e-16 -1.27595e-14 
-7.80228 89.636 -78.7105 -1.2859 -1.33213 -3.20668 0 5.22546 -1.18466 -0.987381 -1.30878 -0.577482 0 5.77894 1.10239 -0.60772 0.282194 -0.80547 -1.0557e-17 6.16289 0.118334 -0.368365 2.4758 -0.737839 -1.13649e-17 6.69386 -0.456341 -0.0428895 5.80086 -0.753187 -2.02997e-17 7.82529 -1.54945 0.117567 7.28018 -0.784944 -2.60628e-17 9.77186 -0.940923 0.205538 7.99097 -0.996891 -2.98794e-17 10.8563 1.62248 -0.0630483 0.0204416 -0.134747 -1.32927e-17 4.92478 0.736013 0.810006 3.13103 3.4159 -1.86396e-17 4.96043 0.433981 1.44806 -2.6913 1.55722 -2.06766e-17 4.97002 0.787173 -1.62401 -2.67374 5.393 1.26863 -7.82717 7.75148 -2.01387 0.281741 -1.0463 13.3291 3.34342 -3.36319 -70.4732 13.7123 -11.045 30.0522 0.0615366 0.141 1.36044 -0.071086 -6.57047 24.9344 0.0510561 0.116988 -166.455 -87.4825 -166.279 -1.26863 -7.82715 7.75138 0.0558245 -0.829813 -0.190846 -13.3291 3.34342 -3.36319 68.468 9.01723 8.96378 -30.0522 0.0615366 0.141 -2.6847 -0.292782 13.0418 -24.9344 0.0510559 0.116988 40.5437 -86.4891 38.2681 9.50369 -4.32711 2.09145 -1.01485 -14.0304 -17.4687 -0.876987 -39.8926 -0.674123 -13.2189 41.2342 4.23235 -2.39345 -41.5694 -6.22357 2.95448 -13.5734 16.0431 0.801613 -10.1701 12.8571 4.21707e-16 -7.82737e-16 2.22159e-20 -9.50369 -4.32711 2.09145 11.6898 -11.8356 29.0379 0.876987 -39.8926 -0.674123 11.279 36.7693 -3.08995 2.39345 -41.5694 -6.22357 -8.69956 -12.4781 -15.5335 -0.801613 -10.1701 12.8571 -5.95999e-16 -5.59104e-16 -1.27471e-14 
-7.70227 91.9345 -79.4005 -1.62288 -0.700364 -3.05197 0 5.22546 -1.18466 -0.802439 -2.80533 -0.546229 0 5.77894 1.10239 -0.491878 -0.893643 -0.72789 -1.0557e-17 6.16289 0.118334 -0.296715 1.81224 -0.663832 -1.13649e-17 6.69386 -0.456341 -0.00257499 5.95587 -0.680788 -2.02997e-17 7.82529 -1.54945 0.125348 7.96442 -0.715556 -2.60628e-17 9.77186 -0.940923 0.179352 8.87699 -0.908742 -2.98794e-17 10.8563 1.62248 -0.0531305 -0.0684617 -0.153394 -1.32927e-17 4.92478 0.736013 0.670357 6.09757 3.06602 -1.86396e-17 4.96043 0.433981 1.67236 -3.03348 1.39993 -2.06766e-17 4.97002 0.787173 -1.68083 -3.5335 5.28634 1.26863 -7.82717 7.75148 -0.956219 -1.02443 0.172002 13.3291 3.34342 -3.36319 -69.0563 10.8642 -10.7663 30.0522 0.0615366 0.141 1.53119 -0.0911056 -7.39904 24.9344 0.0510561 0.116988 159.201 -89.6528 159.344 -1.26863 -7.82715 7.75138 -1.95765 -2.24054 -1.48029 -13.3291 3.34342 -3.36319 67.4687 5.74272 6.98877 -30.0522 0.0615366 0.141 -3.27565 -0.442467 15.977 -24.9344 0.0510559 0.116988 19.3188 -85.1464 16.3302 9.50369 -4.32711 2.09145 -1.04384 -11.4898 -18.6629 -0.876987 -39.8926 -0.674123 -10.4412 34.6589 2.6382 -2.39345 -41.5694 -6.22357 2.85377 -9.71152 15.7755 0.801613 -10.1701 12.8571 4.22417e-16 -7.82715e-16 2.88531e-33 -9.50369 -4.32711 2.09145 10.7763 -10.7137 27.5504 0.876987 -39.8926 -0.674123 9.27364 31.5274 -2.0558 2.39345 -41.5694 -6.22357 -6.3616 -7.0134 -14.7335 -0.801613 -10.1701 12.8571 -1.99145e-16 -5.83907e-16 -1.27595e-14 
-7.26532 94.4845 -80.6754 -1.79736 -0.475366 -2.8827 0 5.22546 -1.18466 -0.6216 -3.59623 -0.488305 0 5.77894 1.10239 -0.364849 -1.56069 -0.618711 -1.0557e-17 6.16289 0.118334 -0.20961 1.39861 -0.554014 -1.13649e-17 6.69386 -0.456341 0.0445023 5.9555 -0.569056 -2.02997e-17 7.82529 -1.54945 0.147424 8.22004 -0.610676 -2.60628e-17 9.77186 -0.940923 0.179672 9.21259 -0.795608 -2.98794e-17 10.8563 1.62248 -0.0384932 -0.11007 -0.151606 -1.32927e-17 4.92478 0.736013 0.556678 8.80675 2.66626 -1.86396e-17 4.96043 0.433981 1.89992 -3.23674 1.21013 -2.06766e-17 4.97002 0.787173 -1.88125 -4.4052 4.95845 1.26863 -7.82717 7.75148 0.895766 -2.0005 1.35117 13.3291 3.34342 -3.36319 -68.035 9.40629 -10.7641 30.0522 0.0615366 0.141 1.79142 -0.126449 -8.6646 24.9344 0.0510561 0.116988 32.4934 -88.054 32.4588 -1.26863 -7.82715 7.75138 -3.91766 -3.1777 -2.46457 -13.3291 3.34342 -3.36319 65.9279 2.96107 4.98037 -30.0522 0.0615366 0.141 -3.89131 -0.633424 19.0788 -24.9344 0.0510559 0.116988 11.5427 -84.0524 8.20009 9.50369 -4.32711 2.09145 -0.702652 -9.24406 -18.8316 -0.876987 -39.8926 -0.674123 -8.2334 28.5487 1.58737 -2.39345 -41.5694 -6.22357 2.04648 -5.80833 15.4544 0.801613 -10.1701 12.8571 2.52083e-17 -7.95127e-16 1.24128e-17 -9.50369 -4.32711 2.09145 9.50963 -8.87631 25.2631 0.876987 -39.8926 -0.674123 7.13251 25.2052 -1.14823 2.39345 -41.5694 -6.22357 -3.78082 -0.00421036 -13.9325 -0.801613 -10.1701 12.8571 -1.39041e-15 -5.34279e-16 -1.27098e-14 
-6.30991 97.1296 -82.163 -1.85751 0.681963 -2.66466 0 5.22546 -1.18466 -0.399383 -4.4082 -0.455186 0 5.77894 1.10239 -0.187859 -2.27415 -0.519423 -1.0557e-17 6.16289 0.118334 -0.0737137 0.91489 -0.44912 -1.13649e-17 6.69386 -0.456341 0.136084 5.86544 -0.459769 -2.02997e-17 7.82529 -1.54945 0.209085 8.36017 -0.515745 -2.60628e-17 9.77186 -0.940923 0.209911 9.40196 -0.708329 -2.98794e-17 10.8563 1.62248 -0.0142011 -0.166292 -0.139434 -1.32927e-17 4.92478 0.736013 0.489929 11.2066 1.99317 -1.86396e-17 4.96043 0.433981 2.2057 -3.21818 0.883086 -2.06766e-17 4.97002 0.787173 -2.38235 -5.31954 4.84606 1.26863 -7.82717 7.75148 3.79691 -2.91661 2.74165 13.3291 3.34342 -3.36319 -67.993 8.49878 -11.0552 30.0522 0.0615366 0.141 2.09876 -0.175769 -10.1644 24.9344 0.0510561 0.116988 22.6523 -85.4951 22.3824 -1.26863 -7.82715 7.75138 -6.0821 -4.03142 -3.48934 -13.3291 3.34342 -3.36319 64.0892 0.0364149 3.38658 -30.0522 0.0615366 0.141 -4.48337 -0.852431 22.1144 -24.9344 0.0510559 0.116988 5.56622 -82.3888 2.00967 9.50369 -4.32711 2.09145 0.498453 -10.0816 -17.168 -0.876987 -39.8926 -0.674123 -7.41298 26.0754 1.25432 -2.39345 -41.5694 -6.22357 2.80804 -7.31284 15.5191 0.801613 -10.1701 12.8571 2.48481e-17 -7.95139e-16 1.2424e-17 -9.50369 -4.32711 2.09145 8.37095 -8.09593 23.1868 0.876987 -39.8926 -0.674123 5.12143 18.6215 -0.511879 2.39345 -41.5694 -6.22357 -0.738638 8.75171 -13.1914 -0.801613 -10.1701 12.8571 -2.98033e-15 -4.59757e-16 -1.26353e-14 
-5.11875 99.69 -83.5604 -1.80627 2.93391 -2.4177 0 5.22546 -1.18466 -0.202238 -5.25953 -0.419771 0 5.77894 1.10239 -0.0191121 -3.07379 -0.418942 -1.0557e-17 6.16289 0.118334 0.0601315 0.291105 -0.339077 -1.13649e-17 6.69386 -0.456341 0.230557 5.57313 -0.346121 -2.02997e-17 7.82529 -1.54945 0.279163 8.25399 -0.415286 -2.60628e-17 9.77186 -0.940923 0.255103 9.33706 -0.623295 -2.98794e-17 10.8563 1.62248 0.0159686 -0.217828 -0.112523 -1.32927e-17 4.92478 0.736013 0.45833 12.5952 1.339 -1.86396e-17 4.96043 0.433981 2.48353 -2.64364 0.561289 -2.06766e-17 4.97002 0.787173 -2.84995 -5.24244 4.66752 1.26863 -7.82717 7.75148 6.96464 -3.48066 4.00066 13.3291 3.34342 -3.36319 -68.1737 7.5219 -11.2378 30.0522 0.0615366 0.141 2.49889 -0.252447 -12.127 24.9344 0.0510561 0.116988 17.8491 -82.93 17.0826 -1.26863 -7.82715 7.75138 -7.91592 -4.52549 -4.36394 -13.3291 3.34342 -3.36319 61.696 -3.51571 2.02025 -30.0522 0.0615366 0.141 -5.06842 -1.10497 25.1763 -24.9344 0.0510559 0.116988 1.0414 -79.8383 -2.65407 9.50369 -4.32711 2.09145 2.38951 -12.8163 -13.8149 -0.876987 -39.8926 -0.674123 -7.01995 24.8526 1.1068 -2.39345 -41.5694 -6.22357 3.90559 -10.6085 15.7791 0.801613 -10.1701 12.8571 2.48481e-17 -7.95139e-16 1.2424e-17 -9.50369 -4.32711 2.09145 7.44488 -10.1095 22.4138 0.876987 -39.8926 -0.674123 4.13705 15.2019 -0.28521 2.39345 -41.5694 -6.22357 0.882427 12.969 -13.0854 -0.801613 -10.1701 12.8571 -2.98177e-15 -4.5969e-16 -1.26353e-14 
-4.46185 102.186 -84.1812 -1.74743 5.70995 -2.08523 0 5.22546 -1.18466 -0.0905941 -6.02726 -0.360963 0 5.77894 1.10239 0.0771987 -3.83531 -0.316922 -1.0557e-17 6.16289 0.118334 0.134512 -0.342345 -0.228845 -1.13649e-17 6.69386 -0.456341 0.279012 5.20863 -0.231422 -2.02997e-17 7.82529 -1.54945 0.312597 8.03697 -0.304284 -2.60628e-17 9.77186 -0.940923 0.278858 9.16824 -0.514275 -2.98794e-17 10.8563 1.62248 0.0427929 -0.254963 -0.0742915 -1.32927e-17 4.92478 0.736013 0.365251 13.1058 1.04097 -1.86396e-17 4.96043 0.433981 2.5847 -2.02462 0.406672 -2.06766e-17 4.97002 0.787173 -2.73317 -4.24905 4.20367 1.26863 -7.82717 7.75148 9.77974 -3.8022 5.0113 13.3291 3.34342 -3.36319 -67.5648 5.90918 -11.5607 30.0522 0.0615366 0.141 2.99852 -0.368392 -14.5971 24.9344 0.0510561 0.116988 15.1421 -80.3935 13.796 -1.26863 -7.82715 7.75138 -9.25061 -4.78237 -4.99603 -13.3291 3.34342 -3.36319 58.5584 -7.71695 1.21013 -30.0522 0.0615366 0.141 -5.54202 -1.33742 27.7092 -24.9344 0.0510559 0.116988 -0.425435 -77.2241 -4.47938 9.50369 -4.32711 2.09145 4.24489 -16.2957 -11.2247 -0.876987 -39.8926 -0.674123 -6.64467 23.6627 0.973484 -2.39345 -41.5694 -6.22357 3.53991 -11.8428 15.9491 0.801613 -10.1701 12.8571 2.48481e-17 -7.95139e-16 1.2424e-17 -9.50369 -4.32711 2.09145 6.34348 -14.8798 22.4173 0.876987 -39.8926 -0.674123 4.61796 16.8869 -0.388681 2.39345 -41.5694 -6.22357 -1.7898 4.71488 -13.8317 -0.801613 -10.1701 12.8571 1.95903e-16 -5.9623e-16 -1.27718e-14 
-4.11872 104.496 -84.427 -1.73227 7.91189 -1.42607 0 5.22546 -1.18466 -0.0271772 -6.81318 -0.317669 0 5.77894 1.10239 0.122402 -4.59658 -0.245501 -1.0557e-17 6.16289 0.118334 0.16466 -0.888323 -0.152202 -1.13649e-17 6.69386 -0.456341 0.286701 5.03423 -0.143962 -2.02997e-17 7.82529 -1.54945 0.304313 8.08004 -0.214108 -2.60628e-17 9.77186 -0.940923 0.259208 9.34287 -0.405273 -2.98794e-17 10.8563 1.62248 0.0618843 -0.29408 -0.0330094 -1.32927e-17 4.92478 0.736013 0.233647 13.5786 0.855854 -1.86396e-17 4.96043 0.433981 2.42937 -1.97992 0.306944 -2.06766e-17 4.97002 0.787173 -2.0216 -3.61767 3.46504 1.26863 -7.82717 7.75148 11.6086 -4.31637 5.8695 13.3291 3.34342 -3.36319 -65.5436 3.40104 -12.3983 30.0522 0.0615366 0.141 3.53324 -0.518053 -17.2699 24.9344 0.0510561 0.116988 13.011 -77.4414 11.502 -1.26863 -7.82715 7.75138 -10.0722 -5.18787 -5.45568 -13.3291 3.34342 -3.36319 54.7713 -12.6522 0.828534 -30.0522 0.0615366 0.141 -5.86391 -1.51062 29.4629 -24.9344 0.0510559 0.116988 -0.465154 -74.6946 -5.08563 9.50369 -4.32711 2.09145 5.73641 -19.1119 -10.5316 -0.876987 -39.8926 -0.674123 -6.22917 22.3204 0.834711 -2.39345 -41.5694 -6.22357 1.82156 -11.2473 15.9956 0.801613 -10.1701 12.8571 4.22057e-16 -7.82726e-16 1.12561e-20 -9.50369 -4.32711 2.09145 4.56495 -18.4738 20.8655 0.876987 -39.8926 -0.674123 4.80364 17.5303 -0.432362 2.39345 -41.5694 -6.22357 -3.1561 -1.84637 -14.6313 -0.801613 -10.1701 12.8571 -9.92843e-16 -5.46703e-16 -1.27223e-14 
-3.86557 106.43 -84.5452 -1.63641 9.0295 -0.862514 0 5.22546 -1.18466 0.0534998 -7.49938 -0.245137 0 5.77894 1.10239 0.170232 -5.23147 -0.156121 -1.0557e-17 6.16289 0.118334 0.188882 -1.2631 -0.064563 -1.13649e-17 6.69386 -0.456341 0.273104 5.03805 -0.044982 -2.02997e-17 7.82529 -1.54945 0.275991 8.32298 -0.111917 -2.60628e-17 9.77186 -0.940923 0.218916 9.76332 -0.271691 -2.98794e-17 10.8563 1.62248 0.0757074 -0.323667 0.00184504 -1.32927e-17 4.92478 0.736013 0.159286 13.9184 0.555672 -1.86396e-17 4.96043 0.433981 2.21442 -2.93776 0.157245 -2.06766e-17 4.97002 0.787173 -1.55854 -4.06664 2.54239 1.26863 -7.82717 7.75148 12.6579 -5.01481 6.65866 13.3291 3.34342 -3.36319 -62.3144 0.789148 -13.8777 30.0522 0.0615366 0.141 4.00265 -0.672031 -19.6467 24.9344 0.0510561 0.116988 11.1319 -74.706 10.1805 -1.26863 -7.82715 7.75138 -10.7932 -5.73599 -6.04656 -13.3291 3.34342 -3.36319 50.9594 -17.4731 0.968226 -30.0522 0.0615366 0.141 -6.0161 -1.59699 30.3021 -24.9344 0.0510559 0.116988 -0.342735 -72.2087 -5.08866 9.50369 -4.32711 2.09145 7.15692 -20.2781 -9.90135 -0.876987 -39.8926 -0.674123 -5.74088 20.7109 0.683808 -2.39345 -41.5694 -6.22357 -0.230758 -10.2089 15.9866 0.801613 -10.1701 12.8571 2.52083e-17 -7.95127e-16 1.24128e-17 -9.50369 -4.32711 2.09145 2.76726 -20.1067 18.91 0.876987 -39.8926 -0.674123 4.67058 17.0696 -0.400851 2.39345 -41.5694 -6.22357 -3.27991 -3.45334 -14.8839 -0.801613 -10.1701 12.8571 -1.99505e-16 -5.83896e-16 -1.27595e-14 
-3.69767 107.839 -84.6391 -1.52395 9.65054 -0.793885 0 5.22546 -1.18466 0.10615 -7.91754 -0.145268 0 5.77894 1.10239 0.194738 -5.60936 -0.0552908 -1.0557e-17 6.16289 0.118334 0.199137 -1.42549 0.0306423 -1.13649e-17 6.69386 -0.456341 0.256456 5.15478 0.0591839 -2.02997e-17 7.82529 -1.54945 0.262335 8.62385 -0.0080797 -2.60628e-17 9.77186 -0.940923 0.211005 10.2171 -0.145775 -2.98794e-17 10.8563 1.62248 0.0899916 -0.353407 0.0242015 -1.32927e-17 4.92478 0.736013 0.181911 14.6807 0.0918933 -1.86396e-17 4.96043 0.433981 2.22656 -4.00179 -0.0607981 -2.06766e-17 4.97002 0.787173 -1.58834 -5.49066 2.29407 1.26863 -7.82717 7.75148 13.8527 -5.79556 7.50645 13.3291 3.34342 -3.36319 -59.0518 -1.85504 -15.71 30.0522 0.0615366 0.141 4.44256 -0.836307 -21.9046 24.9344 0.0510561 0.116988 10.2162 -72.4158 9.97903 -1.26863 -7.82715 7.75138 -11.9643 -6.42672 -6.8519 -13.3291 3.34342 -3.36319 47.8464 -22.1355 1.9565 -30.0522 0.0615366 0.141 -6.03149 -1.60589 30.3873 -24.9344 0.0510559 0.116988 0.33662 -69.4467 -4.18857 9.50369 -4.32711 2.09145 9.04221 -20.564 -7.81187 -0.876987 -39.8926 -0.674123 -5.26683 19.1166 0.550242 -2.39345 -41.5694 -6.22357 -2.4283 -9.61635 15.9858 0.801613 -10.1701 12.8571 2.48481e-17 -7.95139e-16 1.2424e-17 -9.50369 -4.32711 2.09145 1.41807 -20.9227 17.9657 0.876987 -39.8926 -0.674123 4.50963 16.5096 -0.36415 2.39345 -41.5694 -6.22357 -2.28342 -2.77468 -15.0321 -0.801613 -10.1701 12.8571 -5.95994e-16 -5.59104e-16 -1.27471e-14 
-3.63502 108.638 -84.6752 -1.67811 10.1095 -0.947768 0 5.22546 -1.18466 0.0907847 -7.93476 -0.0205651 0 5.77894 1.10239 0.163149 -5.64955 0.0519235 -1.0557e-17 6.16289 0.118334 0.166655 -1.40756 0.132127 -1.13649e-17 6.69386 -0.456341 0.213584 5.21036 0.166316 -2.02997e-17 7.82529 -1.54945 0.240036 8.70151 0.0993216 -2.60628e-17 9.77186 -0.940923 0.217415 10.3616 -0.0198944 -2.98794e-17 10.8563 1.62248 0.105216 -0.367903 0.038014 -1.32927e-17 4.92478 0.736013 0.22261 15.7432 -0.167934 -1.86396e-17 4.96043 0.433981 2.34265 -4.41282 -0.179443 -2.06766e-17 4.97002 0.787173 -1.26823 -6.37756 2.3718 1.26863 -7.82717 7.75148 15.3945 -6.48334 8.29544 13.3291 3.34342 -3.36319 -56.2207 -4.89764 -17.2546 30.0522 0.0615366 0.141 4.8907 -1.02444 -24.2403 24.9344 0.0510561 0.116988 9.12944 -69.9799 9.30461 -1.26863 -7.82715 7.75138 -13.6828 -7.03937 -7.69296 -13.3291 3.34342 -3.36319 45.5241 -26.2636 3.35271 -30.0522 0.0615366 0.141 -5.91597 -1.53984 29.7491 -24.9344 0.0510559 0.116988 1.08357 -66.748 -2.7966 9.50369 -4.32711 2.09145 11.4577 -20.6072 -4.86804 -0.876987 -39.8926 -0.674123 -4.9121 17.9042 0.458832 -2.39345 -41.5694 -6.22357 -4.39374 -9.55963 15.9749 0.801613 -10.1701 12.8571 4.22057e-16 -7.82726e-16 1.12561e-20 -9.50369 -4.32711 2.09145 0.6453 -21.2912 17.547 0.876987 -39.8926 -0.674123 4.36762 16.013 -0.333067 2.39345 -41.5694 -6.22357 -0.97557 -1.79851 -15.1833 -0.801613 -10.1701 12.8571 -1.39077e-15 -5.34256e-16 -1.27098e-14 
-3.55328 108.961 -84.5063 -2.03815 9.94 -1.01188 0 5.22546 -1.18466 0.0863413 -7.44485 0.0945398 0 5.77894 1.10239 0.150192 -5.26954 0.145199 -1.0557e-17 6.16289 0.118334 0.148017 -1.21093 0.220722 -1.13649e-17 6.69386 -0.456341 0.1824 5.08495 0.257194 -2.02997e-17 7.82529 -1.54945 0.224429 8.35275 0.18675 -2.60628e-17 9.77186 -0.940923 0.227173 9.94449 0.0858681 -2.98794e-17 10.8563 1.62248 0.113776 -0.337416 0.053062 -1.32927e-17 4.92478 0.736013 0.286907 16.5444 -0.335421 -1.86396e-17 4.96043 0.433981 2.36955 -4.19988 -0.258262 -2.06766e-17 4.97002 0.787173 -0.724876 -6.0599 2.42415 1.26863 -7.82717 7.75148 16.9394 -6.85115 8.89899 13.3291 3.34342 -3.36319 -53.744 -8.21635 -17.9021 30.0522 0.0615366 0.141 5.37963 -1.2549 -26.8361 24.9344 0.0510561 0.116988 6.92692 -67.4988 7.31656 -1.26863 -7.82715 7.75138 -15.8613 -7.30326 -8.45114 -13.3291 3.34342 -3.36319 43.1989 -29.3901 4.20292 -30.0522 0.0615366 0.141 -5.79675 -1.47343 29.0945 -24.9344 0.0510559 0.116988 1.51637 -64.3683 -1.42566 9.50369 -4.32711 2.09145 13.8559 -19.8066 -2.40959 -0.876987 -39.8926 -0.674123 -4.54136 16.6203 0.371264 -2.39345 -41.5694 -6.22357 -6.16661 -9.33568 15.9366 0.801613 -10.1701 12.8571 -3.72001e-16 -8.0754e-16 2.48256e-17 -9.50369 -4.32711 2.09145 0.143967 -20.6748 17.337 0.876987 -39.8926 -0.674123 4.23922 15.5621 -0.306018 2.39345 -41.5694 -6.22357 0.260819 -0.797415 -15.3181 -0.801613 -10.1701 12.8571 -1.99865e-16 -5.83885e-16 -1.27594e-14 
-3.38952 108.823 -84.12 -2.44873 8.98532 -0.884336 0 5.22546 -1.18466 0.119476 -6.59219 0.162041 0 5.77894 1.10239 0.182072 -4.58704 0.191908 -1.0557e-17 6.16289 0.118334 0.168981 -0.864298 0.263225 -1.13649e-17 6.69386 -0.456341 0.18933 4.88097 0.298899 -2.02997e-17 7.82529 -1.54945 0.231992 7.77199 0.220422 -2.60628e-17 9.77186 -0.940923 0.240472 9.19384 0.137339 -2.98794e-17 10.8563 1.62248 0.115077 -0.275849 0.0617593 -1.32927e-17 4.92478 0.736013 0.383006 17.1481 -0.486381 -1.86396e-17 4.96043 0.433981 2.29749 -3.87824 -0.332027 -2.06766e-17 4.97002 0.787173 -0.379403 -5.50271 2.33758 1.26863 -7.82717 7.75148 18.551 -6.97347 9.43067 13.3291 3.34342 -3.36319 -52.0486 -11.8286 -17.9662 30.0522 0.0615366 0.141 5.95944 -1.56462 -29.9904 24.9344 0.0510561 0.116988 4.74368 -64.7243 5.20096 -1.26863 -7.82715 7.75138 -18.555 -7.28678 -9.28124 -13.3291 3.34342 -3.36319 40.9329 -31.2921 4.54177 -30.0522 0.0615366 0.141 -5.84866 -1.50213 29.379 -24.9344 0.0510559 0.116988 1.06473 -62.6427 -0.963838 9.50369 -4.32711 2.09145 15.9461 -18.1702 -1.12584 -0.876987 -39.8926 -0.674123 -4.18595 15.3744 0.29509 -2.39345 -41.5694 -6.22357 -7.8714 -8.97893 15.8569 0.801613 -10.1701 12.8571 -3.72721e-16 -8.07563e-16 2.48481e-17 -9.50369 -4.32711 2.09145 -0.224283 -19.0005 17.7507 0.876987 -39.8926 -0.674123 4.1687 15.3136 -0.291587 2.39345 -41.5694 -6.22357 1.28295 -0.191029 -15.4725 -0.801613 -10.1701 12.8571 -1.78762e-15 -5.09453e-16 -1.26974e-14 
-3.18641 108.168 -83.6636 -2.74781 7.60962 -0.630899 0 5.22546 -1.18466 0.101216 -5.48721 0.17509 0 5.77894 1.10239 0.181509 -3.7023 0.175909 -1.0557e-17 6.16289 0.118334 0.176279 -0.41259 0.246312 -1.13649e-17 6.69386 -0.456341 0.203557 4.64097 0.279941 -2.02997e-17 7.82529 -1.54945 0.249973 7.0671 0.195771 -2.60628e-17 9.77186 -0.940923 0.259353 8.25325 0.125893 -2.98794e-17 10.8563 1.62248 0.113282 -0.191419 0.0639897 -1.32927e-17 4.92478 0.736013 0.484995 17.5614 -0.548298 -1.86396e-17 4.96043 0.433981 2.28023 -3.50022 -0.361674 -2.06766e-17 4.97002 0.787173 -0.180224 -5.04047 2.29317 1.26863 -7.82717 7.75148 20.4526 -6.8934 10.033 13.3291 3.34342 -3.36319 -51.1459 -15.619 -17.736 30.0522 0.0615366 0.141 6.69024 -2.0167 -34.1097 24.9344 0.0510561 0.116988 3.22028 -61.6465 3.77649 -1.26863 -7.82715 7.75138 -21.559 -7.00868 -10.1937 -13.3291 3.34342 -3.36319 38.9513 -32.4306 4.58296 -30.0522 0.0615366 0.141 -6.13044 -1.66386 30.937 -24.9344 0.0510559 0.116988 0.301064 -61.5308 -1.03154 9.50369 -4.32711 2.09145 17.7776 -16.4237 -0.747346 -0.876987 -39.8926 -0.674123 -3.98564 14.6661 0.255556 -2.39345 -41.5694 -6.22357 -9.59289 -8.82402 15.7085 0.801613 -10.1701 12.8571 -7.6993e-16 -8.32388e-16 4.96737e-17 -9.50369 -4.32711 2.09145 -0.531731 -16.8593 18.9597 0.876987 -39.8926 -0.674123 4.22721 15.5198 -0.303538 2.39345 -41.5694 -6.22357 2.0932 -0.376174 -15.6494 -0.801613 -10.1701 12.8571 -3.3779e-15 -4.47322e-16 -1.26229e-14 
-2.98408 107.038 -83.2353 -2.88491 6.1354 -0.226792 0 5.22546 -1.18466 0.00715042 -4.29148 0.145482 0 5.77894 1.10239 0.124769 -2.75547 0.108808 -1.0557e-17 6.16289 0.118334 0.150532 0.069566 0.184804 -1.13649e-17 6.69386 -0.456341 0.206791 4.38472 0.217338 -2.02997e-17 7.82529 -1.54945 0.267982 6.32872 0.133326 -2.60628e-17 9.77186 -0.940923 0.282008 7.25643 0.0715477 -2.98794e-17 10.8563 1.62248 0.111698 -0.0920702 0.0658935 -1.32927e-17 4.92478 0.736013 0.577721 17.6982 -0.502176 -1.86396e-17 4.96043 0.433981 2.37051 -2.95547 -0.335114 -2.06766e-17 4.97002 0.787173 -0.044504 -4.56559 2.2588 1.26863 -7.82717 7.75148 22.5375 -6.62272 10.7237 13.3291 3.34342 -3.36319 -50.5769 -19.2572 -17.3451 30.0522 0.0615366 0.141 7.56365 -2.66035 -39.3035 24.9344 0.0510561 0.116988 2.08866 -58.9456 2.91595 -1.26863 -7.82715 7.75138 -24.5438 -6.47313 -11.1254 -13.3291 3.34342 -3.36319 36.9864 -33.3631 4.37054 -30.0522 0.0615366 0.141 -6.65341 -1.99203 33.8959 -24.9344 0.0510559 0.116988 -0.620661 -60.9348 -1.55061 9.50369 -4.32711 2.09145 19.3448 -15.0539 -1.26818 -0.876987 -39.8926 -0.674123 -3.99103 14.6852 0.256588 -2.39345 -41.5694 -6.22357 -11.3425 -8.74418 15.5228 0.801613 -10.1701 12.8571 2.41182e-17 -7.95173e-16 1.24583e-17 -9.50369 -4.32711 2.09145 -0.736801 -14.6419 20.9275 0.876987 -39.8926 -0.674123 4.39456 16.1074 -0.33887 2.39345 -41.5694 -6.22357 2.63063 -1.08474 -15.8035 -0.801613 -10.1701 12.8571 -9.96113e-16 -5.46567e-16 -1.27221e-14 
-2.80104 105.507 -82.8447 -2.81914 4.60355 0.289742 0 5.22546 -1.18466 -0.156155 -3.12792 0.0961563 0 5.77894 1.10239 0.0119807 -1.84619 0.0122979 -1.0557e-17 6.16289 0.118334 0.0867292 0.531964 0.101899 -1.13649e-17 6.69386 -0.456341 0.185635 4.13122 0.135202 -2.02997e-17 7.82529 -1.54945 0.27386 5.62992 0.059394 -2.60628e-17 9.77186 -0.940923 0.302364 6.304 0.00409835 -2.98794e-17 10.8563 1.62248 0.11226 0.0138693 0.0694261 -1.32927e-17 4.92478 0.736013 0.654035 17.5779 -0.40077 -1.86396e-17 4.96043 0.433981 2.48553 -2.33448 -0.278669 -2.06766e-17 4.97002 0.787173 -0.0293784 -4.00221 2.0861 1.26863 -7.82717 7.75148 24.5603 -6.20256 11.463 13.3291 3.34342 -3.36319 -50.0814 -22.6007 -16.9732 30.0522 0.0615366 0.141 8.5105 -3.51324 -45.394 24.9344 0.0510561 0.116988 1.14387 -57.0129 2.27578 -1.26863 -7.82715 7.75138 -27.2316 -5.78137 -12.0088 -13.3291 3.34342 -3.36319 35.0836 -34.8328 4.10727 -30.0522 0.0615366 0.141 -7.43198 -2.55521 38.4963 -24.9344 0.0510559 0.116988 -2.33533 -59.9761 -3.25601 9.50369 -4.32711 2.09145 20.4903 -14.1626 -3.31272 -0.876987 -39.8926 -0.674123 -4.23012 15.53 0.304139 -2.39345 -41.5694 -6.22357 -13.1495 -8.5257 15.4123 0.801613 -10.1701 12.8571 2.48481e-17 -7.95139e-16 1.2424e-17 -9.50369 -4.32711 2.09145 -0.847868 -12.4719 23.4339 0.876987 -39.8926 -0.674123 4.67001 17.0677 -0.400718 2.39345 -41.5694 -6.22357 3.16362 -1.91578 -15.9639 -0.801613 -10.1701 12.8571 -2.18554e-15 -4.97007e-16 -1.26726e-14 
-2.63823 103.611 -82.4566 -2.58947 3.20629 0.784913 0 5.22546 -1.18466 -0.367351 -2.15442 0.0458886 0 5.77894 1.10239 -0.13967 -1.0978 -0.0972987 -1.0557e-17 6.16289 0.118334 -0.0017904 0.90548 0.0150434 -1.13649e-17 6.69386 -0.456341 0.148316 3.89839 0.0518465 -2.02997e-17 7.82529 -1.54945 0.27631 5.04492 -0.00913572 -2.60628e-17 9.77186 -0.940923 0.331669 5.49903 -0.0617615 -2.98794e-17 10.8563 1.62248 0.116649 0.113766 0.0744798 -1.32927e-17 4.92478 0.736013 0.706589 17.345 -0.168215 -1.86396e-17 4.96043 0.433981 2.63359 -1.69913 -0.157035 -2.06766e-17 4.97002 0.787173 -0.117975 -3.42692 1.74058 1.26863 -7.82717 7.75148 26.4185 -5.74317 12.2717 13.3291 3.34342 -3.36319 -49.9552 -25.7175 -16.8675 30.0522 0.0615366 0.141 9.47923 -4.60882 -52.3724 24.9344 0.0510561 0.116988 0.786342 -55.2741 1.98049 -1.26863 -7.82715 7.75138 -29.4596 -5.12271 -12.8444 -13.3291 3.34342 -3.36319 33.4694 -37.5887 4.13778 -30.0522 0.0615366 0.141 -8.40834 -3.41201 44.7061 -24.9344 0.0510559 0.116988 -4.26926 -57.6349 -5.7531 9.50369 -4.32711 2.09145 21.1735 -13.8831 -6.77194 -0.876987 -39.8926 -0.674123 -4.73952 17.3086 0.417046 -2.39345 -41.5694 -6.22357 -14.7143 -8.23411 15.5246 0.801613 -10.1701 12.8571 1.61367e-15 -7.33075e-16 -4.96391e-17 -9.50369 -4.32711 2.09145 -0.810871 -10.5253 26.2899 0.876987 -39.8926 -0.674123 5.04143 18.348 -0.491301 2.39345 -41.5694 -6.22357 3.68966 -2.62297 -16.1481 -0.801613 -10.1701 12.8571 -2.00609e-16 -5.8385e-16 -1.27594e-14 
-2.48223 101.348 -82.0882 -2.18954 2.1134 1.12824 0 5.22546 -1.18466 -0.632127 -1.45186 0.0161982 0 5.77894 1.10239 -0.343458 -0.588724 -0.199038 -1.0557e-17 6.16289 0.118334 -0.130163 1.12336 -0.0575641 -1.13649e-17 6.69386 -0.456341 0.0802137 3.65153 -0.0152515 -2.02997e-17 7.82529 -1.54945 0.262979 4.54446 -0.0543229 -2.60628e-17 9.77186 -0.940923 0.364457 4.82322 -0.108211 -2.98794e-17 10.8563 1.62248 0.126499 0.209469 0.0772705 -1.32927e-17 4.92478 0.736013 0.715429 17.1792 0.221617 -1.86396e-17 4.96043 0.433981 2.73959 -1.13457 0.0413784 -2.06766e-17 4.97002 0.787173 -0.109015 -2.85423 1.31028 1.26863 -7.82717 7.75148 28.1169 -5.3338 13.0987 13.3291 3.34342 -3.36319 -50.5223 -28.6718 -17.4404 30.0522 0.0615366 0.141 10.3542 -5.88957 -59.7655 24.9344 0.0510561 0.116988 1.02544 -52.6576 1.92214 -1.26863 -7.82715 7.75138 -31.1553 -4.59931 -13.6543 -13.3291 3.34342 -3.36319 32.3418 -41.5596 4.93534 -30.0522 0.0615366 0.141 -9.38032 -4.48386 51.6116 -24.9344 0.0510559 0.116988 -4.96301 -53.6454 -7.39102 9.50369 -4.32711 2.09145 21.2392 -14.1281 -11.1454 -0.876987 -39.8926 -0.674123 -5.4685 19.7985 0.605483 -2.39345 -41.5694 -6.22357 -15.9022 -8.05215 15.9027 0.801613 -10.1701 12.8571 -3.70897e-16 -8.07494e-16 2.47797e-17 -9.50369 -4.32711 2.09145 -0.982625 -8.58113 28.6074 0.876987 -39.8926 -0.674123 5.41374 19.6139 -0.59025 2.39345 -41.5694 -6.22357 4.55049 -4.00917 -16.4017 -0.801613 -10.1701 12.8571 -1.98785e-16 -5.8393e-16 -1.27595e-14 
-2.31263 98.7392 -81.8424 -1.65647 0.990802 1.2388 0 5.22546 -1.18466 -0.929125 -0.956416 0.0431398 0 5.77894 1.10239 -0.586462 -0.2677 -0.25683 -1.0557e-17 6.16289 0.118334 -0.293885 1.22382 -0.0879959 -1.13649e-17 6.69386 -0.456341 -0.0201238 3.41174 -0.042011 -2.02997e-17 7.82529 -1.54945 0.229443 4.12067 -0.0531452 -2.60628e-17 9.77186 -0.940923 0.399017 4.26787 -0.11544 -2.98794e-17 10.8563 1.62248 0.141553 0.306624 0.0802392 -1.32927e-17 4.92478 0.736013 0.708268 17.1523 0.689095 -1.86396e-17 4.96043 0.433981 2.85744 -0.933095 0.279285 -2.06766e-17 4.97002 0.787173 -0.155367 -2.12521 0.621869 1.26863 -7.82717 7.75148 29.5069 -5.02701 13.8566 13.3291 3.34342 -3.36319 -51.2318 -31.642 -19.0892 30.0522 0.0615366 0.141 11.0139 -7.17053 -66.6316 24.9344 0.0510561 0.116988 0.792194 -49.6057 1.41788 -1.26863 -7.82715 7.75138 -32.2469 -4.27596 -14.4582 -13.3291 3.34342 -3.36319 31.943 -46.6459 7.231 -30.0522 0.0615366 0.141 -10.1701 -5.58912 58.0864 -24.9344 0.0510559 0.116988 -3.51082 -47.731 -6.99995 9.50369 -4.32711 2.09145 20.5904 -14.2674 -16.2191 -0.876987 -39.8926 -0.674123 -6.40577 22.894 0.892543 -2.39345 -41.5694 -6.22357 -16.6624 -8.44752 16.5592 0.801613 -10.1701 12.8571 2.44831e-17 -7.9515e-16 1.24354e-17 -9.50369 -4.32711 2.09145 -1.35985 -6.97906 29.2495 0.876987 -39.8926 -0.674123 6.29659 22.5399 -0.856586 2.39345 -41.5694 -6.22357 4.79483 -5.8761 -16.5674 -0.801613 -10.1701 12.8571 -1.3904e-15 -5.34279e-16 -1.27098e-14 
-2.14836 95.8133 -81.6433 -0.997744 -0.418528 1.0865 0 5.22546 -1.18466 -1.21345 -0.704025 0.11066 0 5.77894 1.10239 -0.815004 -0.115788 -0.278025 -1.0557e-17 6.16289 0.118334 -0.445645 1.2702 -0.0809265 -1.13649e-17 6.69386 -0.456341 -0.114878 3.28117 -0.034052 -2.02997e-17 7.82529 -1.54945 0.203861 3.92251 -0.0147348 -2.60628e-17 9.77186 -0.940923 0.45013 4.00725 -0.091802 -2.98794e-17 10.8563 1.62248 0.156692 0.386785 0.0769831 -1.32927e-17 4.92478 0.736013 0.745092 17.2001 1.00805 -1.86396e-17 4.96043 0.433981 3.0809 -1.02102 0.448514 -2.06766e-17 4.97002 0.787173 -0.602227 -1.90969 0.00892352 1.26863 -7.82717 7.75148 30.555 -4.86698 14.6531 13.3291 3.34342 -3.36319 -51.9741 -34.0456 -22.4119 30.0522 0.0615366 0.141 11.4623 -8.34923 -72.6468 24.9344 0.0510561 0.116988 0.982345 -46.8932 1.32275 -1.26863 -7.82715 7.75138 -32.7856 -4.13725 -15.3885 -13.3291 3.34342 -3.36319 33.2389 -52.3929 12.3945 -30.0522 0.0615366 0.141 -10.7512 -6.61451 63.7012 -24.9344 0.0510559 0.116988 -0.627035 -40.7308 -4.89452 9.50369 -4.32711 2.09145 19.2363 -13.9497 -21.3465 -0.876987 -39.8926 -0.674123 -7.73141 27.0482 1.37962 -2.39345 -41.5694 -6.22357 -16.2814 -9.72458 17.3582 0.801613 -10.1701 12.8571 4.22052e-16 -7.82726e-16 1.14042e-20 -9.50369 -4.32711 2.09145 -1.31719 -5.33361 30.3549 0.876987 -39.8926 -0.674123 7.42389 26.109 -1.25853 2.39345 -41.5694 -6.22357 3.51502 -8.84028 -16.6016 -0.801613 -10.1701 12.8571 9.91734e-16 -6.33535e-16 -1.28091e-14 
-1.96798 92.6333 -81.2477 -0.249655 -2.69045 0.828098 0 5.22546 -1.18466 -1.52356 -0.333859 0.168951 0 5.77894 1.10239 -1.07674 0.123405 -0.301435 -1.0557e-17 6.16289 0.118334 -0.635467 1.36771 -0.0773744 -1.13649e-17 6.69386 -0.456341 -0.245507 3.13709 -0.0337312 -2.02997e-17 7.82529 -1.54945 0.144408 3.6667 0.0235387 -2.60628e-17 9.77186 -0.940923 0.469896 3.67855 -0.0692413 -2.98794e-17 10.8563 1.62248 0.162351 0.503116 0.0723404 -1.32927e-17 4.92478 0.736013 0.780003 17.3148 0.882136 -1.86396e-17 4.96043 0.433981 3.23702 -0.840702 0.407868 -2.06766e-17 4.97002 0.787173 -0.750597 -1.25362 0.384595 1.26863 -7.82717 7.75148 31.4169 -4.68204 15.3444 13.3291 3.34342 -3.36319 -53.2714 -35.8442 -27.0277 30.0522 0.0615366 0.141 11.7527 -9.41984 -77.9473 24.9344 0.0510561 0.116988 1.11282 -43.8828 1.22201 -1.26863 -7.82715 7.75138 -33.0592 -3.91266 -16.2784 -13.3291 3.34342 -3.36319 36.2094 -56.9865 19.4651 -30.0522 0.0615366 0.141 -11.2066 -7.63252 69.0164 -24.9344 0.0510559 0.116988 2.45484 -35.6534 -2.10116 9.50369 -4.32711 2.09145 17.9421 -12.2988 -24.6543 -0.876987 -39.8926 -0.674123 -9.20628 31.3399 2.02397 -2.39345 -41.5694 -6.22357 -15.4567 -12.2149 17.559 0.801613 -10.1701 12.8571 -7.69196e-16 -8.32365e-16 4.96506e-17 -9.50369 -4.32711 2.09145 -1.00172 -3.68026 31.2056 0.876987 -39.8926 -0.674123 9.14188 31.1599 -1.99374 2.39345 -41.5694 -6.22357 2.52464 -12.0387 -16.7103 -0.801613 -10.1701 12.8571 1.99515e-16 -5.96388e-16 -1.27719e-14 
-1.98127 88.9896 -80.2315 0.114781 -5.57416 0.672704 0 5.22546 -1.18466 -1.60957 0.221632 0.225273 0 5.77894 1.10239 -1.15794 0.504651 -0.267563 -1.0557e-17 6.16289 0.118334 -0.701169 1.54005 -0.0139087 -1.13649e-17 6.69386 -0.456341 -0.304334 2.93722 0.0334444 -2.02997e-17 7.82529 -1.54945 0.117918 3.26243 0.109107 -2.60628e-17 9.77186 -0.940923 0.487597 3.16061 -0.00784452 -2.98794e-17 10.8563 1.62248 0.161921 0.652223 0.0890796 -1.32927e-17 4.92478 0.736013 0.819936 17.3469 0.435911 -1.86396e-17 4.96043 0.433981 3.32854 -0.150611 0.221969 -2.06766e-17 4.97002 0.787173 -0.73385 0.474813 0.845312 1.26863 -7.82717 7.75148 32.0638 -4.42391 15.8562 13.3291 3.34342 -3.36319 -55.413 -36.1896 -32.3527 30.0522 0.0615366 0.141 11.9285 -10.4072 -82.7512 24.9344 0.0510561 0.116988 1.12551 -41.2407 0.569332 -1.26863 -7.82715 7.75138 -33.2669 -3.4494 -16.8755 -13.3291 3.34342 -3.36319 39.1385 -59.4939 26.2366 -30.0522 0.0615366 0.141 -11.5777 -8.72923 74.5417 -24.9344 0.0510559 0.116988 4.05865 -33.4404 0.747046 9.50369 -4.32711 2.09145 17.2791 -10.8787 -26.1324 -0.876987 -39.8926 -0.674123 -10.9875 36.0479 2.92975 -2.39345 -41.5694 -6.22357 -14.598 -15.6183 17.1783 0.801613 -10.1701 12.8571 2.41182e-17 -7.95173e-16 1.24583e-17 -9.50369 -4.32711 2.09145 -0.376151 -2.86685 31.4408 0.876987 -39.8926 -0.674123 11.767 37.9471 -3.36518 2.39345 -41.5694 -6.22357 0.072783 -17.9336 -16.8551 -0.801613 -10.1701 12.8571 -5.95624e-16 -5.59116e-16 -1.27471e-14 
-1.77663 86.7828 -79.9487 -0.0558825 -12.2624 0.285157 0 5.22546 -1.18466 -1.52816 0.75504 0.313789 0 5.77894 1.10239 -1.08965 1.07296 -0.165804 -1.0557e-17 6.16289 0.118334 -0.657756 2.25101 0.121088 -1.13649e-17 6.69386 -0.456341 -0.285901 3.68978 0.185997 -2.02997e-17 7.82529 -1.54945 0.141128 4.09587 0.267599 -2.60628e-17 9.77186 -0.940923 0.542736 4.15902 0.10754 -2.98794e-17 10.8563 1.62248 0.151028 0.674565 0.0874748 -1.32927e-17 4.92478 0.736013 0.925284 17.7109 -0.505411 -1.86396e-17 4.96043 0.433981 3.42612 -0.480472 -0.198699 -2.06766e-17 4.97002 0.787173 -1.11544 3.10676 2.07325 1.26863 -7.82717 7.75148 31.7763 -5.34386 16.3301 13.3291 3.34342 -3.36319 -60.3252 -35.404 -42.0354 30.0522 0.0615366 0.141 12.001 -11.0996 -86.0936 24.9344 0.0510561 0.116988 -0.834127 -36.2208 0.819596 -1.26863 -7.82715 7.75138 -32.9226 -3.86689 -17.4079 -13.3291 3.34342 -3.36319 44.0415 -59.5863 35.6435 -30.0522 0.0615366 0.141 -11.8503 -9.90752 80.327 -24.9344 0.0510559 0.116988 3.83249 -32.3602 2.19267 9.50369 -4.32711 2.09145 17.2175 -5.34998 -27.5093 -0.876987 -39.8926 -0.674123 -12.073 38.6667 3.54211 -2.39345 -41.5694 -6.22357 -14.059 -17.1718 17.2899 0.801613 -10.1701 12.8571 2.48481e-17 -7.95139e-16 1.2424e-17 -9.50369 -4.32711 2.09145 -0.0257863 2.46657 30.8994 0.876987 -39.8926 -0.674123 13.3994 41.621 -4.34489 2.39345 -41.5694 -6.22357 -1.23654 -20.177 -16.9557 -0.801613 -10.1701 12.8571 -9.93558e-16 -5.46669e-16 -1.27222e-14 
-1.67148 85.4748 -79.1793 -0.494822 -8.65468 -0.280179 0 5.22546 -1.18466 -1.00115 -2.02953 0.33459 0 5.77894 1.10239 -0.682413 -0.909945 -0.0415129 -1.0557e-17 6.16289 0.118334 -0.35648 1.44096 0.25186 -1.13649e-17 6.69386 -0.456341 -0.116327 4.77969 0.32249 -2.02997e-17 7.82529 -1.54945 0.174826 6.46895 0.374115 -2.60628e-17 9.77186 -0.940923 0.476539 7.33007 0.214041 -2.98794e-17 10.8563 1.62248 0.16342 0.279338 0.0528363 -1.32927e-17 4.92478 0.736013 0.79486 18.6923 -0.744307 -1.86396e-17 4.96043 0.433981 2.97762 -0.202578 -0.305252 -2.06766e-17 4.97002 0.787173 -1.41807 -2.30028 2.11704 1.26863 -7.82717 7.75148 30.8355 -6.96024 17.7502 13.3291 3.34342 -3.36319 -62.8584 -35.3167 -47.5285 30.0522 0.0615366 0.141 12.0218 -12.4967 -92.8293 24.9344 0.0510561 0.116988 1.22582 -34.5061 2.07186 -1.26863 -7.82715 7.75138 -31.7838 -5.29685 -18.3192 -13.3291 3.34342 -3.36319 49.2952 -60.0976 46.7086 -30.0522 0.0615366 0.141 -12.0018 -11.1096 86.1415 -24.9344 0.0510559 0.116988 0.567064 -29.6662 1.26651 9.50369 -4.32711 2.09145 17.7006 -9.68386 -26.0714 -0.876987 -39.8926 -0.674123 -13.4302 41.6864 4.36416 -2.39345 -41.5694 -6.22357 -13.8326 -19.4167 16.9697 0.801613 -10.1701 12.8571 8.19257e-16 -7.57901e-16 -2.48139e-17 -9.50369 -4.32711 2.09145 0.587578 -1.83991 30.7602 0.876987 -39.8926 -0.674123 14.7485 44.3647 -5.21592 2.39345 -41.5694 -6.22357 -2.71119 -23.4765 -17.6302 -0.801613 -10.1701 12.8571 -9.93923e-16 -5.46658e-16 -1.27222e-14 
-1.84098 84.9616 -78.2221 0.0985462 -5.13357 -1.34792 0 5.22546 -1.18466 -1.14643 -4.559 0.475197 0 5.77894 1.10239 -0.880196 -2.96398 0.0947526 -1.0557e-17 6.16289 0.118334 -0.552296 0.28557 0.364716 -1.13649e-17 6.69386 -0.456341 -0.321408 5.07746 0.418506 -2.02997e-17 7.82529 -1.54945 -0.0137502 7.69495 0.489753 -2.60628e-17 9.77186 -0.940923 0.332281 9.16813 0.350321 -2.98794e-17 10.8563 1.62248 0.171734 0.0207299 -0.0361682 -1.32927e-17 4.92478 0.736013 0.664285 19.1007 -0.545487 -1.86396e-17 4.96043 0.433981 3.16703 -0.651851 -0.205328 -2.06766e-17 4.97002 0.787173 -1.33704 -4.59164 2.64142 1.26863 -7.82717 7.75148 29.5697 -7.91569 17.647 13.3291 3.34342 -3.36319 -62.5752 -37.1061 -50.5372 30.0522 0.0615366 0.141 11.9178 -13.6041 -98.2156 24.9344 0.0510561 0.116988 0.504788 -34.4612 3.75434 -1.26863 -7.82715 7.75138 -30.5382 -6.09104 -18.5516 -13.3291 3.34342 -3.36319 52.7933 -58.85 53.6377 -30.0522 0.0615366 0.141 -12.0317 -12.1901 91.3486 -24.9344 0.0510559 0.116988 -0.541099 -27.4302 -1.44471 9.50369 -4.32711 2.09145 18.197 -12.7805 -22.5193 -0.876987 -39.8926 -0.674123 -13.8787 42.6249 4.64842 -2.39345 -41.5694 -6.22357 -14.3289 -20.0598 16.4181 0.801613 -10.1701 12.8571 4.22782e-16 -7.82692e-16 -2.28084e-20 -9.50369 -4.32711 2.09145 0.0449543 -5.76809 31.386 0.876987 -39.8926 -0.674123 15.5116 45.8077 -5.73041 2.39345 -41.5694 -6.22357 -2.12183 -26.067 -18.093 -0.801613 -10.1701 12.8571 -1.99515e-16 -5.83896e-16 -1.27595e-14 
-1.97996 84.8485 -77.3175 1.09191 -5.92417 -1.37739 0 5.22546 -1.18466 -1.34578 -5.08911 0.55416 0 5.77894 1.10239 -1.09774 -3.38628 0.160466 -1.0557e-17 6.16289 0.118334 -0.754519 -0.0377407 0.399519 -1.13649e-17 6.69386 -0.456341 -0.505988 4.89107 0.437079 -2.02997e-17 7.82529 -1.54945 -0.146517 7.56209 0.534568 -2.60628e-17 9.77186 -0.940923 0.257617 9.06325 0.429969 -2.98794e-17 10.8563 1.62248 0.144633 -0.0371594 -0.0207477 -1.32927e-17 4.92478 0.736013 0.529925 18.3588 -0.873841 -1.86396e-17 4.96043 0.433981 2.94026 -0.842037 -0.369904 -2.06766e-17 4.97002 0.787173 -0.889664 -2.37209 2.86484 1.26863 -7.82717 7.75148 29.2306 -7.65788 16.4506 13.3291 3.34342 -3.36319 -59.5511 -38.2783 -49.2531 30.0522 0.0615366 0.141 11.8712 -13.902 -99.6795 24.9344 0.0510561 0.116988 0.99399 -36.3776 4.47266 -1.26863 -7.82715 7.75138 -29.7281 -6.21939 -17.7645 -13.3291 3.34342 -3.36319 48.6671 -58.4561 52.6223 -30.0522 0.0615366 0.141 -12.0318 -11.7583 89.2668 -24.9344 0.0510559 0.116988 0.731364 -29.3183 -0.19465 9.50369 -4.32711 2.09145 17.9598 -11.83 -20.4294 -0.876987 -39.8926 -0.674123 -13.654 42.1582 4.50524 -2.39345 -41.5694 -6.22357 -14.6148 -18.5836 16.0707 0.801613 -10.1701 12.8571 -1.1664e-15 -8.44778e-16 6.20632e-17 -9.50369 -4.32711 2.09145 -0.96304 -5.32469 31.4671 0.876987 -39.8926 -0.674123 15.8519 46.4271 -5.96451 2.39345 -41.5694 -6.22357 -1.36295 -26.4922 -17.9417 -0.801613 -10.1701 12.8571 -5.95989e-16 -5.59105e-16 -1.27471e-14 
-2.29299 85.2467 -76.9404 1.17211 -6.13505 -1.06208 0 5.22546 -1.18466 -1.37295 -5.71857 0.586556 0 5.77894 1.10239 -1.1355 -3.81711 0.188758 -1.0557e-17 6.16289 0.118334 -0.794523 -0.171176 0.404913 -1.13649e-17 6.69386 -0.456341 -0.550156 5.14902 0.434838 -2.02997e-17 7.82529 -1.54945 -0.181974 8.10831 0.541357 -2.60628e-17 9.77186 -0.940923 0.229877 9.75517 0.454009 -2.98794e-17 10.8563 1.62248 0.132919 -0.163081 -0.0307355 -1.32927e-17 4.92478 0.736013 0.390224 18.1821 -0.505196 -1.86396e-17 4.96043 0.433981 2.64189 -1.46022 -0.222482 -2.06766e-17 4.97002 0.787173 -0.33024 -2.37867 1.96195 1.26863 -7.82717 7.75148 28.763 -8.08337 15.8071 13.3291 3.34342 -3.36319 -57.7947 -39.8064 -50.1272 30.0522 0.0615366 0.141 11.9601 -13.2748 -96.6063 24.9344 0.0510561 0.116988 1.27312 -38.4811 5.0691 -1.26863 -7.82715 7.75138 -29.0299 -6.83443 -17.2499 -13.3291 3.34342 -3.36319 48.313 -57.8403 53.7782 -30.0522 0.0615366 0.141 -11.976 -10.8122 84.7074 -24.9344 0.0510559 0.116988 2.64116 -27.6283 0.677729 9.50369 -4.32711 2.09145 17.9616 -11.4009 -20.1182 -0.876987 -39.8926 -0.674123 -13.0185 40.7993 4.10857 -2.39345 -41.5694 -6.22357 -14.1729 -17.3179 16.2444 0.801613 -10.1701 12.8571 -1.56506e-15 -8.6966e-16 8.69455e-17 -9.50369 -4.32711 2.09145 -0.754177 -5.02744 31.6153 0.876987 -39.8926 -0.674123 15.3455 45.5001 -5.61716 2.39345 -41.5694 -6.22357 -1.95999 -25.9792 -17.8089 -0.801613 -10.1701 12.8571 -5.96354e-16 -5.59082e-16 -1.27471e-14 
-2.79253 86.4133 -77.0497 0.678903 -5.32368 -0.586263 0 5.22546 -1.18466 -1.43396 -6.66306 0.534457 0 5.77894 1.10239 -1.17811 -4.5424 0.13714 -1.0557e-17 6.16289 0.118334 -0.827437 -0.392008 0.347647 -1.13649e-17 6.69386 -0.456341 -0.571581 5.61 0.381407 -2.02997e-17 7.82529 -1.54945 -0.21516 9.10742 0.48655 -2.60628e-17 9.77186 -0.940923 0.172048 11.0712 0.409201 -2.98794e-17 10.8563 1.62248 0.132506 -0.310824 -0.0536974 -1.32927e-17 4.92478 0.736013 0.373947 18.5931 -0.0601697 -1.86396e-17 4.96043 0.433981 2.71037 -1.80754 -0.0389727 -2.06766e-17 4.97002 0.787173 0.0883783 -4.43186 1.58363 1.26863 -7.82717 7.75148 27.6107 -9.15255 15.8365 13.3291 3.34342 -3.36319 -56.4953 -39.6578 -52.8743 30.0522 0.0615366 0.141 12.0333 -12.068 -90.7594 24.9344 0.0510561 0.116988 1.8955 -38.3635 5.69783 -1.26863 -7.82715 7.75138 -28.18 -7.63483 -16.8459 -13.3291 3.34342 -3.36319 44.8936 -56.9252 50.188 -30.0522 0.0615366 0.141 -11.7857 -9.57327 78.6977 -24.9344 0.0510559 0.116988 1.96257 -27.1747 0.779875 9.50369 -4.32711 2.09145 18.2796 -11.4959 -20.5432 -0.876987 -39.8926 -0.674123 -11.8028 38.032 3.38571 -2.39345 -41.5694 -6.22357 -14.2241 -15.1531 16.701 0.801613 -10.1701 12.8571 -3.7383e-16 -8.0762e-16 2.49058e-17 -9.50369 -4.32711 2.09145 -0.204144 -4.97336 31.5472 0.876987 -39.8926 -0.674123 13.7674 42.3947 -4.57734 2.39345 -41.5694 -6.22357 -2.02539 -24.6608 -17.6591 -0.801613 -10.1701 12.8571 -1.99154e-16 -5.83907e-16 -1.27595e-14 
-3.20188 88.2056 -77.2943 0.417447 -4.77005 -0.448506 0 5.22546 -1.18466 -1.49466 -7.29484 0.454854 0 5.77894 1.10239 -1.21406 -5.00324 0.0527343 -1.0557e-17 6.16289 0.118334 -0.862716 -0.544838 0.242181 -1.13649e-17 6.69386 -0.456341 -0.598091 5.83263 0.269648 -2.02997e-17 7.82529 -1.54945 -0.257944 9.62727 0.372572 -2.60628e-17 9.77186 -0.940923 0.0951131 11.7307 0.32403 -2.98794e-17 10.8563 1.62248 0.119417 -0.435391 -0.0586571 -1.32927e-17 4.92478 0.736013 0.294342 18.2917 0.61886 -1.86396e-17 4.96043 0.433981 2.38168 -2.07338 0.248171 -2.06766e-17 4.97002 0.787173 0.632054 -4.58417 1.45849 1.26863 -7.82717 7.75148 25.709 -9.77936 14.8392 13.3291 3.34342 -3.36319 -52.5713 -40.4504 -51.5604 30.0522 0.0615366 0.141 11.9323 -10.4361 -82.8911 24.9344 0.0510561 0.116988 1.97008 -40.0083 4.2824 -1.26863 -7.82715 7.75138 -27.1926 -8.13352 -15.7212 -13.3291 3.34342 -3.36319 37.4255 -55.0555 42.0154 -30.0522 0.0615366 0.141 -11.3205 -7.93398 70.5529 -24.9344 0.0510559 0.116988 1.1177 -29.9395 2.53394 9.50369 -4.32711 2.09145 18.0881 -10.3549 -21.6006 -0.876987 -39.8926 -0.674123 -10.0917 33.7449 2.4579 -2.39345 -41.5694 -6.22357 -14.6085 -11.1247 17.4277 0.801613 -10.1701 12.8571 2.40768e-15 -6.9585e-16 -8.68643e-17 -9.50369 -4.32711 2.09145 -0.316416 -4.05004 31.6172 0.876987 -39.8926 -0.674123 11.7119 37.8161 -3.33371 2.39345 -41.5694 -6.22357 -0.510789 -22.0641 -17.4462 -0.801613 -10.1701 12.8571 -1.98785e-16 -5.8393e-16 -1.27595e-14 
-3.32038 90.5131 -77.8406 0.274078 -4.67042 -0.180275 0 5.22546 -1.18466 -1.52198 -7.89818 0.401709 0 5.77894 1.10239 -1.22324 -5.40438 0.00752096 -1.0557e-17 6.16289 0.118334 -0.881605 -0.591927 0.172294 -1.13649e-17 6.69386 -0.456341 -0.61467 6.2139 0.194965 -2.02997e-17 7.82529 -1.54945 -0.289938 10.3553 0.29031 -2.60628e-17 9.77186 -0.940923 0.0308514 12.6019 0.269278 -2.98794e-17 10.8563 1.62248 0.108758 -0.575547 -0.0764493 -1.32927e-17 4.92478 0.736013 0.312705 17.8009 1.0911 -1.86396e-17 4.96043 0.433981 2.29988 -2.40555 0.440727 -2.06766e-17 4.97002 0.787173 1.02727 -4.28544 1.32326 1.26863 -7.82717 7.75148 23.1556 -10.5407 13.3963 13.3291 3.34342 -3.36319 -48.3985 -40.6757 -49.7849 30.0522 0.0615366 0.141 11.5799 -8.73724 -74.5822 24.9344 0.0510561 0.116988 2.22633 -41.742 3.2828 -1.26863 -7.82715 7.75138 -26.0353 -8.79637 -14.2723 -13.3291 3.34342 -3.36319 32.5879 -52.0241 35.1907 -30.0522 0.0615366 0.141 -10.823 -6.75926 64.4708 -24.9344 0.0510559 0.116988 0.56821 -32.1815 2.66654 9.50369 -4.32711 2.09145 17.6955 -8.34725 -22.9093 -0.876987 -39.8926 -0.674123 -8.11924 28.2111 1.53904 -2.39345 -41.5694 -6.22357 -15.4468 -5.13777 18.7314 0.801613 -10.1701 12.8571 1.21867e-15 -7.45396e-16 -3.73183e-17 -9.50369 -4.32711 2.09145 -0.846306 -2.38517 31.6178 0.876987 -39.8926 -0.674123 9.56783 32.3375 -2.19711 2.39345 -41.5694 -6.22357 1.84354 -17.2133 -17.2865 -0.801613 -10.1701 12.8571 -5.95984e-16 -5.59105e-16 -1.27471e-14 
-3.00784 93.0102 -78.8312 0.231651 -4.64657 0.0975993 0 5.22546 -1.18466 -1.43863 -8.22453 0.367838 0 5.77894 1.10239 -1.16105 -5.57532 0.0246695 -1.0557e-17 6.16289 0.118334 -0.863875 -0.535557 0.16554 -1.13649e-17 6.69386 -0.456341 -0.628916 6.529 0.189934 -2.02997e-17 7.82529 -1.54945 -0.334507 10.8907 0.271371 -2.60628e-17 9.77186 -0.940923 -0.0613492 13.2039 0.279714 -2.98794e-17 10.8563 1.62248 0.0865107 -0.678519 -0.0690909 -1.32927e-17 4.92478 0.736013 0.275339 17.1684 1.19011 -1.86396e-17 4.96043 0.433981 2.08486 -2.26788 0.46249 -2.06766e-17 4.97002 0.787173 1.58576 -3.72027 1.10538 1.26863 -7.82717 7.75148 20.5747 -11.0737 11.6863 13.3291 3.34342 -3.36319 -44.9022 -40.086 -47.6924 30.0522 0.0615366 0.141 11.0479 -7.24823 -67.0358 24.9344 0.0510561 0.116988 3.06458 -43.806 3.38939 -1.26863 -7.82715 7.75138 -24.628 -9.33406 -12.5098 -13.3291 3.34342 -3.36319 29.0458 -49.4025 28.9367 -30.0522 0.0615366 0.141 -10.411 -5.98636 60.2989 -24.9344 0.0510559 0.116988 0.258393 -34.5454 1.29349 9.50369 -4.32711 2.09145 17.3926 -5.9755 -23.2607 -0.876987 -39.8926 -0.674123 -6.05284 21.7431 0.778681 -2.39345 -41.5694 -6.22357 -16.5143 2.33868 20.4847 0.801613 -10.1701 12.8571 -1.96004e-15 -8.8198e-16 9.92653e-17 -9.50369 -4.32711 2.09145 -1.81487 -0.687936 30.8628 0.876987 -39.8926 -0.674123 7.56382 26.5382 -1.31304 2.39345 -41.5694 -6.22357 4.60309 -10.6347 -17.4172 -0.801613 -10.1701 12.8571 -5.96354e-16 -5.59082e-16 -1.27471e-14 
-2.31381 95.5975 -80.4261 0.28437 -4.00875 -0.0571114 0 5.22546 -1.18466 -1.2616 -8.36931 0.361188 0 5.77894 1.10239 -1.03839 -5.60737 0.101825 -1.0557e-17 6.16289 0.118334 -0.806873 -0.471404 0.21977 -1.13649e-17 6.69386 -0.456341 -0.626971 6.69572 0.249354 -2.02997e-17 7.82529 -1.54945 -0.365683 11.1322 0.310452 -2.60628e-17 9.77186 -0.940923 -0.136346 13.4517 0.334052 -2.98794e-17 10.8563 1.62248 0.0626711 -0.751304 -0.0469223 -1.32927e-17 4.92478 0.736013 0.215213 16.3736 1.22502 -1.86396e-17 4.96043 0.433981 2.00212 -1.86806 0.469533 -2.06766e-17 4.97002 0.787173 1.57945 -2.92608 0.741449 1.26863 -7.82717 7.75148 18.1867 -11.3014 10.0054 13.3291 3.34342 -3.36319 -41.8449 -39.2263 -45.3319 30.0522 0.0615366 0.141 10.2997 -5.79865 -59.2609 24.9344 0.0510561 0.116988 4.11967 -46.5553 3.70288 -1.26863 -7.82715 7.75138 -22.9534 -9.58317 -10.7862 -13.3291 3.34342 -3.36319 26.4222 -46.8713 23.276 -30.0522 0.0615366 0.141 -10.0615 -5.42053 57.1312 -24.9344 0.0510559 0.116988 -0.270777 -38.006 -0.373126 9.50369 -4.32711 2.09145 17.1139 -4.95819 -21.2486 -0.876987 -39.8926 -0.674123 -4.49725 16.4664 0.361392 -2.39345 -41.5694 -6.22357 -17.3381 8.67616 21.818 0.801613 -10.1701 12.8571 1.38753e-14 5.82567e-16 -1.39011e-15 -9.50369 -4.32711 2.09145 -3.06725 0.214138 29.3769 0.876987 -39.8926 -0.674123 5.66804 20.4679 -0.662446 2.39345 -41.5694 -6.22357 6.98232 -2.41649 -17.8754 -0.801613 -10.1701 12.8571 -4.56835e-15 -3.9772e-16 -1.25733e-14 
-1.66084 98.32 -82.0394 0.296508 -1.8345 -0.624668 0 5.22546 -1.18466 -1.00019 -8.68027 0.347628 0 5.77894 1.10239 -0.858194 -5.81837 0.193303 -1.0557e-17 6.16289 0.118334 -0.709084 -0.568068 0.285222 -1.13649e-17 6.69386 -0.456341 -0.599461 6.77729 0.319238 -2.02997e-17 7.82529 -1.54945 -0.390336 11.3179 0.357148 -2.60628e-17 9.77186 -0.940923 -0.223752 13.6922 0.391783 -2.98794e-17 10.8563 1.62248 0.0384532 -0.831798 -0.027344 -1.32927e-17 4.92478 0.736013 0.118845 15.5859 1.17383 -1.86396e-17 4.96043 0.433981 1.92097 -1.47414 0.442657 -2.06766e-17 4.97002 0.787173 1.149 -2.71115 0.74145 1.26863 -7.82717 7.75148 15.7182 -11.4084 8.49024 13.3291 3.34342 -3.36319 -39.2531 -38.38 -42.9021 30.0522 0.0615366 0.141 9.36862 -4.46945 -51.5246 24.9344 0.0510561 0.116988 5.44758 -49.4883 4.15444 -1.26863 -7.82715 7.75138 -20.7172 -9.73923 -9.18888 -13.3291 3.34342 -3.36319 24.8844 -44.5691 18.7001 -30.0522 0.0615366 0.141 -9.69998 -4.90005 54.1122 -24.9344 0.0510559 0.116988 -0.916423 -42.1844 -1.43282 9.50369 -4.32711 2.09145 16.9674 -7.36023 -16.8257 -0.876987 -39.8926 -0.674123 -4.22008 15.4947 0.302071 -2.39345 -41.5694 -6.22357 -16.5249 6.35311 20.4623 0.801613 -10.1701 12.8571 -9.09785e-15 -1.19106e-15 4.08318e-16 -9.50369 -4.32711 2.09145 -4.05776 -1.36051 27.2267 0.876987 -39.8926 -0.674123 4.3299 15.8807 -0.325017 2.39345 -41.5694 -6.22357 8.06728 3.71072 -18.1518 -0.801613 -10.1701 12.8571 -2.02851e-16 -5.83757e-16 -1.27593e-14 
-1.21005 101.123 -82.9669 0.108359 1.84584 -1.29991 0 5.22546 -1.18466 -0.653286 -9.27906 0.319089 0 5.77894 1.10239 -0.600977 -6.32528 0.268766 -1.0557e-17 6.16289 0.118334 -0.544544 -0.910779 0.331176 -1.13649e-17 6.69386 -0.456341 -0.51454 6.75016 0.366669 -2.02997e-17 7.82529 -1.54945 -0.377482 11.465 0.384333 -2.60628e-17 9.77186 -0.940923 -0.294575 13.9452 0.425655 -2.98794e-17 10.8563 1.62248 0.0116957 -0.911528 -0.0159147 -1.32927e-17 4.92478 0.736013 -0.000636628 14.2836 1.28627 -1.86396e-17 4.96043 0.433981 1.77053 -1.18443 0.499914 -2.06766e-17 4.97002 0.787173 0.555188 -2.44769 0.60374 1.26863 -7.82717 7.75148 13.052 -11.2318 7.00099 13.3291 3.34342 -3.36319 -36.2604 -37.5041 -39.5057 30.0522 0.0615366 0.141 8.36019 -3.36532 -44.3874 24.9344 0.0510561 0.116988 6.43936 -53.4327 4.61226 -1.26863 -7.82715 7.75138 -17.8085 -9.74037 -7.63808 -13.3291 3.34342 -3.36319 24.0539 -42.4302 15.106 -30.0522 0.0615366 0.141 -9.22043 -4.28895 50.4097 -24.9344 0.0510559 0.116988 -1.14297 -45.8289 -1.22284 9.50369 -4.32711 2.09145 17.0826 -11.3369 -11.5739 -0.876987 -39.8926 -0.674123 -4.11133 15.1111 0.280075 -2.39345 -41.5694 -6.22357 -15.1988 2.88696 18.7812 0.801613 -10.1701 12.8571 -6.33885e-15 -1.06858e-15 2.85868e-16 -9.50369 -4.32711 2.09145 -4.16539 -6.03729 25.9601 0.876987 -39.8926 -0.674123 4.10433 15.0863 -0.278683 2.39345 -41.5694 -6.22357 5.63772 0.0786751 -17.2655 -0.801613 -10.1701 12.8571 3.37601e-15 -7.3288e-16 -1.29084e-14 
-0.778495 103.762 -83.4301 -0.285889 5.46784 -1.46994 0 5.22546 -1.18466 -0.372762 -9.84644 0.278116 0 5.77894 1.10239 -0.3908 -6.83712 0.29397 -1.0557e-17 6.16289 0.118334 -0.404629 -1.29865 0.326978 -1.13649e-17 6.69386 -0.456341 -0.426106 6.69009 0.359144 -2.02997e-17 7.82529 -1.54945 -0.35581 11.583 0.37066 -2.60628e-17 9.77186 -0.940923 -0.351432 14.1572 0.424671 -2.98794e-17 10.8563 1.62248 -0.0154414 -0.955284 -0.0163459 -1.32927e-17 4.92478 0.736013 -0.0872523 12.4738 1.39948 -1.86396e-17 4.96043 0.433981 1.49455 -1.23112 0.562071 -2.06766e-17 4.97002 0.787173 0.595357 -1.56193 0.401064 1.26863 -7.82717 7.75148 10.2558 -10.6993 5.38514 13.3291 3.34342 -3.36319 -32.8323 -35.9385 -35.605 30.0522 0.0615366 0.141 7.21203 -2.38649 -37.1716 24.9344 0.0510561 0.116988 6.20267 -57.8864 4.00045 -1.26863 -7.82715 7.75138 -14.5337 -9.58939 -6.13566 -13.3291 3.34342 -3.36319 24.1098 -40.1767 12.7943 -30.0522 0.0615366 0.141 -8.50754 -3.51013 45.3719 -24.9344 0.0510559 0.116988 -0.82868 -48.2245 -0.409815 9.50369 -4.32711 2.09145 16.7148 -15.3282 -8.78614 -0.876987 -39.8926 -0.674123 -4.00646 14.7399 0.25955 -2.39345 -41.5694 -6.22357 -14.0707 2.09699 18.1284 0.801613 -10.1701 12.8571 1.89333e-17 -7.95393e-16 1.26782e-17 -9.50369 -4.32711 2.09145 -3.57515 -10.8823 25.3966 0.876987 -39.8926 -0.674123 4.03593 14.8443 -0.265249 2.39345 -41.5694 -6.22357 3.90201 -3.51119 -16.7409 -0.801613 -10.1701 12.8571 9.96141e-16 -6.33719e-16 -1.28093e-14 
-0.326116 106.077 -83.776 -0.648861 7.91289 -0.943916 0 5.22546 -1.18466 -0.222344 -10.1427 0.252307 0 5.77894 1.10239 -0.294051 -7.09467 0.30153 -1.0557e-17 6.16289 0.118334 -0.347347 -1.50111 0.310007 -1.13649e-17 6.69386 -0.456341 -0.38777 6.71049 0.33717 -2.02997e-17 7.82529 -1.54945 -0.355911 11.744 0.356604 -2.60628e-17 9.77186 -0.940923 -0.392561 14.3606 0.425514 -2.98794e-17 10.8563 1.62248 -0.0319761 -0.966275 -0.0167521 -1.32927e-17 4.92478 0.736013 -0.108995 10.1835 1.62415 -1.86396e-17 4.96043 0.433981 1.17329 -1.81378 0.687159 -2.06766e-17 4.97002 0.787173 1.43024 -0.472974 -0.43352 1.26863 -7.82717 7.75148 7.18931 -9.87809 3.56213 13.3291 3.34342 -3.36319 -28.5164 -33.0582 -31.782 30.0522 0.0615366 0.141 5.84383 -1.49957 -29.3542 24.9344 0.0510561 0.116988 3.08738 -63.8931 0.640357 -1.26863 -7.82715 7.75138 -11.0719 -9.25888 -4.60928 -13.3291 3.34342 -3.36319 24.4603 -38.02 10.9794 -30.0522 0.0615366 0.141 -7.59324 -2.68423 39.4836 -24.9344 0.0510559 0.116988 0.115949 -50.2758 0.722624 9.50369 -4.32711 2.09145 15.2879 -18.1374 -9.07553 -0.876987 -39.8926 -0.674123 -3.84334 14.1604 0.228973 -2.39345 -41.5694 -6.22357 -12.8805 2.30286 17.9349 0.801613 -10.1701 12.8571 -1.56395e-15 -8.69614e-16 8.6899e-17 -9.50369 -4.32711 2.09145 -2.86464 -13.9044 23.8485 0.876987 -39.8926 -0.674123 3.8627 14.2293 -0.232516 2.39345 -41.5694 -6.22357 3.28351 -3.54341 -16.4353 -0.801613 -10.1701 12.8571 -1.38927e-15 -5.34326e-16 -1.27099e-14 
0.0889359 108.02 -84.1308 -0.903546 9.38639 -0.567328 0 5.22546 -1.18466 -0.0672277 -10.1379 0.244669 0 5.77894 1.10239 -0.18489 -7.03736 0.314804 -1.0557e-17 6.16289 0.118334 -0.262829 -1.42179 0.304868 -1.13649e-17 6.69386 -0.456341 -0.30783 6.90592 0.328032 -2.02997e-17 7.82529 -1.54945 -0.290899 12.0599 0.351529 -2.60628e-17 9.77186 -0.940923 -0.330582 14.6678 0.412956 -2.98794e-17 10.8563 1.62248 -0.0347224 -0.968411 -0.016499 -1.32927e-17 4.92478 0.736013 0.0412783 7.71762 1.93144 -1.86396e-17 4.96043 0.433981 1.17076 -2.63188 0.874905 -2.06766e-17 4.97002 0.787173 1.42695 0.0333527 -1.52765 1.26863 -7.82717 7.75148 4.15867 -8.84206 1.69852 13.3291 3.34342 -3.36319 -24.2808 -28.2344 -28.4828 30.0522 0.0615366 0.141 4.46744 -0.846208 -22.0334 24.9344 0.0510561 0.116988 -1.89594 -71.8182 -4.3651 -1.26863 -7.82715 7.75138 -7.72233 -8.80101 -3.13742 -13.3291 3.34342 -3.36319 25.1758 -36.2267 10.1683 -30.0522 0.0615366 0.141 -6.51854 -1.90375 33.1235 -24.9344 0.0510559 0.116988 1.99083 -53.0542 2.58948 9.50369 -4.32711 2.09145 13.4021 -19.8697 -10.1706 -0.876987 -39.8926 -0.674123 -3.69909 13.6457 0.203306 -2.39345 -41.5694 -6.22357 -11.5156 2.56093 17.6831 0.801613 -10.1701 12.8571 -3.7383e-16 -8.0762e-16 2.49058e-17 -9.50369 -4.32711 2.09145 -1.7117 -15.4346 22.7266 0.876987 -39.8926 -0.674123 3.60129 13.2956 -0.186641 2.39345 -41.5694 -6.22357 2.17855 -1.56967 -16.0423 -0.801613 -10.1701 12.8571 -9.94293e-16 -5.46646e-16 -1.27222e-14 
0.405456 109.495 -84.3894 -1.21876 10.5895 -0.829781 0 5.22546 -1.18466 0.176001 -9.68076 0.259716 0 5.77894 1.10239 -0.00120319 -6.56911 0.348968 -1.0557e-17 6.16289 0.118334 -0.117345 -1.09312 0.325638 -1.13649e-17 6.69386 -0.456341 -0.181625 7.09193 0.345403 -2.02997e-17 7.82529 -1.54945 -0.180207 12.1985 0.365497 -2.60628e-17 9.77186 -0.940923 -0.210257 14.7023 0.40723 -2.98794e-17 10.8563 1.62248 -0.0372246 -0.954654 -0.00876154 -1.32927e-17 4.92478 0.736013 0.253961 4.93761 2.2177 -1.86396e-17 4.96043 0.433981 1.07878 -3.07287 1.05921 -2.06766e-17 4.97002 0.787173 0.507219 0.537452 -2.23809 1.26863 -7.82717 7.75148 1.39142 -7.50902 -0.201135 13.3291 3.34342 -3.36319 -21.3486 -22.287 -25.8163 30.0522 0.0615366 0.141 3.29953 -0.449339 -16.0976 24.9344 0.0510561 0.116988 -11.8204 -80.2857 -14.2189 -1.26863 -7.82715 7.75138 -4.48603 -8.02988 -1.54194 -13.3291 3.34342 -3.36319 26.4087 -34.4829 10.4558 -30.0522 0.0615366 0.141 -5.38719 -1.25854 26.8747 -24.9344 0.0510559 0.116988 4.40649 -56.9268 5.12199 9.50369 -4.32711 2.09145 11.7121 -21.0732 -10.6985 -0.876987 -39.8926 -0.674123 -3.64062 13.4365 0.19327 -2.39345 -41.5694 -6.22357 -10.0218 2.69737 17.2851 0.801613 -10.1701 12.8571 8.18878e-16 -7.57913e-16 -2.48019e-17 -9.50369 -4.32711 2.09145 0.146272 -16.6158 23.0238 0.876987 -39.8926 -0.674123 3.3624 12.4366 -0.148451 2.39345 -41.5694 -6.22357 0.958068 0.972368 -15.5487 -0.801613 -10.1701 12.8571 -1.99524e-16 -5.83895e-16 -1.27595e-14 
0.565392 110.427 -84.3631 -1.49914 11.4011 -1.45562 0 5.22546 -1.18466 0.368075 -8.82246 0.328197 0 5.77894 1.10239 0.130711 -5.77298 0.417841 -1.0557e-17 6.16289 0.118334 -0.0168627 -0.649997 0.390553 -1.13649e-17 6.69386 -0.456341 -0.100675 7.08697 0.407783 -2.02997e-17 7.82529 -1.54945 -0.0971289 11.9031 0.430809 -2.60628e-17 9.77186 -0.940923 -0.0818869 14.2193 0.450324 -2.98794e-17 10.8563 1.62248 -0.0359714 -0.893559 0.00498035 -1.32927e-17 4.92478 0.736013 0.509633 1.36843 2.46801 -1.86396e-17 4.96043 0.433981 0.887869 -2.91034 1.21845 -2.06766e-17 4.97002 0.787173 -0.476159 2.34219 -2.62065 1.26863 -7.82717 7.75148 -1.21715 -5.77165 -2.16239 13.3291 3.34342 -3.36319 -19.83 -16.2776 -23.5941 30.0522 0.0615366 0.141 2.37124 -0.226448 -11.4996 24.9344 0.0510561 0.116988 -59.3754 -86.1787 -61.3842 -1.26863 -7.82715 7.75138 -1.13552 -6.72697 0.15301 -13.3291 3.34342 -3.36319 28.2202 -32.2539 11.2334 -30.0522 0.0615366 0.141 -4.3868 -0.814243 21.6148 -24.9344 0.0510559 0.116988 6.41041 -61.8133 7.21415 9.50369 -4.32711 2.09145 10.1178 -21.357 -10.645 -0.876987 -39.8926 -0.674123 -3.55091 13.1148 0.178289 -2.39345 -41.5694 -6.22357 -8.27074 2.56784 16.8098 0.801613 -10.1701 12.8571 -1.96041e-15 -8.81991e-16 9.92768e-17 -9.50369 -4.32711 2.09145 2.24181 -17.1541 23.9932 0.876987 -39.8926 -0.674123 3.10648 11.5108 -0.111525 2.39345 -41.5694 -6.22357 -0.117866 3.06136 -15.0098 -0.801613 -10.1701 12.8571 -5.95984e-16 -5.59105e-16 -1.27471e-14 
0.668876 110.816 -84.0916 -1.65719 11.277 -1.97312 0 5.22546 -1.18466 0.386041 -7.61915 0.398401 0 5.77894 1.10239 0.12537 -4.70381 0.463384 -1.0557e-17 6.16289 0.118334 -0.0113898 -0.0774306 0.445652 -1.13649e-17 6.69386 -0.456341 -0.0798859 6.9775 0.461811 -2.02997e-17 7.82529 -1.54945 -0.0381329 11.327 0.496304 -2.60628e-17 9.77186 -0.940923 0.0642769 13.4112 0.482858 -2.98794e-17 10.8563 1.62248 -0.0244417 -0.778337 0.0189822 -1.32927e-17 4.92478 0.736013 0.853407 -2.54824 2.65708 -1.86396e-17 4.96043 0.433981 0.913607 -2.4576 1.34178 -2.06766e-17 4.97002 0.787173 -1.07867 5.21603 -2.66 1.26863 -7.82717 7.75148 -3.74683 -3.72466 -4.07403 13.3291 3.34342 -3.36319 -19.4884 -10.3512 -22.0145 30.0522 0.0615366 0.141 1.6952 -0.112701 -8.19627 24.9344 0.0510561 0.116988 -133.367 -83.7366 -135.018 -1.26863 -7.82715 7.75138 2.19427 -4.96874 1.75191 -13.3291 3.34342 -3.36319 30.4516 -29.1177 11.8626 -30.0522 0.0615366 0.141 -3.60609 -0.540395 17.6352 -24.9344 0.0510559 0.116988 8.61437 -67.6377 9.38045 9.50369 -4.32711 2.09145 8.33631 -20.3225 -10.6937 -0.876987 -39.8926 -0.674123 -3.38403 12.5146 0.151761 -2.39345 -41.5694 -6.22357 -6.2804 2.08708 16.3234 0.801613 -10.1701 12.8571 -1.5658e-15 -8.69695e-16 8.698e-17 -9.50369 -4.32711 2.09145 4.0133 -16.4469 24.8356 0.876987 -39.8926 -0.674123 2.81099 10.4353 -0.0740587 2.39345 -41.5694 -6.22357 -1.18343 4.38304 -14.4977 -0.801613 -10.1701 12.8571 -5.96354e-16 -5.59082e-16 -1.27471e-14 
0.830662 110.612 -83.7328 -1.85793 10.8617 -2.21463 0 5.22546 -1.18466 0.346458 -6.19912 0.404775 0 5.77894 1.10239 0.099368 -3.51499 0.442506 -1.0557e-17 6.16289 0.118334 -0.0054931 0.524683 0.444771 -1.13649e-17 6.69386 -0.456341 -0.041215 6.75221 0.461822 -2.02997e-17 7.82529 -1.54945 0.0405484 10.5038 0.501284 -2.60628e-17 9.77186 -0.940923 0.21603 12.3415 0.444781 -2.98794e-17 10.8563 1.62248 -0.0115526 -0.614947 0.0359222 -1.32927e-17 4.92478 0.736013 1.21139 -6.17157 2.81467 -1.86396e-17 4.96043 0.433981 1.11411 -1.85352 1.43818 -2.06766e-17 4.97002 0.787173 -1.3562 7.97845 -2.57005 1.26863 -7.82717 7.75148 -5.79164 -1.64801 -5.61439 13.3291 3.34342 -3.36319 -20.4584 -4.40894 -21.0767 30.0522 0.0615366 0.141 1.26567 -0.0610544 -6.11124 24.9344 0.0510561 0.116988 -150.588 -78.6077 -151.956 -1.26863 -7.82715 7.75138 5.09954 -2.89289 3.13385 -13.3291 3.34342 -3.36319 32.5417 -23.8052 11.9632 -30.0522 0.0615366 0.141 -3.02469 -0.374944 14.7256 -24.9344 0.0510559 0.116988 14.0186 -74.7406 14.6265 9.50369 -4.32711 2.09145 6.65594 -18.9285 -10.8352 -0.876987 -39.8926 -0.674123 -3.23599 11.98 0.129695 -2.39345 -41.5694 -6.22357 -4.3058 0.860542 15.9014 0.801613 -10.1701 12.8571 2.33504e-17 -7.95209e-16 1.24942e-17 -9.50369 -4.32711 2.09145 5.40173 -15.2042 24.9867 0.876987 -39.8926 -0.674123 2.48645 9.24676 -0.0393383 2.39345 -41.5694 -6.22357 -2.48269 4.57021 -14.1081 -0.801613 -10.1701 12.8571 2.18401e-15 -6.83205e-16 -1.28588e-14 
1.06338 109.852 -83.4464 -2.11973 10.8448 -2.2433 0 5.22546 -1.18466 0.337364 -4.80812 0.355914 0 5.77894 1.10239 0.120369 -2.42984 0.376516 -1.0557e-17 6.16289 0.118334 0.0395778 1.02096 0.403848 -1.13649e-17 6.69386 -0.456341 0.026009 6.41297 0.422514 -2.02997e-17 7.82529 -1.54945 0.123126 9.52905 0.455769 -2.60628e-17 9.77186 -0.940923 0.328195 11.1393 0.361628 -2.98794e-17 10.8563 1.62248 -0.00434784 -0.42274 0.053188 -1.32927e-17 4.92478 0.736013 1.44307 -8.91529 2.81735 -1.86396e-17 4.96043 0.433981 1.26464 -1.25324 1.44244 -2.06766e-17 4.97002 0.787173 -1.51724 9.88792 -2.30471 1.26863 -7.82717 7.75148 -7.13018 0.146743 -6.69548 13.3291 3.34342 -3.36319 -23.0048 0.837566 -20.8286 30.0522 0.0615366 0.141 1.03523 -0.0398555 -4.9958 24.9344 0.0510561 0.116988 -156.462 -74.2872 -157.764 -1.26863 -7.82715 7.75138 7.26066 -0.72087 4.27904 -13.3291 3.34342 -3.36319 34.7191 -15.8158 11.9772 -30.0522 0.0615366 0.141 -2.52536 -0.257869 12.2559 -24.9344 0.0510559 0.116988 34.4053 -82.1827 35.1229 9.50369 -4.32711 2.09145 5.21393 -18.0119 -11.0856 -0.876987 -39.8926 -0.674123 -3.12387 11.5739 0.113903 -2.39345 -41.5694 -6.22357 -2.42366 -1.0796 15.6056 0.801613 -10.1701 12.8571 4.22043e-16 -7.82726e-16 1.17004e-20 -9.50369 -4.32711 2.09145 6.44133 -14.329 24.3742 0.876987 -39.8926 -0.674123 2.18651 8.14239 -0.0132741 2.39345 -41.5694 -6.22357 -3.81446 3.746 -13.9308 -0.801613 -10.1701 12.8571 -5.93733e-16 -5.59199e-16 -1.27472e-14 
1.31838 108.642 -83.2915 -2.49967 11.1934 -2.2155 0 5.22546 -1.18466 0.436662 -3.4554 0.30017 0 5.77894 1.10239 0.241719 -1.44708 0.32551 -1.0557e-17 6.16289 0.118334 0.153321 1.40976 0.379587 -1.13649e-17 6.69386 -0.456341 0.125802 5.9512 0.401147 -2.02997e-17 7.82529 -1.54945 0.204671 8.39709 0.416119 -2.60628e-17 9.77186 -0.940923 0.39521 9.78199 0.29099 -2.98794e-17 10.8563 1.62248 -0.00540885 -0.215992 0.0764132 -1.32927e-17 4.92478 0.736013 1.51724 -11.1557 2.65897 -1.86396e-17 4.96043 0.433981 1.23253 -0.605077 1.34962 -2.06766e-17 4.97002 0.787173 -1.72457 11.3545 -1.99805 1.26863 -7.82717 7.75148 -7.8666 1.70355 -7.49733 13.3291 3.34342 -3.36319 -26.6295 5.6136 -21.0033 30.0522 0.0615366 0.141 0.947538 -0.0329764 -4.57182 24.9344 0.0510561 0.116988 -159.664 -70.8905 -160.995 -1.26863 -7.82715 7.75138 8.72009 1.52788 5.3507 -13.3291 3.34342 -3.36319 36.9393 -5.98424 12.0893 -30.0522 0.0615366 0.141 -2.0955 -0.175041 10.1472 -24.9344 0.0510559 0.116988 113.397 -84.157 114.527 9.50369 -4.32711 2.09145 4.11058 -17.499 -11.5846 -0.876987 -39.8926 -0.674123 -3.00743 11.151 0.0983466 -2.39345 -41.5694 -6.22357 -0.524931 -3.37599 15.4331 0.801613 -10.1701 12.8571 2.52225e-17 -7.95127e-16 1.24123e-17 -9.50369 -4.32711 2.09145 7.33727 -14.0595 23.6505 0.876987 -39.8926 -0.674123 2.01416 7.50558 -0.000928088 2.39345 -41.5694 -6.22357 -4.89976 2.5407 -13.9252 -0.801613 -10.1701 12.8571 -1.99159e-16 -5.83907e-16 -1.27595e-14 
1.55742 107.068 -83.3505 -2.85752 11.5097 -2.1912 0 5.22546 -1.18466 0.564657 -2.1054 0.250887 0 5.77894 1.10239 0.385529 -0.504775 0.294298 -1.0557e-17 6.16289 0.118334 0.275686 1.76843 0.373699 -1.13649e-17 6.69386 -0.456341 0.216146 5.45357 0.39916 -2.02997e-17 7.82529 -1.54945 0.263669 7.23578 0.392369 -2.60628e-17 9.77186 -0.940923 0.420326 8.38523 0.241718 -2.98794e-17 10.8563 1.62248 -0.0104003 -0.0191019 0.101177 -1.32927e-17 4.92478 0.736013 1.46487 -12.9231 2.44743 -1.86396e-17 4.96043 0.433981 1.00723 -0.0981861 1.21676 -2.06766e-17 4.97002 0.787173 -1.92326 12.403 -1.59478 1.26863 -7.82717 7.75148 -8.10168 3.05565 -8.15009 13.3291 3.34342 -3.36319 -30.93 10.0843 -21.4218 30.0522 0.0615366 0.141 0.956477 -0.0336494 -4.61502 24.9344 0.0510561 0.116988 -161.975 -68.2828 -163.535 -1.26863 -7.82715 7.75138 9.58582 3.62791 6.33495 -13.3291 3.34342 -3.36319 39.3403 4.02284 12.4208 -30.0522 0.0615366 0.141 -1.78454 -0.12527 8.62987 -24.9344 0.0510559 0.116988 147.658 -77.5173 149.135 9.50369 -4.32711 2.09145 3.31061 -17.1965 -11.8484 -0.876987 -39.8926 -0.674123 -2.91058 10.7985 0.0860647 -2.39345 -41.5694 -6.22357 1.23061 -5.50243 15.3596 0.801613 -10.1701 12.8571 2.48481e-17 -7.95139e-16 1.2424e-17 -9.50369 -4.32711 2.09145 8.04592 -14.204 23.2235 0.876987 -39.8926 -0.674123 2.07324 7.72406 -0.00494383 2.39345 -41.5694 -6.22357 -5.74531 1.32916 -13.9888 -0.801613 -10.1701 12.8571 -5.9598e-16 -5.59105e-16 -1.27471e-14 
1.77898 105.167 -83.5368 -3.01899 11.3545 -2.17262 0 5.22546 -1.18466 0.593617 -0.636115 0.19982 0 5.77894 1.10239 0.443459 0.505182 0.256084 -1.0557e-17 6.16289 0.118334 0.333012 2.17372 0.3562 -1.13649e-17 6.69386 -0.456341 0.259843 4.95545 0.386423 -2.02997e-17 7.82529 -1.54945 0.291651 6.06515 0.362063 -2.60628e-17 9.77186 -0.940923 0.423645 6.94872 0.185571 -2.98794e-17 10.8563 1.62248 -0.0187582 0.163 0.127963 -1.32927e-17 4.92478 0.736013 1.30461 -13.9338 2.1996 -1.86396e-17 4.96043 0.433981 0.731583 0.246001 1.06123 -2.06766e-17 4.97002 0.787173 -1.93633 13.0069 -1.05 1.26863 -7.82717 7.75148 -7.91917 4.20457 -8.54312 13.3291 3.34342 -3.36319 -35.8894 13.887 -21.7267 30.0522 0.0615366 0.141 1.05696 -0.041666 -5.1009 24.9344 0.0510561 0.116988 -163.762 -66.6814 -166.014 -1.26863 -7.82715 7.75138 10.149 5.44333 7.22871 -13.3291 3.34342 -3.36319 42.2071 12.1712 12.8831 -30.0522 0.0615366 0.141 -1.64281 -0.105377 7.94031 -24.9344 0.0510559 0.116988 154.663 -71.4849 156.418 9.50369 -4.32711 2.09145 2.77251 -17.0137 -11.4194 -0.876987 -39.8926 -0.674123 -3.07155 11.384 0.106807 -2.39345 -41.5694 -6.22357 2.2377 -7.05052 15.3615 0.801613 -10.1701 12.8571 2.48481e-17 -7.95139e-16 1.2424e-17 -9.50369 -4.32711 2.09145 8.25278 -14.3098 22.332 0.876987 -39.8926 -0.674123 2.41646 8.98952 -0.0327371 2.39345 -41.5694 -6.22357 -6.2696 0.0601658 -14.0927 -0.801613 -10.1701 12.8571 -5.96354e-16 -5.59082e-16 -1.27471e-14 
1.98753 102.889 -83.7709 -2.96302 10.7522 -2.19573 0 5.22546 -1.18466 0.528285 0.806649 0.181427 0 5.77894 1.10239 0.420648 1.47472 0.239599 -1.0557e-17 6.16289 0.118334 0.329504 2.57326 0.355228 -1.13649e-17 6.69386 -0.456341 0.261312 4.48081 0.390889 -2.02997e-17 7.82529 -1.54945 0.300915 4.96626 0.354257 -2.60628e-17 9.77186 -0.940923 0.431473 5.57483 0.146911 -2.98794e-17 10.8563 1.62248 -0.0263576 0.329675 0.155346 -1.32927e-17 4.92478 0.736013 1.12069 -13.7811 2.00254 -1.86396e-17 4.96043 0.433981 0.548208 0.535027 0.92808 -2.06766e-17 4.97002 0.787173 -1.97482 12.884 -0.654955 1.26863 -7.82717 7.75148 -7.30512 5.059 -8.5666 13.3291 3.34342 -3.36319 -41.4372 17.2131 -21.8267 30.0522 0.0615366 0.141 1.21165 -0.0556843 -5.84955 24.9344 0.0510561 0.116988 -165.195 -65.7423 -168.232 -1.26863 -7.82715 7.75138 10.4585 6.88706 7.89564 -13.3291 3.34342 -3.36319 45.5191 18.0325 13.4485 -30.0522 0.0615366 0.141 -1.60561 -0.100442 7.7595 -24.9344 0.0510559 0.116988 158.487 -67.4099 160.293 9.50369 -4.32711 2.09145 2.40672 -16.9905 -11.2126 -0.876987 -39.8926 -0.674123 -3.67607 13.5633 0.199329 -2.39345 -41.5694 -6.22357 2.59448 -8.17947 15.4102 0.801613 -10.1701 12.8571 4.22043e-16 -7.82726e-16 1.17004e-20 -9.50369 -4.32711 2.09145 7.99659 -14.3567 21.3509 0.876987 -39.8926 -0.674123 3.06835 11.3724 -0.106377 2.39345 -41.5694 -6.22357 -6.53132 -1.23749 -14.2423 -0.801613 -10.1701 12.8571 -1.99159e-16 -5.83907e-16 -1.27595e-14 
2.23449 100.215 -83.9982 -2.89966 9.82701 -2.61932 0 5.22546 -1.18466 0.43072 2.15397 0.222938 0 5.77894 1.10239 0.366873 2.34816 0.274969 -1.0557e-17 6.16289 0.118334 0.296699 2.94092 0.403233 -1.13649e-17 6.69386 -0.456341 0.23736 4.02936 0.444018 -2.02997e-17 7.82529 -1.54945 0.299691 3.96511 0.400671 -2.60628e-17 9.77186 -0.940923 0.451702 4.3017 0.161151 -2.98794e-17 10.8563 1.62248 -0.0308879 0.471297 0.174511 -1.32927e-17 4.92478 0.736013 1.04952 -12.9902 2.09704 -1.86396e-17 4.96043 0.433981 0.362986 0.65711 0.926937 -2.06766e-17 4.97002 0.787173 -1.99443 12.2046 -0.426684 1.26863 -7.82717 7.75148 -6.3588 5.79325 -8.49579 13.3291 3.34342 -3.36319 -47.0365 20.9173 -21.5346 30.0522 0.0615366 0.141 1.3581 -0.0708355 -6.55916 24.9344 0.0510561 0.116988 -165.993 -64.3298 -169.36 -1.26863 -7.82715 7.75138 10.3924 8.0655 8.3334 -13.3291 3.34342 -3.36319 48.9173 22.8492 14.1202 -30.0522 0.0615366 0.141 -1.55683 -0.094153 7.52254 -24.9344 0.0510559 0.116988 161.318 -63.9698 162.808 9.50369 -4.32711 2.09145 2.0755 -17.3806 -12.7558 -0.876987 -39.8926 -0.674123 -4.96883 18.0991 0.472951 -2.39345 -41.5694 -6.22357 2.64793 -9.17502 15.5214 0.801613 -10.1701 12.8571 -3.71972e-16 -8.07539e-16 2.48247e-17 -9.50369 -4.32711 2.09145 7.70468 -13.9561 21.5511 0.876987 -39.8926 -0.674123 3.90743 14.3884 -0.240791 2.39345 -41.5694 -6.22357 -6.23624 -2.88805 -14.5114 -0.801613 -10.1701 12.8571 -1.98785e-16 -5.8393e-16 -1.27595e-14 
2.44709 97.2484 -84.2114 -3.01385 8.1676 -3.44109 0 5.22546 -1.18466 0.335476 3.60943 0.299943 0 5.77894 1.10239 0.316748 3.30238 0.337624 -1.0557e-17 6.16289 0.118334 0.264605 3.40879 0.472861 -1.13649e-17 6.69386 -0.456341 0.212971 3.6658 0.517752 -2.02997e-17 7.82529 -1.54945 0.305689 3.07578 0.469384 -2.60628e-17 9.77186 -0.940923 0.486402 3.12788 0.199946 -2.98794e-17 10.8563 1.62248 -0.0319756 0.595664 0.180462 -1.32927e-17 4.92478 0.736013 1.00144 -12.1849 2.1466 -1.86396e-17 4.96043 0.433981 0.341539 0.197525 0.914697 -2.06766e-17 4.97002 0.787173 -2.01043 10.951 0.0707621 1.26863 -7.82717 7.75148 -5.35385 6.52267 -8.53665 13.3291 3.34342 -3.36319 -52.3044 24.6753 -20.8923 30.0522 0.0615366 0.141 1.47512 -0.0842609 -7.12681 24.9344 0.0510561 0.116988 -166.633 -62.2794 -170.074 -1.26863 -7.82715 7.75138 9.84795 8.93846 8.45455 -13.3291 3.34342 -3.36319 52.6303 26.9163 14.6823 -30.0522 0.0615366 0.141 -1.51116 -0.0884502 7.30076 -24.9344 0.0510559 0.116988 162.63 -61.5456 163.761 9.50369 -4.32711 2.09145 1.7663 -16.8209 -15.3554 -0.876987 -39.8926 -0.674123 -6.39413 22.8564 0.888679 -2.39345 -41.5694 -6.22357 2.76216 -10.7124 15.6607 0.801613 -10.1701 12.8571 2.44737e-17 -7.9515e-16 1.24357e-17 -9.50369 -4.32711 2.09145 8.12432 -13.0526 23.3864 0.876987 -39.8926 -0.674123 5.03678 18.3321 -0.490117 2.39345 -41.5694 -6.22357 -6.47459 -4.85803 -14.8133 -0.801613 -10.1701 12.8571 -5.9598e-16 -5.59105e-16 -1.27471e-14 
2.7102 93.7723 -84.2821 -2.99669 5.4024 -3.9966 0 5.22546 -1.18466 0.0818873 5.55065 0.326024 0 5.77894 1.10239 0.14895 4.60743 0.320254 -1.0557e-17 6.16289 0.118334 0.146822 4.14561 0.458411 -1.13649e-17 6.69386 -0.456341 0.137753 3.40232 0.504306 -2.02997e-17 7.82529 -1.54945 0.280444 2.19447 0.458128 -2.60628e-17 9.77186 -0.940923 0.498085 1.88882 0.170327 -2.98794e-17 10.8563 1.62248 -0.0390855 0.726162 0.174537 -1.32927e-17 4.92478 0.736013 0.8561 -10.4865 1.9794 -1.86396e-17 4.96043 0.433981 0.388608 -0.454989 0.816644 -2.06766e-17 4.97002 0.787173 -1.67188 8.89233 0.86684 1.26863 -7.82717 7.75148 -4.00649 7.18028 -8.67423 13.3291 3.34342 -3.36319 -56.9586 28.3934 -20.1821 30.0522 0.0615366 0.141 1.57276 -0.0963645 -7.60092 24.9344 0.0510561 0.116988 -167.741 -58.9868 -171.003 -1.26863 -7.82715 7.75138 8.49338 9.48513 8.53687 -13.3291 3.34342 -3.36319 56.8454 30.2403 15.0435 -30.0522 0.0615366 0.141 -1.4651 -0.0828829 7.07721 -24.9344 0.0510559 0.116988 162.604 -60.5086 163.231 9.50369 -4.32711 2.09145 1.01464 -16.5556 -17.97 -0.876987 -39.8926 -0.674123 -8.39398 29.0201 1.6564 -2.39345 -41.5694 -6.22357 4.14163 -14.9886 16.0347 0.801613 -10.1701 12.8571 1.21643e-15 -7.45489e-16 -3.72253e-17 -9.50369 -4.32711 2.09145 9.12165 -12.7572 25.9919 0.876987 -39.8926 -0.674123 7.05862 24.974 -1.12096 2.39345 -41.5694 -6.22357 -7.01846 -7.00022 -15.1509 -0.801613 -10.1701 12.8571 -9.93549e-16 -5.4667e-16 -1.27222e-14 
2.89157 90.5029 -84.3237 -3.0197 2.34131 -4.37703 0 5.22546 -1.18466 -0.14038 7.67957 0.25902 0 5.77894 1.10239 0.0157593 5.98991 0.206784 -1.0557e-17 6.16289 0.118334 0.0534158 4.88163 0.342167 -1.13649e-17 6.69386 -0.456341 0.0834219 2.98766 0.382524 -2.02997e-17 7.82529 -1.54945 0.243429 1.0951 0.335026 -2.60628e-17 9.77186 -0.940923 0.452097 0.358113 0.0476645 -2.98794e-17 10.8563 1.62248 -0.0472482 0.88511 0.163969 -1.32927e-17 4.92478 0.736013 0.690702 -7.28542 2.06509 -1.86396e-17 4.96043 0.433981 0.231475 -0.211658 0.836029 -2.06766e-17 4.97002 0.787173 -1.34185 7.06842 1.83501 1.26863 -7.82717 7.75148 -1.99895 7.71429 -8.63889 13.3291 3.34342 -3.36319 -62.1564 32.5941 -18.3456 30.0522 0.0615366 0.141 1.69934 -0.113281 -8.21633 24.9344 0.0510561 0.116988 -168.61 -55.1718 -171.058 -1.26863 -7.82715 7.75138 6.36676 9.78783 8.50323 -13.3291 3.34342 -3.36319 61.2952 33.3715 14.257 -30.0522 0.0615366 0.141 -1.48159 -0.0848575 7.15726 -24.9344 0.0510559 0.116988 161.15 -61.4001 161.07 9.50369 -4.32711 2.09145 0.183744 -16.3113 -19.5772 -0.876987 -39.8926 -0.674123 -10.8583 35.7237 2.85975 -2.39345 -41.5694 -6.22357 5.32959 -19.4545 16.4531 0.801613 -10.1701 12.8571 1.61475e-15 -7.3303e-16 -4.96845e-17 -9.50369 -4.32711 2.09145 10.716 -12.7625 27.2852 0.876987 -39.8926 -0.674123 9.60616 32.442 -2.2158 2.39345 -41.5694 -6.22357 -8.45087 -9.58613 -15.5714 -0.801613 -10.1701 12.8571 -1.99533e-16 -5.83895e-16 -1.27595e-14 
2.94952 88.4036 -83.9849 -1.92474 -4.44173 -3.80207 0 5.22546 -1.18466 -0.901908 10.5177 0.115145 0 5.77894 1.10239 -0.557381 7.88861 -0.0445005 -1.0557e-17 6.16289 0.118334 -0.381708 6.15683 0.0848149 -1.13649e-17 6.69386 -0.456341 -0.213804 3.06648 0.129149 -2.02997e-17 7.82529 -1.54945 0.0479 0.407491 0.110296 -2.60628e-17 9.77186 -0.940923 0.337864 -0.674004 -0.159563 -2.98794e-17 10.8563 1.62248 -0.0692899 1.04122 0.143235 -1.32927e-17 4.92478 0.736013 0.332598 -3.77989 1.20797 -1.86396e-17 4.96043 0.433981 -0.015837 -0.560438 0.443941 -2.06766e-17 4.97002 0.787173 0.0780642 6.23104 3.92667 1.26863 -7.82717 7.75148 -0.747396 8.22306 -8.95549 13.3291 3.34342 -3.36319 -64.8463 35.4486 -17.7015 30.0522 0.0615366 0.141 1.73613 -0.118464 -8.39536 24.9344 0.0510561 0.116988 -172.424 -54.72 -173.282 -1.26863 -7.82715 7.75138 4.10212 9.70687 8.76956 -13.3291 3.34342 -3.36319 65.5266 34.5795 12.8768 -30.0522 0.0615366 0.141 -1.47745 -0.0843678 7.13716 -24.9344 0.0510559 0.116988 157.349 -64.0591 155.878 9.50369 -4.32711 2.09145 -2.17076 -11.6534 -20.8724 -0.876987 -39.8926 -0.674123 -12.597 39.8652 3.8524 -2.39345 -41.5694 -6.22357 4.876 -21.4259 16.5766 0.801613 -10.1701 12.8571 -2.35682e-15 -8.94379e-16 1.11664e-16 -9.50369 -4.32711 2.09145 9.93941 -10.3737 25.624 0.876987 -39.8926 -0.674123 13.0159 40.7936 -4.10698 2.39345 -41.5694 -6.22357 -9.91297 -14.0694 -16.2874 -0.801613 -10.1701 12.8571 -1.39037e-15 -5.34281e-16 -1.27098e-14 
2.96507 87.007 -83.2129 -1.03718 -5.41147 -5.01436 0 5.22546 -1.18466 -1.13256 10.2847 -0.0424951 0 5.77894 1.10239 -0.683758 7.88298 -0.26794 -1.0557e-17 6.16289 0.118334 -0.44429 6.28431 -0.148509 -1.13649e-17 6.69386 -0.456341 -0.207821 3.41363 -0.113918 -2.02997e-17 7.82529 -1.54945 0.0718353 0.893532 -0.141417 -2.60628e-17 9.77186 -0.940923 0.34374 -0.139055 -0.417994 -2.98794e-17 10.8563 1.62248 -0.0832138 0.960594 0.109119 -1.32927e-17 4.92478 0.736013 0.564982 -1.85873 2.67535 -1.86396e-17 4.96043 0.433981 0.388814 -0.762318 1.1165 -2.06766e-17 4.97002 0.787173 -1.4962 2.42295 4.10506 1.26863 -7.82717 7.75148 0.555018 7.20708 -7.31266 13.3291 3.34342 -3.36319 -69.5061 34.4341 -15.3772 30.0522 0.0615366 0.141 1.85187 -0.135514 -8.95911 24.9344 0.0510561 0.116988 -172.623 -60.9127 -171.901 -1.26863 -7.82715 7.75138 3.37753 8.5447 7.71239 -13.3291 3.34342 -3.36319 66.6126 33.1536 12.891 -30.0522 0.0615366 0.141 -1.63334 -0.104121 7.89443 -24.9344 0.0510559 0.116988 148.895 -71.4431 148.231 9.50369 -4.32711 2.09145 -3.20006 -12.2524 -20.022 -0.876987 -39.8926 -0.674123 -14.1542 43.1873 4.82589 -2.39345 -41.5694 -6.22357 4.44453 -23.1216 16.6152 0.801613 -10.1701 12.8571 -3.74593e-16 -8.07645e-16 2.493e-17 -9.50369 -4.32711 2.09145 9.95394 -11.9627 25.9774 0.876987 -39.8926 -0.674123 15.3674 45.5409 -5.63209 2.39345 -41.5694 -6.22357 -9.751 -14.477 -16.4854 -0.801613 -10.1701 12.8571 2.97765e-15 -7.20419e-16 -1.2896e-14 
2.83056 86.2028 -82.0949 -0.239032 -2.36242 -5.14253 0 5.22546 -1.18466 -1.45441 8.03384 -0.284762 0 5.77894 1.10239 -0.919975 6.43311 -0.574127 -1.0557e-17 6.16289 0.118334 -0.601667 5.3609 -0.474822 -1.13649e-17 6.69386 -0.456341 -0.272159 3.43897 -0.460708 -2.02997e-17 7.82529 -1.54945 0.0104097 1.57065 -0.486158 -2.60628e-17 9.77186 -0.940923 0.258326 0.748149 -0.750632 -2.98794e-17 10.8563 1.62248 -0.0827397 0.804696 0.0516809 -1.32927e-17 4.92478 0.736013 0.699552 -2.26274 3.03031 -1.86396e-17 4.96043 0.433981 0.748797 -1.20641 1.27851 -2.06766e-17 4.97002 0.787173 -1.36929 0.469312 5.35874 1.26863 -7.82717 7.75148 0.217332 6.26585 -5.56063 13.3291 3.34342 -3.36319 -72.5194 30.5641 -12.8396 30.0522 0.0615366 0.141 1.81618 -0.130128 -8.78519 24.9344 0.0510561 0.116988 -170.05 -70.3989 -170.1 -1.26863 -7.82715 7.75138 2.81743 6.93388 5.87779 -13.3291 3.34342 -3.36319 69.0952 28.8692 11.6723 -30.0522 0.0615366 0.141 -1.95182 -0.151004 9.44561 -24.9344 0.0510559 0.116988 129.772 -78.7278 129.914 9.50369 -4.32711 2.09145 -3.55069 -16.8808 -18.886 -0.876987 -39.8926 -0.674123 -15.6773 46.1112 5.84407 -2.39345 -41.5694 -6.22357 4.51954 -23.2496 16.6738 0.801613 -10.1701 12.8571 -7.69911e-16 -8.32387e-16 4.96725e-17 -9.50369 -4.32711 2.09145 10.0902 -16.6144 27.1504 0.876987 -39.8926 -0.674123 17.29 48.8895 -6.98316 2.39345 -41.5694 -6.22357 -8.61919 -15.9285 -16.5463 -0.801613 -10.1701 12.8571 -1.78451e-15 -5.09587e-16 -1.26976e-14 
2.70201 86.326 -81.1659 -0.0314353 -3.54046 -4.52419 0 5.22546 -1.18466 -1.61261 6.07104 -0.359475 0 5.77894 1.10239 -1.06101 5.21912 -0.680088 -1.0557e-17 6.16289 0.118334 -0.715907 4.81951 -0.59191 -1.13649e-17 6.69386 -0.456341 -0.343047 3.97524 -0.588553 -2.02997e-17 7.82529 -1.54945 -0.0551917 2.79937 -0.594815 -2.60628e-17 9.77186 -0.940923 0.19853 2.35788 -0.844731 -2.98794e-17 10.8563 1.62248 -0.0793958 0.658807 0.00821626 -1.32927e-17 4.92478 0.736013 0.754365 -1.92385 3.17701 -1.86396e-17 4.96043 0.433981 0.690675 -1.37081 1.36634 -2.06766e-17 4.97002 0.787173 -0.834124 1.07491 5.18506 1.26863 -7.82717 7.75148 -1.52634 5.23497 -4.62024 13.3291 3.34342 -3.36319 -71.9555 25.8347 -12.2602 30.0522 0.0615366 0.141 1.68113 -0.110765 -8.12779 24.9344 0.0510561 0.116988 -172.562 -78.4696 -172.625 -1.26863 -7.82715 7.75138 2.84605 5.16428 4.45479 -13.3291 3.34342 -3.36319 69.7273 21.7121 10.0403 -30.0522 0.0615366 0.141 -2.37643 -0.227324 11.524 -24.9344 0.0510559 0.116988 99.8736 -83.7879 98.7452 9.50369 -4.32711 2.09145 -3.95344 -15.4405 -19.4289 -0.876987 -39.8926 -0.674123 -15.4708 45.7325 5.70255 -2.39345 -41.5694 -6.22357 3.93725 -22.7585 16.6001 0.801613 -10.1701 12.8571 2.40723e-15 -6.95877e-16 -8.6838e-17 -9.50369 -4.32711 2.09145 9.53382 -15.2973 26.8503 0.876987 -39.8926 -0.674123 17.1033 48.5835 -6.84838 2.39345 -41.5694 -6.22357 -8.4097 -15.999 -16.4091 -0.801613 -10.1701 12.8571 -9.94682e-16 -5.46622e-16 -1.27222e-14 
2.45691 86.9533 -80.9478 -0.204538 -3.18002 -3.85201 0 5.22546 -1.18466 -1.3442 3.92454 -0.461101 0 5.77894 1.10239 -0.859215 3.91122 -0.744231 -1.0557e-17 6.16289 0.118334 -0.557183 4.3113 -0.6622 -1.13649e-17 6.69386 -0.456341 -0.204639 4.79705 -0.66457 -2.02997e-17 7.82529 -1.54945 0.0276743 4.44297 -0.681297 -2.60628e-17 9.77186 -0.940923 0.211564 4.37044 -0.919196 -2.98794e-17 10.8563 1.62248 -0.0668487 0.44509 -0.0434715 -1.32927e-17 4.92478 0.736013 0.75015 0.658645 3.21824 -1.86396e-17 4.96043 0.433981 1.06806 -2.30881 1.42576 -2.06766e-17 4.97002 0.787173 -1.81629 -1.31823 4.85352 1.26863 -7.82717 7.75148 -1.47479 3.24724 -3.03419 13.3291 3.34342 -3.36319 -71.2346 21.8128 -12.8937 30.0522 0.0615366 0.141 1.61343 -0.101648 -7.7986 24.9344 0.0510561 0.116988 -171.106 -82.6345 -170.829 -1.26863 -7.82715 7.75138 1.5035 2.63204 2.57196 -13.3291 3.34342 -3.36319 69.725 15.4172 9.81117 -30.0522 0.0615366 0.141 -2.72535 -0.302049 13.2426 -24.9344 0.0510559 0.116988 55.5553 -84.4316 53.8113 9.50369 -4.32711 2.09145 -4.0367 -16.065 -20.6022 -0.876987 -39.8926 -0.674123 -15.3071 45.4285 5.59111 -2.39345 -41.5694 -6.22357 3.58277 -20.7025 16.4553 0.801613 -10.1701 12.8571 8.21503e-16 -7.57807e-16 -2.49073e-17 -9.50369 -4.32711 2.09145 9.62556 -15.2923 26.6828 0.876987 -39.8926 -0.674123 16.147 46.9526 -6.16979 2.39345 -41.5694 -6.22357 -8.97371 -15.1768 -16.2996 -0.801613 -10.1701 12.8571 1.97647e-16 -5.96307e-16 -1.27719e-14 
2.19892 88.3604 -81.3105 -0.769661 -1.48629 -3.60503 0 5.22546 -1.18466 -0.987601 1.75948 -0.53587 0 5.77894 1.10239 -0.585786 2.43131 -0.756568 -1.0557e-17 6.16289 0.118334 -0.350082 3.56258 -0.681005 -1.13649e-17 6.69386 -0.456341 -0.0443437 5.23647 -0.686988 -2.02997e-17 7.82529 -1.54945 0.116825 5.63824 -0.724117 -2.60628e-17 9.77186 -0.940923 0.211234 5.8633 -0.950381 -2.98794e-17 10.8563 1.62248 -0.057029 0.250904 -0.0902489 -1.32927e-17 4.92478 0.736013 0.701855 3.50806 3.23778 -1.86396e-17 4.96043 0.433981 1.31209 -2.75067 1.45546 -2.06766e-17 4.97002 0.787173 -2.42847 -3.60503 4.63447 1.26863 -7.82717 7.75148 -1.02158 1.57662 -1.70147 13.3291 3.34342 -3.36319 -71.1741 17.8517 -12.5366 30.0522 0.0615366 0.141 1.6785 -0.110396 -8.115 24.9344 0.0510561 0.116988 -167.724 -85.2179 -168.016 -1.26863 -7.82715 7.75138 -0.388936 0.594931 0.93459 -13.3291 3.34342 -3.36319 69.5523 11.2009 9.01983 -30.0522 0.0615366 0.141 -3.20803 -0.423697 15.6393 -24.9344 0.0510559 0.116988 30.1751 -83.2989 28.2993 9.50369 -4.32711 2.09145 -3.57535 -17.0042 -21.451 -0.876987 -39.8926 -0.674123 -14.019 42.9127 4.73855 -2.39345 -41.5694 -6.22357 3.73811 -17.9146 16.3504 0.801613 -10.1701 12.8571 4.22797e-16 -7.82691e-16 -2.3697e-20 -9.50369 -4.32711 2.09145 9.76261 -15.1811 26.7764 0.876987 -39.8926 -0.674123 13.8083 42.4795 -4.60341 2.39345 -41.5694 -6.22357 -8.47948 -14.2427 -16.0544 -0.801613 -10.1701 12.8571 -1.38998e-15 -5.34293e-16 -1.27099e-14 
2.09788 90.3613 -81.8311 -1.43746 -0.685328 -3.63261 0 5.22546 -1.18466 -0.664356 -0.640751 -0.525663 0 5.77894 1.10239 -0.351664 0.735835 -0.683592 -1.0557e-17 6.16289 0.118334 -0.185471 2.76566 -0.616381 -1.13649e-17 6.69386 -0.456341 0.0670204 5.83684 -0.624668 -2.02997e-17 7.82529 -1.54945 0.171884 7.13349 -0.67226 -2.60628e-17 9.77186 -0.940923 0.200879 7.7322 -0.880181 -2.98794e-17 10.8563 1.62248 -0.0470717 0.0527668 -0.129294 -1.32927e-17 4.92478 0.736013 0.560724 6.821 3.00107 -1.86396e-17 4.96043 0.433981 1.32451 -3.22557 1.35323 -2.06766e-17 4.97002 0.787173 -2.60335 -5.23991 4.5963 1.26863 -7.82717 7.75148 -0.0582138 -0.337806 -0.235643 13.3291 3.34342 -3.36319 -70.2688 14.4867 -12.7803 30.0522 0.0615366 0.141 1.76269 -0.122259 -8.52469 24.9344 0.0510561 0.116988 -171.817 -87.9719 -171.967 -1.26863 -7.82715 7.75138 -2.33855 -1.50607 -0.683087 -13.3291 3.34342 -3.36319 68.6026 7.38011 8.46346 -30.0522 0.0615366 0.141 -3.67694 -0.562776 17.9931 -24.9344 0.0510559 0.116988 11.521 -80.9601 8.94613 9.50369 -4.32711 2.09145 -2.9583 -15.2208 -22.4407 -0.876987 -39.8926 -0.674123 -11.5889 37.5217 3.26375 -2.39345 -41.5694 -6.22357 3.95681 -14.7505 16.1581 0.801613 -10.1701 12.8571 4.22417e-16 -7.82715e-16 2.88531e-33 -9.50369 -4.32711 2.09145 9.65378 -13.7411 26.4692 0.876987 -39.8926 -0.674123 11.3746 37.003 -3.1432 2.39345 -41.5694 -6.22357 -7.42463 -10.6268 -15.4278 -0.801613 -10.1701 12.8571 -1.99922e-16 -5.83883e-16 -1.27594e-14 
2.34552 92.6034 -82.9188 -1.9329 -0.906292 -3.71727 0 5.22546 -1.18466 -0.445091 -1.95277 -0.466485 0 5.77894 1.10239 -0.199428 -0.241268 -0.571691 -1.0557e-17 6.16289 0.118334 -0.082566 2.31203 -0.50896 -1.13649e-17 6.69386 -0.456341 0.12778 6.18441 -0.51663 -2.02997e-17 7.82529 -1.54945 0.203001 7.98749 -0.57153 -2.60628e-17 9.77186 -0.940923 0.205868 8.7789 -0.766014 -2.98794e-17 10.8563 1.62248 -0.0344779 -0.0512307 -0.143184 -1.32927e-17 4.92478 0.736013 0.448739 9.96443 2.64822 -1.86396e-17 4.96043 0.433981 1.53706 -3.61543 1.18829 -2.06766e-17 4.97002 0.787173 -2.80292 -6.19096 4.57823 1.26863 -7.82717 7.75148 1.4656 -1.75808 1.08678 13.3291 3.34342 -3.36319 -69.3293 11.6756 -12.9583 30.0522 0.0615366 0.141 1.96746 -0.153689 -9.52289 24.9344 0.0510561 0.116988 24.1751 -88.1663 23.9867 -1.26863 -7.82715 7.75138 -4.33158 -3.00169 -1.91057 -13.3291 3.34342 -3.36319 67.3229 3.52798 7.23651 -30.0522 0.0615366 0.141 -4.22904 -0.753976 20.8034 -24.9344 0.0510559 0.116988 3.38465 -77.7383 -0.0256104 9.50369 -4.32711 2.09145 -2.33997 -11.9185 -22.9511 -0.876987 -39.8926 -0.674123 -8.98616 30.722 1.92139 -2.39345 -41.5694 -6.22357 3.30647 -10.4334 15.7887 0.801613 -10.1701 12.8571 2.52272e-17 -7.95127e-16 1.24122e-17 -9.50369 -4.32711 2.09145 8.85599 -11.6469 24.6274 0.876987 -39.8926 -0.674123 9.26226 31.4957 -2.0504 2.39345 -41.5694 -6.22357 -5.15537 -5.21558 -14.7122 -0.801613 -10.1701 12.8571 -1.39036e-15 -5.34281e-16 -1.27098e-14 
2.90158 95.0194 -84.6888 -2.2797 -0.698091 -4.01129 0 5.22546 -1.18466 -0.179793 -2.83014 -0.363532 0 5.77894 1.10239 4.32068e-05 -0.936303 -0.410782 -1.0557e-17 6.16289 0.118334 0.0602509 1.9429 -0.34864 -1.13649e-17 6.69386 -0.456341 0.211644 6.32053 -0.353917 -2.02997e-17 7.82529 -1.54945 0.256999 8.42749 -0.422401 -2.60628e-17 9.77186 -0.940923 0.238946 9.30177 -0.616211 -2.98794e-17 10.8563 1.62248 -0.0161355 -0.123288 -0.139241 -1.32927e-17 4.92478 0.736013 0.35499 12.8557 2.35785 -1.86396e-17 4.96043 0.433981 1.81707 -3.72848 1.04082 -2.06766e-17 4.97002 0.787173 -3.25129 -7.15284 4.20364 1.26863 -7.82717 7.75148 4.12997 -2.93748 2.59272 13.3291 3.34342 -3.36319 -69.4781 9.7937 -12.9443 30.0522 0.0615366 0.141 2.28594 -0.209873 -11.081 24.9344 0.0510561 0.116988 15.8015 -83.8704 15.2022 -1.26863 -7.82715 7.75138 -6.60669 -4.12348 -3.09441 -13.3291 3.34342 -3.36319 65.6582 0.309721 6.05061 -30.0522 0.0615366 0.141 -4.68841 -0.936731 23.1798 -24.9344 0.0510559 0.116988 1.47253 -74.8271 -2.30744 9.50369 -4.32711 2.09145 -1.60941 -9.29075 -22.4051 -0.876987 -39.8926 -0.674123 -6.64175 23.6533 0.972475 -2.39345 -41.5694 -6.22357 1.65517 -4.19279 15.2938 0.801613 -10.1701 12.8571 2.48481e-17 -7.95139e-16 1.2424e-17 -9.50369 -4.32711 2.09145 7.96746 -9.63312 22.7086 0.876987 -39.8926 -0.674123 7.07277 25.0183 -1.12616 2.39345 -41.5694 -6.22357 -2.66762 1.45425 -14.0414 -0.801613 -10.1701 12.8571 1.38884e-15 -6.45944e-16 -1.28339e-14 
3.63893 97.4534 -87.2006 -2.47226 0.571188 -4.2955 0 5.22546 -1.18466 0.0951454 -3.54149 -0.253993 0 5.77894 1.10239 0.214908 -1.56079 -0.240006 -1.0557e-17 6.16289 0.118334 0.217366 1.51767 -0.175497 -1.13649e-17 6.69386 -0.456341 0.304179 6.22513 -0.178078 -2.02997e-17 7.82529 -1.54945 0.319613 8.51364 -0.263538 -2.60628e-17 9.77186 -0.940923 0.282363 9.42217 -0.464555 -2.98794e-17 10.8563 1.62248 0.0109682 -0.181945 -0.122564 -1.32927e-17 4.92478 0.736013 0.340528 14.9515 1.73247 -1.86396e-17 4.96043 0.433981 2.15124 -3.48987 0.732726 -2.06766e-17 4.97002 0.787173 -3.7125 -7.59002 4.19072 1.26863 -7.82717 7.75148 7.25931 -3.79466 4.04046 13.3291 3.34342 -3.36319 -70.1769 7.94418 -12.7861 30.0522 0.0615366 0.141 2.70817 -0.298253 -13.1588 24.9344 0.0510561 0.116988 13.1682 -79.5956 11.8712 -1.26863 -7.82715 7.75138 -8.92146 -4.91098 -4.26191 -13.3291 3.34342 -3.36319 63.7561 -3.04937 4.96499 -30.0522 0.0615366 0.141 -5.13454 -1.13587 25.5268 -24.9344 0.0510559 0.116988 0.714311 -71.8491 -3.16413 9.50369 -4.32711 2.09145 -0.595864 -9.123 -20.2624 -0.876987 -39.8926 -0.674123 -5.12021 18.6174 0.511563 -2.39345 -41.5694 -6.22357 0.176988 0.72752 15.0028 0.801613 -10.1701 12.8571 2.48481e-17 -7.95139e-16 1.2424e-17 -9.50369 -4.32711 2.09145 7.31786 -8.93859 21.4656 0.876987 -39.8926 -0.674123 5.03712 18.3333 -0.490201 2.39345 -41.5694 -6.22357 0.130636 9.70008 -13.4444 -0.801613 -10.1701 12.8571 -3.77198e-15 -4.22631e-16 -1.26106e-14 
4.6644 99.8652 -89.4648 -2.50999 3.3732 -4.32893 0 5.22546 -1.18466 0.340415 -4.23846 -0.182928 0 5.77894 1.10239 0.419589 -2.24568 -0.110142 -1.0557e-17 6.16289 0.118334 0.37414 0.934687 -0.0398285 -1.13649e-17 6.69386 -0.456341 0.407208 5.85864 -0.0399557 -2.02997e-17 7.82529 -1.54945 0.393371 8.24991 -0.143744 -2.60628e-17 9.77186 -0.940923 0.331436 9.18004 -0.358827 -2.98794e-17 10.8563 1.62248 0.0430096 -0.223569 -0.0905933 -1.32927e-17 4.92478 0.736013 0.350366 15.9554 1.16164 -1.86396e-17 4.96043 0.433981 2.42913 -2.84451 0.454872 -2.06766e-17 4.97002 0.787173 -4.09314 -7.28265 4.11214 1.26863 -7.82717 7.75148 10.252 -4.25254 5.27965 13.3291 3.34342 -3.36319 -70.6127 5.87088 -12.2665 30.0522 0.0615366 0.141 3.26447 -0.439465 -15.9223 24.9344 0.0510561 0.116988 11.2109 -76.4509 9.1624 -1.26863 -7.82715 7.75138 -10.7732 -5.30275 -5.22522 -13.3291 3.34342 -3.36319 61.4941 -7.16636 3.86855 -30.0522 0.0615366 0.141 -5.61617 -1.37619 28.1107 -24.9344 0.0510559 0.116988 0.366048 -68.5916 -3.35796 9.50369 -4.32711 2.09145 1.31957 -12.1355 -16.1055 -0.876987 -39.8926 -0.674123 -4.67354 17.0799 0.401541 -2.39345 -41.5694 -6.22357 1.58342 -2.50975 15.099 0.801613 -10.1701 12.8571 -3.72342e-16 -8.07551e-16 2.48362e-17 -9.50369 -4.32711 2.09145 6.80739 -11.6507 21.0431 0.876987 -39.8926 -0.674123 4.05935 14.9273 -0.269816 2.39345 -41.5694 -6.22357 1.54896 13.8244 -13.3268 -0.801613 -10.1701 12.8571 2.97532e-15 -7.2031e-16 -1.28959e-14 
5.33033 102.292 -90.4856 -2.67333 7.48634 -3.79887 0 5.22546 -1.18466 0.531787 -5.25399 -0.175508 0 5.77894 1.10239 0.594452 -3.24354 -0.0535433 -1.0557e-17 6.16289 0.118334 0.514454 0.113233 0.0215317 -1.13649e-17 6.69386 -0.456341 0.511756 5.40693 0.0264846 -2.02997e-17 7.82529 -1.54945 0.46036 8.00109 -0.0928645 -2.60628e-17 9.77186 -0.940923 0.357455 9.02115 -0.310829 -2.98794e-17 10.8563 1.62248 0.0705974 -0.269671 -0.0507135 -1.32927e-17 4.92478 0.736013 0.293479 16.1339 0.799523 -1.86396e-17 4.96043 0.433981 2.47032 -2.20325 0.279631 -2.06766e-17 4.97002 0.787173 -3.87208 -6.50453 3.89432 1.26863 -7.82717 7.75148 12.6402 -4.60488 6.31936 13.3291 3.34342 -3.36319 -70.252 2.98667 -11.4976 30.0522 0.0615366 0.141 3.98913 -0.667291 -19.5778 24.9344 0.0510561 0.116988 9.57074 -73.8274 6.96256 -1.26863 -7.82715 7.75138 -11.933 -5.57665 -5.86403 -13.3291 3.34342 -3.36319 58.6252 -12.0219 2.96048 -30.0522 0.0615366 0.141 -6.11107 -1.6524 30.8293 -24.9344 0.0510559 0.116988 0.118644 -65.4919 -3.66601 9.50369 -4.32711 2.09145 3.94456 -17.1647 -11.6473 -0.876987 -39.8926 -0.674123 -4.47466 16.3875 0.356383 -2.39345 -41.5694 -6.22357 2.54148 -5.91771 15.4082 0.801613 -10.1701 12.8571 2.44689e-17 -7.95151e-16 1.24359e-17 -9.50369 -4.32711 2.09145 6.06011 -17.5711 20.1869 0.876987 -39.8926 -0.674123 4.47294 16.3815 -0.356002 2.39345 -41.5694 -6.22357 -0.948106 6.03231 -13.9387 -0.801613 -10.1701 12.8571 -5.92942e-16 -5.59236e-16 -1.27472e-14 
5.70072 104.521 -91.0888 -2.72595 11.0792 -2.82787 0 5.22546 -1.18466 0.58578 -6.33143 -0.167145 0 5.77894 1.10239 0.643021 -4.3048 -0.0296488 -1.0557e-17 6.16289 0.118334 0.548804 -0.697159 0.0474239 -1.13649e-17 6.69386 -0.456341 0.524834 5.06146 0.0627808 -2.02997e-17 7.82529 -1.54945 0.445074 7.93405 -0.054591 -2.60628e-17 9.77186 -0.940923 0.314288 9.13206 -0.247721 -2.98794e-17 10.8563 1.62248 0.0902731 -0.296957 -0.0109724 -1.32927e-17 4.92478 0.736013 0.161086 15.9705 0.710183 -1.86396e-17 4.96043 0.433981 2.19707 -2.08723 0.230621 -2.06766e-17 4.97002 0.787173 -2.95628 -5.49398 3.15626 1.26863 -7.82717 7.75148 13.7877 -5.05405 7.15318 13.3291 3.34342 -3.36319 -68.0098 -0.527081 -11.0413 30.0522 0.0615366 0.141 4.76932 -0.971357 -23.6038 24.9344 0.0510561 0.116988 7.68184 -71.1839 5.33761 -1.26863 -7.82715 7.75138 -12.4516 -5.88678 -6.26782 -13.3291 3.34342 -3.36319 55.2391 -17.2972 2.33876 -30.0522 0.0615366 0.141 -6.4733 -1.87473 32.8665 -24.9344 0.0510559 0.116988 0.144856 -62.5373 -3.79124 9.50369 -4.32711 2.09145 5.9261 -21.9104 -10.0042 -0.876987 -39.8926 -0.674123 -4.30723 15.8011 0.32022 -2.39345 -41.5694 -6.22357 1.16411 -5.8988 15.6436 0.801613 -10.1701 12.8571 2.48481e-17 -7.95139e-16 1.2424e-17 -9.50369 -4.32711 2.09145 4.36365 -22.3275 17.4785 0.876987 -39.8926 -0.674123 4.69108 17.1407 -0.405636 2.39345 -41.5694 -6.22357 -2.21921 -0.240992 -14.6126 -0.801613 -10.1701 12.8571 1.98026e-16 -5.96318e-16 -1.27719e-14 
5.94417 106.417 -91.5431 -2.51163 12.2042 -2.32749 0 5.22546 -1.18466 0.591377 -6.94542 -0.0823286 0 5.77894 1.10239 0.631267 -4.88794 0.0435148 -1.0557e-17 6.16289 0.118334 0.525698 -1.05616 0.114626 -1.13649e-17 6.69386 -0.456341 0.473365 5.02539 0.137654 -2.02997e-17 7.82529 -1.54945 0.387746 8.11537 0.0294101 -2.60628e-17 9.77186 -0.940923 0.253752 9.49343 -0.129483 -2.98794e-17 10.8563 1.62248 0.100441 -0.314239 0.0150179 -1.32927e-17 4.92478 0.736013 0.0878013 15.7909 0.623463 -1.86396e-17 4.96043 0.433981 1.90517 -2.97323 0.183371 -2.06766e-17 4.97002 0.787173 -2.42967 -5.13678 2.1971 1.26863 -7.82717 7.75148 14.1805 -5.59742 7.83932 13.3291 3.34342 -3.36319 -64.1922 -3.70306 -11.4636 30.0522 0.0615366 0.141 5.39741 -1.2638 -26.9315 24.9344 0.0510561 0.116988 6.16579 -69.3123 4.9093 -1.26863 -7.82715 7.75138 -12.9449 -6.31473 -6.82545 -13.3291 3.34342 -3.36319 51.895 -22.1972 2.34995 -30.0522 0.0615366 0.141 -6.69422 -2.01923 34.131 -24.9344 0.0510559 0.116988 0.163452 -59.5663 -3.68209 9.50369 -4.32711 2.09145 7.26496 -23.5734 -9.81022 -0.876987 -39.8926 -0.674123 -4.05683 14.9183 0.269324 -2.39345 -41.5694 -6.22357 -1.02618 -4.45201 15.7887 0.801613 -10.1701 12.8571 2.48481e-17 -7.95139e-16 1.2424e-17 -9.50369 -4.32711 2.09145 2.74504 -23.8721 15.8236 0.876987 -39.8926 -0.674123 4.6555 17.0173 -0.397345 2.39345 -41.5694 -6.22357 -2.43845 -1.41179 -14.7845 -0.801613 -10.1701 12.8571 -1.98406e-16 -5.83942e-16 -1.27595e-14 
6.06667 107.774 -91.8398 -2.27855 11.7066 -2.60607 0 5.22546 -1.18466 0.55354 -7.01475 0.0367743 0 5.77894 1.10239 0.575522 -4.91782 0.138636 -1.0557e-17 6.16289 0.118334 0.474231 -0.948169 0.199254 -1.13649e-17 6.69386 -0.456341 0.413478 5.27581 0.225186 -2.02997e-17 7.82529 -1.54945 0.350502 8.47863 0.122662 -2.60628e-17 9.77186 -0.940923 0.238764 9.96216 -0.0163991 -2.98794e-17 10.8563 1.62248 0.108748 -0.354208 0.0194693 -1.32927e-17 4.92478 0.736013 0.0893799 16.3174 0.440122 -1.86396e-17 4.96043 0.433981 1.86645 -4.07561 0.0942743 -2.06766e-17 4.97002 0.787173 -2.4064 -6.08978 2.04066 1.26863 -7.82717 7.75148 15.2108 -6.21259 8.61484 13.3291 3.34342 -3.36319 -60.6901 -6.41188 -12.3925 30.0522 0.0615366 0.141 5.88917 -1.52488 -29.6032 24.9344 0.0510561 0.116988 5.82378 -68.3313 5.41134 -1.26863 -7.82715 7.75138 -14.0877 -6.97603 -7.66222 -13.3291 3.34342 -3.36319 49.5869 -26.6577 3.26643 -30.0522 0.0615366 0.141 -6.82693 -2.10943 34.8994 -24.9344 0.0510559 0.116988 0.755682 -56.6173 -2.89988 9.50369 -4.32711 2.09145 9.06014 -23.0233 -7.93871 -0.876987 -39.8926 -0.674123 -3.87118 14.2595 0.234075 -2.39345 -41.5694 -6.22357 -3.29563 -3.59187 15.9271 0.801613 -10.1701 12.8571 2.48481e-17 -7.95139e-16 1.2424e-17 -9.50369 -4.32711 2.09145 1.87319 -23.4016 16.2069 0.876987 -39.8926 -0.674123 4.5589 16.6814 -0.37522 2.39345 -41.5694 -6.22357 -1.59253 -0.458985 -14.905 -0.801613 -10.1701 12.8571 -5.9597e-16 -5.59106e-16 -1.27471e-14 
6.08868 108.449 -92.0261 -2.29907 11.1438 -3.04897 0 5.22546 -1.18466 0.401824 -6.58434 0.168902 0 5.77894 1.10239 0.42329 -4.52406 0.228959 -1.0557e-17 6.16289 0.118334 0.352158 -0.627489 0.280218 -1.13649e-17 6.69386 -0.456341 0.315257 5.4341 0.305796 -2.02997e-17 7.82529 -1.54945 0.301089 8.54504 0.212102 -2.60628e-17 9.77186 -0.940923 0.241317 10.0099 0.0854739 -2.98794e-17 10.8563 1.62248 0.116447 -0.378796 0.0174796 -1.32927e-17 4.92478 0.736013 0.0823161 17.057 0.425375 -1.86396e-17 4.96043 0.433981 2.01518 -4.43928 0.0853851 -2.06766e-17 4.97002 0.787173 -1.96573 -6.78596 2.3322 1.26863 -7.82717 7.75148 16.9677 -6.64712 9.34477 13.3291 3.34342 -3.36319 -57.8937 -9.48617 -12.6888 30.0522 0.0615366 0.141 6.40623 -1.83235 -32.4876 24.9344 0.0510561 0.116988 5.34699 -67.14 5.30026 -1.26863 -7.82715 7.75138 -15.8662 -7.48048 -8.52615 -13.3291 3.34342 -3.36319 48.0998 -30.0609 4.37343 -30.0522 0.0615366 0.141 -6.82826 -2.11035 34.9071 -24.9344 0.0510559 0.116988 1.61156 -54.8973 -1.36634 9.50369 -4.32711 2.09145 11.3446 -22.1701 -5.00304 -0.876987 -39.8926 -0.674123 -3.82261 14.0866 0.225204 -2.39345 -41.5694 -6.22357 -5.2296 -3.84086 16.0735 0.801613 -10.1701 12.8571 8.19219e-16 -7.57903e-16 -2.48121e-17 -9.50369 -4.32711 2.09145 1.53115 -22.5612 17.0061 0.876987 -39.8926 -0.674123 4.48091 16.4094 -0.357766 2.39345 -41.5694 -6.22357 -0.420733 0.380324 -15.0698 -0.801613 -10.1701 12.8571 -1.99169e-16 -5.83906e-16 -1.27595e-14 
6.15541 108.58 -91.963 -2.52711 10.5683 -3.17311 0 5.22546 -1.18466 0.263547 -5.76965 0.258034 0 5.77894 1.10239 0.298811 -3.85656 0.27575 -1.0557e-17 6.16289 0.118334 0.254819 -0.267959 0.32144 -1.13649e-17 6.69386 -0.456341 0.243049 5.30409 0.344092 -2.02997e-17 7.82529 -1.54945 0.265228 8.09413 0.255686 -2.60628e-17 9.77186 -0.940923 0.245028 9.41313 0.143435 -2.98794e-17 10.8563 1.62248 0.117014 -0.347307 0.0220822 -1.32927e-17 4.92478 0.736013 0.118755 17.4066 0.360551 -1.86396e-17 4.96043 0.433981 2.08531 -3.93531 0.0510822 -2.06766e-17 4.97002 0.787173 -1.36445 -6.37667 2.63886 1.26863 -7.82717 7.75148 18.7694 -6.66684 9.86369 13.3291 3.34342 -3.36319 -55.4168 -12.8559 -11.6893 30.0522 0.0615366 0.141 6.99482 -2.22746 -35.8832 24.9344 0.0510561 0.116988 3.98103 -65.5737 4.13689 -1.26863 -7.82715 7.75138 -18.1166 -7.47432 -9.30029 -13.3291 3.34342 -3.36319 46.1708 -31.8235 4.45656 -30.0522 0.0615366 0.141 -6.83878 -2.11762 34.9683 -24.9344 0.0510559 0.116988 2.03976 -55.0589 -0.00865245 9.50369 -4.32711 2.09145 13.5549 -21.1846 -2.8435 -0.876987 -39.8926 -0.674123 -3.83408 14.1274 0.227287 -2.39345 -41.5694 -6.22357 -6.78703 -4.2281 16.1789 0.801613 -10.1701 12.8571 2.56159e-17 -7.95103e-16 1.23881e-17 -9.50369 -4.32711 2.09145 1.28019 -21.3122 17.7073 0.876987 -39.8926 -0.674123 4.40616 16.148 -0.341382 2.39345 -41.5694 -6.22357 0.843563 0.840549 -15.2773 -0.801613 -10.1701 12.8571 -1.39034e-15 -5.34282e-16 -1.27098e-14 
6.33948 108.248 -91.6485 -2.70937 9.27755 -3.02472 0 5.22546 -1.18466 0.160828 -4.66184 0.289064 0 5.77894 1.10239 0.217768 -2.9698 0.269056 -1.0557e-17 6.16289 0.118334 0.19608 0.169107 0.312255 -1.13649e-17 6.69386 -0.456341 0.206737 5.03868 0.330426 -2.02997e-17 7.82529 -1.54945 0.249082 7.3627 0.243933 -2.60628e-17 9.77186 -0.940923 0.249449 8.44375 0.148214 -2.98794e-17 10.8563 1.62248 0.113475 -0.2689 0.0234077 -1.32927e-17 4.92478 0.736013 0.206497 17.5402 0.254958 -1.86396e-17 4.96043 0.433981 2.07344 -3.27779 -0.00088669 -2.06766e-17 4.97002 0.787173 -1.03567 -5.42653 2.70416 1.26863 -7.82717 7.75148 20.4898 -6.4049 10.2556 13.3291 3.34342 -3.36319 -53.5477 -16.3339 -10.2964 30.0522 0.0615366 0.141 7.56101 -2.65821 -39.2873 24.9344 0.0510561 0.116988 2.40047 -63.2441 2.5522 -1.26863 -7.82715 7.75138 -20.8012 -7.08178 -10.1325 -13.3291 3.34342 -3.36319 44.119 -32.2401 3.7055 -30.0522 0.0615366 0.141 -7.06405 -2.2772 36.2899 -24.9344 0.0510559 0.116988 1.42187 -56.4141 0.099954 9.50369 -4.32711 2.09145 15.3261 -19.4647 -2.11936 -0.876987 -39.8926 -0.674123 -3.87747 14.2819 0.235234 -2.39345 -41.5694 -6.22357 -8.27062 -4.65392 16.2345 0.801613 -10.1701 12.8571 4.22034e-16 -7.82727e-16 1.19966e-20 -9.50369 -4.32711 2.09145 0.884822 -19.1015 18.72 0.876987 -39.8926 -0.674123 4.36471 16.0028 -0.332444 2.39345 -41.5694 -6.22357 1.81902 0.736775 -15.4821 -0.801613 -10.1701 12.8571 -5.97122e-16 -5.59058e-16 -1.2747e-14 
6.58475 107.427 -91.247 -2.72468 7.66308 -2.71417 0 5.22546 -1.18466 0.0240425 -3.35599 0.280316 0 5.77894 1.10239 0.113972 -1.94866 0.222289 -1.0557e-17 6.16289 0.118334 0.12719 0.653582 0.268617 -1.13649e-17 6.69386 -0.456341 0.172383 4.69152 0.284317 -2.02997e-17 7.82529 -1.54945 0.238669 6.46618 0.201655 -2.60628e-17 9.77186 -0.940923 0.259893 7.24845 0.119066 -2.98794e-17 10.8563 1.62248 0.111965 -0.155131 0.0256267 -1.32927e-17 4.92478 0.736013 0.310515 17.5693 0.156591 -1.86396e-17 4.96043 0.433981 2.13157 -2.58922 -0.0441887 -2.06766e-17 4.97002 0.787173 -0.85734 -4.48316 2.61882 1.26863 -7.82717 7.75148 22.4305 -5.95899 10.7031 13.3291 3.34342 -3.36319 -52.2943 -19.739 -8.90055 30.0522 0.0615366 0.141 8.15781 -3.17408 -43.0577 24.9344 0.0510561 0.116988 0.933556 -60.5379 1.00945 -1.26863 -7.82715 7.75138 -23.6941 -6.4148 -10.9943 -13.3291 3.34342 -3.36319 42.2694 -32.4852 2.48709 -30.0522 0.0615366 0.141 -7.52478 -2.6289 39.063 -24.9344 0.0510559 0.116988 0.309553 -57.3697 -0.70902 9.50369 -4.32711 2.09145 16.7692 -17.6435 -2.45572 -0.876987 -39.8926 -0.674123 -4.02065 14.7902 0.262289 -2.39345 -41.5694 -6.22357 -9.8619 -5.33846 16.2153 0.801613 -10.1701 12.8571 2.5232e-17 -7.95127e-16 1.2412e-17 -9.50369 -4.32711 2.09145 0.3014 -16.4724 19.919 0.876987 -39.8926 -0.674123 4.37295 16.0317 -0.334213 2.39345 -41.5694 -6.22357 2.61333 -0.225826 -15.6975 -0.801613 -10.1701 12.8571 -1.99169e-16 -5.83906e-16 -1.27595e-14 
6.84125 106.152 -90.9169 -2.61408 6.27566 -2.2631 0 5.22546 -1.18466 -0.141407 -2.07988 0.248753 0 5.77894 1.10239 -0.00897325 -0.981847 0.151516 -1.0557e-17 6.16289 0.118334 0.0499688 1.08686 0.208386 -1.13649e-17 6.69386 -0.456341 0.138106 4.29471 0.224421 -2.02997e-17 7.82529 -1.54945 0.235943 5.53463 0.147675 -2.60628e-17 9.77186 -0.940923 0.281151 6.01337 0.0723254 -2.98794e-17 10.8563 1.62248 0.113096 -0.0244733 0.0349869 -1.32927e-17 4.92478 0.736013 0.4335 17.4055 0.0662229 -1.86396e-17 4.96043 0.433981 2.33838 -1.73736 -0.0741343 -2.06766e-17 4.97002 0.787173 -0.845938 -3.59477 2.43424 1.26863 -7.82717 7.75148 24.4613 -5.37561 11.2227 13.3291 3.34342 -3.36319 -51.1776 -22.9097 -7.38666 30.0522 0.0615366 0.141 8.86236 -3.88082 -47.8221 24.9344 0.0510561 0.116988 -0.389597 -58.4223 -0.179861 -1.26863 -7.82715 7.75138 -26.4653 -5.54683 -11.8155 -13.3291 3.34342 -3.36319 40.2929 -33.2185 0.944562 -30.0522 0.0615366 0.141 -8.15471 -3.17109 43.0357 -24.9344 0.0510559 0.116988 -0.715281 -57.3367 -1.68274 9.50369 -4.32711 2.09145 18.0333 -16.3522 -3.41238 -0.876987 -39.8926 -0.674123 -4.26885 15.6663 0.312171 -2.39345 -41.5694 -6.22357 -11.3765 -6.20228 16.1182 0.801613 -10.1701 12.8571 2.48481e-17 -7.95139e-16 1.2424e-17 -9.50369 -4.32711 2.09145 -0.153981 -14.2137 21.822 0.876987 -39.8926 -0.674123 4.46173 16.3424 -0.353531 2.39345 -41.5694 -6.22357 3.05865 -1.45691 -15.8541 -0.801613 -10.1701 12.8571 -1.39034e-15 -5.34282e-16 -1.27098e-14 
7.07177 104.514 -90.652 -2.43132 5.13426 -1.78795 0 5.22546 -1.18466 -0.316441 -0.949135 0.198826 0 5.77894 1.10239 -0.135989 -0.151969 0.0589037 -1.0557e-17 6.16289 0.118334 -0.0265919 1.43021 0.132318 -1.13649e-17 6.69386 -0.456341 0.106318 3.86877 0.149882 -2.02997e-17 7.82529 -1.54945 0.238542 4.6372 0.0821988 -2.60628e-17 9.77186 -0.940923 0.308658 4.82741 0.0141461 -2.98794e-17 10.8563 1.62248 0.116066 0.108207 0.0473175 -1.32927e-17 4.92478 0.736013 0.545516 16.9731 0.0826976 -1.86396e-17 4.96043 0.433981 2.53162 -0.930486 -0.0477361 -2.06766e-17 4.97002 0.787173 -0.902251 -2.68092 2.2427 1.26863 -7.82717 7.75148 26.3232 -4.67953 11.7097 13.3291 3.34342 -3.36319 -49.9662 -25.82 -5.72774 30.0522 0.0615366 0.141 9.62318 -4.79674 -53.5004 24.9344 0.0510561 0.116988 -1.55904 -57.4535 -1.24712 -1.26863 -7.82715 7.75138 -28.8996 -4.57241 -12.5285 -13.3291 3.34342 -3.36319 38.1779 -34.4882 -0.64416 -30.0522 0.0615366 0.141 -8.94963 -3.97683 48.4395 -24.9344 0.0510559 0.116988 -2.12632 -56.7406 -3.3373 9.50369 -4.32711 2.09145 19.1242 -15.5981 -5.12077 -0.876987 -39.8926 -0.674123 -4.64761 16.9899 0.395519 -2.39345 -41.5694 -6.22357 -12.9699 -6.89071 16.0274 0.801613 -10.1701 12.8571 -3.72337e-16 -8.07551e-16 2.48361e-17 -9.50369 -4.32711 2.09145 -0.268877 -12.4157 24.59 0.876987 -39.8926 -0.674123 4.63443 16.9441 -0.392472 2.39345 -41.5694 -6.22357 3.47688 -2.3589 -16.0097 -0.801613 -10.1701 12.8571 -1.39149e-15 -5.34234e-16 -1.27098e-14 
7.25773 102.562 -90.4379 -2.24751 4.04357 -1.51626 0 5.22546 -1.18466 -0.508206 -0.0417056 0.158033 0 5.77894 1.10239 -0.278107 0.500556 -0.0330814 -1.0557e-17 6.16289 0.118334 -0.112899 1.6875 0.061154 -1.13649e-17 6.69386 -0.456341 0.0660269 3.48776 0.0813949 -2.02997e-17 7.82529 -1.54945 0.239886 3.88654 0.027839 -2.60628e-17 9.77186 -0.940923 0.344324 3.82486 -0.0330475 -2.98794e-17 10.8563 1.62248 0.122412 0.224587 0.0568898 -1.32927e-17 4.92478 0.736013 0.605394 16.5025 0.352971 -1.86396e-17 4.96043 0.433981 2.66974 -0.314319 0.0977736 -2.06766e-17 4.97002 0.787173 -0.855174 -1.76278 1.97913 1.26863 -7.82717 7.75148 28.0068 -4.00483 12.1655 13.3291 3.34342 -3.36319 -48.7775 -28.5087 -4.16729 30.0522 0.0615366 0.141 10.3513 -5.8848 -59.7391 24.9344 0.0510561 0.116988 -2.40509 -57.2995 -2.21332 -1.26863 -7.82715 7.75138 -30.8814 -3.72112 -13.1448 -13.3291 3.34342 -3.36319 36.1577 -36.6805 -1.76645 -30.0522 0.0615366 0.141 -9.81212 -5.05538 55.025 -24.9344 0.0510559 0.116988 -3.56883 -55.1805 -5.59558 9.50369 -4.32711 2.09145 19.9517 -15.1956 -8.05034 -0.876987 -39.8926 -0.674123 -5.20051 18.8911 0.532591 -2.39345 -41.5694 -6.22357 -14.5801 -7.33914 16.1019 0.801613 -10.1701 12.8571 2.44642e-17 -7.95151e-16 1.2436e-17 -9.50369 -4.32711 2.09145 -0.053584 -10.7929 27.7405 0.876987 -39.8926 -0.674123 4.87518 17.777 -0.449741 2.39345 -41.5694 -6.22357 4.13221 -2.85542 -16.2071 -0.801613 -10.1701 12.8571 -1.39149e-15 -5.34234e-16 -1.27098e-14 
7.4408 100.303 -90.3188 -1.9954 3.01204 -1.41474 0 5.22546 -1.18466 -0.736629 0.676501 0.147431 0 5.77894 1.10239 -0.463778 0.982556 -0.102779 -1.0557e-17 6.16289 0.118334 -0.237603 1.84603 0.0139964 -1.13649e-17 6.69386 -0.456341 -0.0103104 3.1281 0.0388231 -2.02997e-17 7.82529 -1.54945 0.214059 3.2277 0.00541527 -2.60628e-17 9.77186 -0.940923 0.368694 2.95605 -0.0499308 -2.98794e-17 10.8563 1.62248 0.133165 0.338755 0.0671343 -1.32927e-17 4.92478 0.736013 0.603045 16.2946 0.700288 -1.86396e-17 4.96043 0.433981 2.67612 0.139209 0.277049 -2.06766e-17 4.97002 0.787173 -0.566811 -0.919218 1.58679 1.26863 -7.82717 7.75148 29.48 -3.44252 12.5863 13.3291 3.34342 -3.36319 -47.8052 -30.9384 -3.12291 30.0522 0.0615366 0.141 10.9681 -7.06829 -66.098 24.9344 0.0510561 0.116988 -2.97654 -57.1113 -3.29249 -1.26863 -7.82715 7.75138 -32.3164 -3.1063 -13.6712 -13.3291 3.34342 -3.36319 34.2428 -39.9792 -2.21316 -30.0522 0.0615366 0.141 -10.5622 -6.25464 61.7652 -24.9344 0.0510559 0.116988 -3.84353 -51.7511 -6.89287 9.50369 -4.32711 2.09145 20.1909 -15.1436 -12.241 -0.876987 -39.8926 -0.674123 -5.9303 21.3393 0.740761 -2.39345 -41.5694 -6.22357 -15.9486 -7.627 16.4843 0.801613 -10.1701 12.8571 2.48481e-17 -7.95139e-16 1.2424e-17 -9.50369 -4.32711 2.09145 -0.217167 -8.98398 29.2086 0.876987 -39.8926 -0.674123 5.18134 18.8258 -0.527536 2.39345 -41.5694 -6.22357 5.20073 -3.95333 -16.4559 -0.801613 -10.1701 12.8571 -1.39149e-15 -5.34234e-16 -1.27098e-14 
7.6601 97.7573 -90.2908 -1.56426 1.77712 -1.29938 0 5.22546 -1.18466 -0.998039 1.09217 0.186744 0 5.77894 1.10239 -0.682974 1.23495 -0.137115 -1.0557e-17 6.16289 0.118334 -0.3926 1.91264 0.000827743 -1.13649e-17 6.69386 -0.456341 -0.117691 2.89215 0.029647 -2.02997e-17 7.82529 -1.54945 0.164102 2.81599 0.0207051 -2.60628e-17 9.77186 -0.940923 0.385114 2.42067 -0.0330375 -2.98794e-17 10.8563 1.62248 0.15018 0.440402 0.0766821 -1.32927e-17 4.92478 0.736013 0.600396 16.4044 1.0989 -1.86396e-17 4.96043 0.433981 2.74696 0.185901 0.48265 -2.06766e-17 4.97002 0.787173 -0.422062 -0.333023 0.779542 1.26863 -7.82717 7.75148 30.5122 -3.15753 13.0616 13.3291 3.34342 -3.36319 -47.1356 -33.2966 -3.49298 30.0522 0.0615366 0.141 11.4382 -8.27507 -72.2747 24.9344 0.0510561 0.116988 -2.93228 -55.7828 -3.85388 -1.26863 -7.82715 7.75138 -33.1791 -2.82652 -14.2652 -13.3291 3.34342 -3.36319 32.5587 -44.2338 -1.46713 -30.0522 0.0615366 0.141 -11.1152 -7.40654 67.8543 -24.9344 0.0510559 0.116988 -2.82508 -46.8611 -6.53218 9.50369 -4.32711 2.09145 19.3177 -14.831 -17.9145 -0.876987 -39.8926 -0.674123 -6.76811 24.0564 1.01651 -2.39345 -41.5694 -6.22357 -16.4159 -8.36024 17.1344 0.801613 -10.1701 12.8571 4.22034e-16 -7.82727e-16 1.19966e-20 -9.50369 -4.32711 2.09145 -0.710875 -6.937 28.6817 0.876987 -39.8926 -0.674123 5.75506 20.7581 -0.688001 2.39345 -41.5694 -6.22357 4.80476 -5.89206 -16.5144 -0.801613 -10.1701 12.8571 -2.18586e-15 -4.96998e-16 -1.26726e-14 
7.8701 94.932 -90.2682 -0.932513 -0.00499801 -1.20341 0 5.22546 -1.18466 -1.283 1.37213 0.223057 0 5.77894 1.10239 -0.909198 1.41154 -0.188372 -1.0557e-17 6.16289 0.118334 -0.547356 1.99902 -0.0256229 -1.13649e-17 6.69386 -0.456341 -0.217426 2.80724 0.00420816 -2.02997e-17 7.82529 -1.54945 0.122414 2.64794 0.0252224 -2.60628e-17 9.77186 -0.940923 0.4111 2.19209 -0.0315099 -2.98794e-17 10.8563 1.62248 0.162752 0.529479 0.0784581 -1.32927e-17 4.92478 0.736013 0.644758 16.5565 1.31227 -1.86396e-17 4.96043 0.433981 2.97003 -0.12967 0.602648 -2.06766e-17 4.97002 0.787173 -0.723307 -0.272885 0.330355 1.26863 -7.82717 7.75148 31.2677 -3.08326 13.6861 13.3291 3.34342 -3.36319 -47.1031 -35.5041 -5.90567 30.0522 0.0615366 0.141 11.7534 -9.4233 -77.9642 24.9344 0.0510561 0.116988 -1.65339 -53.3994 -3.16942 -1.26863 -7.82715 7.75138 -33.6012 -2.74779 -15.002 -13.3291 3.34342 -3.36319 31.4976 -48.9132 0.90662 -30.0522 0.0615366 0.141 -11.4922 -8.44319 73.1162 -24.9344 0.0510559 0.116988 -1.07176 -42.6135 -4.72942 9.50369 -4.32711 2.09145 17.7539 -13.7738 -23.5435 -0.876987 -39.8926 -0.674123 -7.80026 27.2564 1.40739 -2.39345 -41.5694 -6.22357 -16.0816 -9.68181 17.7972 0.801613 -10.1701 12.8571 -2.75507e-15 -9.19247e-16 1.36532e-16 -9.50369 -4.32711 2.09145 -0.992868 -5.02723 28.7335 0.876987 -39.8926 -0.674123 6.71881 23.8994 -0.999227 2.39345 -41.5694 -6.22357 4.01204 -8.53082 -16.5849 -0.801613 -10.1701 12.8571 5.93667e-16 -6.21082e-16 -1.27966e-14 
7.96182 91.8305 -89.6768 -0.384682 -2.46783 -1.37796 0 5.22546 -1.18466 -1.566 1.69512 0.280158 0 5.77894 1.10239 -1.14199 1.6156 -0.205529 -1.0557e-17 6.16289 0.118334 -0.715098 2.09102 -0.0132612 -1.13649e-17 6.69386 -0.456341 -0.331309 2.68581 0.018629 -2.02997e-17 7.82529 -1.54945 0.0760029 2.42078 0.0729498 -2.60628e-17 9.77186 -0.940923 0.443576 1.88814 0.00246312 -2.98794e-17 10.8563 1.62248 0.171969 0.653088 0.0801442 -1.32927e-17 4.92478 0.736013 0.678858 16.8492 1.30917 -1.86396e-17 4.96043 0.433981 3.24129 0.10382 0.618175 -2.06766e-17 4.97002 0.787173 -0.93263 0.333225 0.516626 1.26863 -7.82717 7.75148 32.2302 -2.95074 14.3203 13.3291 3.34342 -3.36319 -48.352 -36.6678 -9.68976 30.0522 0.0615366 0.141 11.9413 -10.5053 -83.2257 24.9344 0.0510561 0.116988 -0.54003 -50.397 -2.90747 -1.26863 -7.82715 7.75138 -34.0358 -2.56358 -15.7753 -13.3291 3.34342 -3.36319 31.8846 -53.1626 4.61382 -30.0522 0.0615366 0.141 -11.7533 -9.4223 77.9585 -24.9344 0.0510559 0.116988 1.09505 -40.1145 -1.93298 9.50369 -4.32711 2.09145 16.4937 -11.6208 -27.3916 -0.876987 -39.8926 -0.674123 -8.99351 30.7427 1.92478 -2.39345 -41.5694 -6.22357 -15.4705 -12.0017 17.9396 0.801613 -10.1701 12.8571 -1.1694e-15 -8.44907e-16 6.21922e-17 -9.50369 -4.32711 2.09145 -0.88047 -4.27278 29.6484 0.876987 -39.8926 -0.674123 8.66077 29.7939 -1.77377 2.39345 -41.5694 -6.22357 1.82316 -15.1096 -16.6065 -0.801613 -10.1701 12.8571 -5.95202e-16 -5.59142e-16 -1.27471e-14 
7.95771 88.7269 -88.9317 -0.838762 -5.35561 -1.61779 0 5.22546 -1.18466 -1.48405 2.01092 0.320386 0 5.77894 1.10239 -1.06427 1.83524 -0.159887 -1.0557e-17 6.16289 0.118334 -0.645755 2.21463 0.0675977 -1.13649e-17 6.69386 -0.456341 -0.277625 2.60558 0.111585 -2.02997e-17 7.82529 -1.54945 0.133883 2.24089 0.169906 -2.60628e-17 9.77186 -0.940923 0.517298 1.65872 0.0655028 -2.98794e-17 10.8563 1.62248 0.175338 0.779392 0.104985 -1.32927e-17 4.92478 0.736013 0.733155 17.1478 0.88898 -1.86396e-17 4.96043 0.433981 3.41762 0.888092 0.444974 -2.06766e-17 4.97002 0.787173 -1.10682 2.14573 1.07132 1.26863 -7.82717 7.75148 33.0262 -2.90577 14.9258 13.3291 3.34342 -3.36319 -51.3675 -36.701 -14.472 30.0522 0.0615366 0.141 12.0268 -11.5726 -88.3719 24.9344 0.0510561 0.116988 -0.287718 -47.0808 -3.64035 -1.26863 -7.82715 7.75138 -34.3406 -2.36617 -16.3638 -13.3291 3.34342 -3.36319 33.1825 -56.3966 9.18613 -30.0522 0.0615366 0.141 -11.9352 -10.4576 82.9944 -24.9344 0.0510559 0.116988 2.15197 -38.9264 0.914708 9.50369 -4.32711 2.09145 16.4736 -10.0719 -29.0657 -0.876987 -39.8926 -0.674123 -10.709 35.3457 2.77965 -2.39345 -41.5694 -6.22357 -14.5204 -16.2428 17.3492 0.801613 -10.1701 12.8571 2.36964e-17 -7.95187e-16 1.2472e-17 -9.50369 -4.32711 2.09145 0.170358 -3.06068 30.2393 0.876987 -39.8926 -0.674123 10.7901 35.5516 -2.82308 2.39345 -41.5694 -6.22357 -0.515975 -20.3808 -16.7899 -0.801613 -10.1701 12.8571 -9.93539e-16 -5.4667e-16 -1.27222e-14 
8.10202 86.7562 -88.7282 -1.22202 -10.0361 -1.44225 0 5.22546 -1.18466 -1.33151 2.13618 0.365413 0 5.77894 1.10239 -0.939853 2.05176 -0.0853025 -1.0557e-17 6.16289 0.118334 -0.557279 2.62452 0.177026 -1.13649e-17 6.69386 -0.456341 -0.225706 3.20844 0.239134 -2.02997e-17 7.82529 -1.54945 0.167517 2.97027 0.298964 -2.60628e-17 9.77186 -0.940923 0.55805 2.57632 0.159892 -2.98794e-17 10.8563 1.62248 0.178595 0.790019 0.115817 -1.32927e-17 4.92478 0.736013 0.809461 17.7363 0.0292051 -1.86396e-17 4.96043 0.433981 3.50972 0.999319 0.0644317 -2.06766e-17 4.97002 0.787173 -1.33487 4.16546 1.83591 1.26863 -7.82717 7.75148 32.8395 -3.75944 15.5566 13.3291 3.34342 -3.36319 -56.3864 -36.4187 -23.1656 30.0522 0.0615366 0.141 12.024 -12.4446 -92.5777 24.9344 0.0510561 0.116988 -1.24178 -42.2061 -3.54497 -1.26863 -7.82715 7.75138 -34.0612 -2.85239 -16.887 -13.3291 3.34342 -3.36319 36.453 -58.4473 16.6805 -30.0522 0.0615366 0.141 -12.0258 -11.5437 88.2327 -24.9344 0.0510559 0.116988 1.39067 -38.3683 1.83523 9.50369 -4.32711 2.09145 16.5781 -6.79064 -30.0653 -0.876987 -39.8926 -0.674123 -11.8688 38.188 3.42366 -2.39345 -41.5694 -6.22357 -14.3593 -18.3685 17.1463 0.801613 -10.1701 12.8571 2.48481e-17 -7.95139e-16 1.2424e-17 -9.50369 -4.32711 2.09145 0.488662 0.0746571 29.2177 0.876987 -39.8926 -0.674123 12.4235 39.4731 -3.74868 2.39345 -41.5694 -6.22357 -2.3873 -23.0812 -17.0804 -0.801613 -10.1701 12.8571 -1.3911e-15 -5.34246e-16 -1.27098e-14 
8.05207 85.5856 -88.2727 -1.34863 -8.08065 -1.90114 0 5.22546 -1.18466 -0.92255 -0.138425 0.431015 0 5.77894 1.10239 -0.635575 0.504635 0.0648462 -1.0557e-17 6.16289 0.118334 -0.344099 2.03319 0.337059 -1.13649e-17 6.69386 -0.456341 -0.12634 4.1742 0.407042 -2.02997e-17 7.82529 -1.54945 0.169928 4.93472 0.444685 -2.60628e-17 9.77186 -0.940923 0.501273 5.19863 0.301196 -2.98794e-17 10.8563 1.62248 0.192282 0.473664 0.0967432 -1.32927e-17 4.92478 0.736013 0.71282 18.5673 -0.370873 -1.86396e-17 4.96043 0.433981 3.24349 1.35217 -0.119495 -2.06766e-17 4.97002 0.787173 -1.64937 0.862175 2.13823 1.26863 -7.82717 7.75148 31.7938 -5.25644 16.6733 13.3291 3.34342 -3.36319 -58.7706 -36.755 -29.1741 30.0522 0.0615366 0.141 11.9029 -13.7051 -98.7113 24.9344 0.0510561 0.116988 0.591625 -40.0545 -1.75158 -1.26863 -7.82715 7.75138 -32.9877 -4.12196 -17.566 -13.3291 3.34342 -3.36319 40.3613 -60.6589 26.3148 -30.0522 0.0615366 0.141 -12.0185 -12.566 93.1645 -24.9344 0.0510559 0.116988 -1.38118 -37.0311 0.403709 9.50369 -4.32711 2.09145 17.1163 -9.40785 -28.3586 -0.876987 -39.8926 -0.674123 -12.9035 40.5471 4.03814 -2.39345 -41.5694 -6.22357 -14.1256 -20.9005 16.5965 0.801613 -10.1701 12.8571 4.22029e-16 -7.82727e-16 1.21447e-20 -9.50369 -4.32711 2.09145 0.705268 -2.82082 28.6907 0.876987 -39.8926 -0.674123 13.5512 41.9425 -4.44028 2.39345 -41.5694 -6.22357 -4.47584 -26.0806 -17.7912 -0.801613 -10.1701 12.8571 -9.94312e-16 -5.46646e-16 -1.27222e-14 
7.6957 84.9339 -87.9172 -1.01315 -4.13022 -2.6441 0 5.22546 -1.18466 -0.945125 -2.72404 0.521855 0 5.77894 1.10239 -0.718422 -1.50842 0.181461 -1.0557e-17 6.16289 0.118334 -0.439315 0.935521 0.437174 -1.13649e-17 6.69386 -0.456341 -0.250131 4.58273 0.497384 -2.02997e-17 7.82529 -1.54945 0.0401517 6.28653 0.542026 -2.60628e-17 9.77186 -0.940923 0.386402 7.17829 0.414156 -2.98794e-17 10.8563 1.62248 0.216503 0.173341 0.0299628 -1.32927e-17 4.92478 0.736013 0.614933 18.9685 -0.416573 -1.86396e-17 4.96043 0.433981 3.47596 0.643514 -0.137165 -2.06766e-17 4.97002 0.787173 -1.47366 -1.90786 2.81442 1.26863 -7.82717 7.75148 30.5797 -6.35314 16.8535 13.3291 3.34342 -3.36319 -58.334 -38.6751 -32.9608 30.0522 0.0615366 0.141 11.6962 -14.738 -103.836 24.9344 0.0510561 0.116988 1.1961 -39.5416 0.449973 -1.26863 -7.82715 7.75138 -31.6515 -5.19942 -17.8287 -13.3291 3.34342 -3.36319 45.6726 -61.9803 35.5537 -30.0522 0.0615366 0.141 -11.9449 -13.4024 97.2286 -24.9344 0.0510559 0.116988 -2.10677 -33.7634 -2.489 9.50369 -4.32711 2.09145 18.4846 -12.9892 -23.9044 -0.876987 -39.8926 -0.674123 -12.9992 40.7571 4.09671 -2.39345 -41.5694 -6.22357 -14.749 -21.1873 15.9657 0.801613 -10.1701 12.8571 2.8055e-15 -6.71008e-16 -1.11707e-16 -9.50369 -4.32711 2.09145 0.358975 -7.37196 28.4272 0.876987 -39.8926 -0.674123 13.9519 42.7752 -4.69532 2.39345 -41.5694 -6.22357 -5.28411 -29.3926 -18.3653 -0.801613 -10.1701 12.8571 -9.93923e-16 -5.46658e-16 -1.27222e-14 
7.43724 84.8049 -87.6298 -0.0991641 -4.72753 -3.09161 0 5.22546 -1.18466 -1.21433 -3.72143 0.623218 0 5.77894 1.10239 -0.997793 -2.28825 0.258824 -1.0557e-17 6.16289 0.118334 -0.689123 0.47411 0.490906 -1.13649e-17 6.69386 -0.456341 -0.471547 4.57789 0.537445 -2.02997e-17 7.82529 -1.54945 -0.112617 6.55844 0.613697 -2.60628e-17 9.77186 -0.940923 0.314788 7.63076 0.508624 -2.98794e-17 10.8563 1.62248 0.202274 0.0690372 0.014962 -1.32927e-17 4.92478 0.736013 0.498294 18.6372 -0.471899 -1.86396e-17 4.96043 0.433981 3.40049 0.164817 -0.179584 -2.06766e-17 4.97002 0.787173 -0.830297 -0.707973 3.11475 1.26863 -7.82717 7.75148 29.8969 -6.50707 15.9854 13.3291 3.34342 -3.36319 -55.6789 -39.9137 -33.6312 30.0522 0.0615366 0.141 11.6204 -15.0261 -105.289 24.9344 0.0510561 0.116988 0.731002 -40.9712 1.63469 -1.26863 -7.82715 7.75138 -30.6421 -5.64365 -17.2952 -13.3291 3.34342 -3.36319 45.8694 -61.3078 39.0162 -30.0522 0.0615366 0.141 -11.9803 -13.0831 95.6725 -24.9344 0.0510559 0.116988 -0.366962 -33.4157 -2.43221 9.50369 -4.32711 2.09145 19.1697 -9.95001 -20.553 -0.876987 -39.8926 -0.674123 -11.2734 36.7557 3.08688 -2.39345 -41.5694 -6.22357 -16.1837 -17.0917 16.2617 0.801613 -10.1701 12.8571 -2.35552e-15 -8.94312e-16 1.11598e-16 -9.50369 -4.32711 2.09145 -0.691668 -7.22198 28.7139 0.876987 -39.8926 -0.674123 14.0451 42.9659 -4.75537 2.39345 -41.5694 -6.22357 -4.8959 -30.4508 -18.2796 -0.801613 -10.1701 12.8571 1.97619e-16 -5.96305e-16 -1.27719e-14 
6.94119 85.3171 -87.2777 0.410509 -5.52823 -3.13876 0 5.22546 -1.18466 -1.40809 -4.77425 0.684033 0 5.77894 1.10239 -1.18969 -3.03092 0.267963 -1.0557e-17 6.16289 0.118334 -0.854323 0.232115 0.472866 -1.13649e-17 6.69386 -0.456341 -0.609396 5.04577 0.502751 -2.02997e-17 7.82529 -1.54945 -0.221364 7.54668 0.609632 -2.60628e-17 9.77186 -0.940923 0.240456 8.8855 0.537104 -2.98794e-17 10.8563 1.62248 0.175687 -0.114733 -0.0148788 -1.32927e-17 4.92478 0.736013 0.370245 18.7077 -0.236337 -1.86396e-17 4.96043 0.433981 3.15302 -0.610575 -0.0977955 -2.06766e-17 4.97002 0.787173 -0.314183 -1.03835 3.02486 1.26863 -7.82717 7.75148 29.2147 -7.10233 15.5706 13.3291 3.34342 -3.36319 -53.8127 -41.7496 -35.3345 30.0522 0.0615366 0.141 11.7179 -14.6493 -103.391 24.9344 0.0510561 0.116988 0.659578 -42.1652 3.2601 -1.26863 -7.82715 7.75138 -29.602 -6.55588 -16.9882 -13.3291 3.34342 -3.36319 47.7277 -59.7444 43.4332 -30.0522 0.0615366 0.141 -12.0336 -11.9109 90.002 -24.9344 0.0510559 0.116988 2.03667 -31.084 -0.590574 9.50369 -4.32711 2.09145 18.8561 -9.49194 -20.6522 -0.876987 -39.8926 -0.674123 -11.5936 37.533 3.26642 -2.39345 -41.5694 -6.22357 -15.7638 -17.7151 16.1225 0.801613 -10.1701 12.8571 -1.56621e-15 -8.69707e-16 8.69926e-17 -9.50369 -4.32711 2.09145 -0.905909 -7.36597 28.8948 0.876987 -39.8926 -0.674123 14.3997 43.6796 -4.98586 2.39345 -41.5694 -6.22357 -4.65492 -28.2346 -18.0304 -0.801613 -10.1701 12.8571 5.95965e-16 -6.21178e-16 -1.27967e-14 
6.52497 86.5057 -87.2336 0.265614 -4.16878 -3.16609 0 5.22546 -1.18466 -1.41779 -6.05772 0.681757 0 5.77894 1.10239 -1.20293 -4.03618 0.255111 -1.0557e-17 6.16289 0.118334 -0.873329 -0.191245 0.448138 -1.13649e-17 6.69386 -0.456341 -0.637542 5.46311 0.474953 -2.02997e-17 7.82529 -1.54945 -0.271326 8.5791 0.58428 -2.60628e-17 9.77186 -0.940923 0.167325 10.2573 0.531044 -2.98794e-17 10.8563 1.62248 0.158944 -0.294944 -0.0382643 -1.32927e-17 4.92478 0.736013 0.234143 19.1975 0.485097 -1.86396e-17 4.96043 0.433981 2.97599 -0.449651 0.212325 -2.06766e-17 4.97002 0.787173 0.0947523 -2.98457 2.36929 1.26863 -7.82717 7.75148 28.0754 -8.03309 15.5579 13.3291 3.34342 -3.36319 -52.6894 -42.7086 -37.7516 30.0522 0.0615366 0.141 11.8985 -13.7335 -98.8509 24.9344 0.0510561 0.116988 0.965672 -42.4949 4.29965 -1.26863 -7.82715 7.75138 -28.56 -7.34117 -16.6174 -13.3291 3.34342 -3.36319 44.969 -58.0697 41.6343 -30.0522 0.0615366 0.141 -11.9444 -10.5296 83.3428 -24.9344 0.0510559 0.116988 1.43902 -29.902 0.740133 9.50369 -4.32711 2.09145 18.6427 -9.80111 -21.5561 -0.876987 -39.8926 -0.674123 -10.6384 35.1657 2.74208 -2.39345 -41.5694 -6.22357 -15.4159 -14.803 17.0195 0.801613 -10.1701 12.8571 2.32936e-17 -7.95212e-16 1.24969e-17 -9.50369 -4.32711 2.09145 -0.593271 -8.49247 29.1013 0.876987 -39.8926 -0.674123 13.5723 41.9869 -4.45358 2.39345 -41.5694 -6.22357 -3.55801 -25.7394 -17.7911 -0.801613 -10.1701 12.8571 -1.98007e-16 -5.83966e-16 -1.27595e-14 
6.28543 88.2449 -87.7328 0.00318889 -3.73387 -3.0579 0 5.22546 -1.18466 -1.45999 -6.64356 0.61554 0 5.77894 1.10239 -1.2273 -4.47395 0.194262 -1.0557e-17 6.16289 0.118334 -0.901271 -0.332468 0.372844 -1.13649e-17 6.69386 -0.456341 -0.663351 5.67463 0.399018 -2.02997e-17 7.82529 -1.54945 -0.314079 9.07547 0.503972 -2.60628e-17 9.77186 -0.940923 0.0914865 10.9072 0.46988 -2.98794e-17 10.8563 1.62248 0.14044 -0.406993 -0.0389186 -1.32927e-17 4.92478 0.736013 0.204233 18.9009 0.903829 -1.86396e-17 4.96043 0.433981 2.86175 -0.963201 0.379927 -2.06766e-17 4.97002 0.787173 0.517938 -2.97889 2.31229 1.26863 -7.82717 7.75148 26.3352 -8.77852 14.7842 13.3291 3.34342 -3.36319 -50.4439 -42.7418 -39.0666 30.0522 0.0615366 0.141 12.0277 -12.3439 -92.0908 24.9344 0.0510561 0.116988 1.39455 -42.2164 4.68969 -1.26863 -7.82715 7.75138 -27.5123 -7.83072 -15.5924 -13.3291 3.34342 -3.36319 38.9931 -55.9199 35.4078 -30.0522 0.0615366 0.141 -11.6821 -9.11973 76.4728 -24.9344 0.0510559 0.116988 0.315012 -31.4133 1.63549 9.50369 -4.32711 2.09145 18.4687 -8.96071 -22.3392 -0.876987 -39.8926 -0.674123 -9.28464 31.5579 2.06101 -2.39345 -41.5694 -6.22357 -15.1767 -11.1267 17.7302 0.801613 -10.1701 12.8571 -1.16669e-15 -8.44786e-16 6.20716e-17 -9.50369 -4.32711 2.09145 -0.712567 -8.01861 28.7275 0.876987 -39.8926 -0.674123 11.9277 38.3268 -3.4577 2.39345 -41.5694 -6.22357 -1.81111 -22.349 -17.4205 -0.801613 -10.1701 12.8571 -1.98785e-16 -5.8393e-16 -1.27595e-14 
6.24762 90.4276 -88.5974 -0.186652 -4.62813 -2.69736 0 5.22546 -1.18466 -1.4406 -6.8845 0.57948 0 5.77894 1.10239 -1.20554 -4.5579 0.190199 -1.0557e-17 6.16289 0.118334 -0.912379 -0.183147 0.350121 -1.13649e-17 6.69386 -0.456341 -0.70034 6.0277 0.378339 -2.02997e-17 7.82529 -1.54945 -0.377128 9.6438 0.476547 -2.60628e-17 9.77186 -0.940923 -0.0105487 11.5569 0.471188 -2.98794e-17 10.8563 1.62248 0.11544 -0.517037 -0.0307216 -1.32927e-17 4.92478 0.736013 0.162266 18.3155 1.115 -1.86396e-17 4.96043 0.433981 2.50568 -1.36987 0.43926 -2.06766e-17 4.97002 0.787173 1.35568 -2.36664 1.97174 1.26863 -7.82717 7.75148 23.9721 -9.55309 13.453 13.3291 3.34342 -3.36319 -46.9546 -42.409 -39.0947 30.0522 0.0615366 0.141 11.9562 -10.6289 -83.8229 24.9344 0.0510561 0.116988 2.03142 -42.568 4.30704 -1.26863 -7.82715 7.75138 -26.2037 -8.39384 -14.0381 -13.3291 3.34342 -3.36319 33.5739 -53.3534 28.7321 -30.0522 0.0615366 0.141 -11.3071 -7.89727 70.3664 -24.9344 0.0510559 0.116988 0.0147901 -32.9833 1.94046 9.50369 -4.32711 2.09145 18.1648 -6.2902 -23.2619 -0.876987 -39.8926 -0.674123 -7.44224 26.1654 1.26562 -2.39345 -41.5694 -6.22357 -15.6258 -5.61216 18.8279 0.801613 -10.1701 12.8571 1.06979e-14 4.46002e-16 -1.25354e-15 -9.50369 -4.32711 2.09145 -1.27413 -5.43815 28.049 0.876987 -39.8926 -0.674123 9.80263 32.9739 -2.31257 2.39345 -41.5694 -6.22357 0.261942 -17.582 -17.0609 -0.801613 -10.1701 12.8571 -5.95965e-16 -5.59106e-16 -1.27471e-14 
6.54754 92.8728 -89.7695 -0.343139 -5.46648 -2.47476 0 5.22546 -1.18466 -1.37446 -7.04181 0.550343 0 5.77894 1.10239 -1.15067 -4.53732 0.211405 -1.0557e-17 6.16289 0.118334 -0.897427 0.0882085 0.352031 -1.13649e-17 6.69386 -0.456341 -0.714203 6.53837 0.383293 -2.02997e-17 7.82529 -1.54945 -0.418965 10.4151 0.471441 -2.60628e-17 9.77186 -0.940923 -0.0942212 12.4172 0.486603 -2.98794e-17 10.8563 1.62248 0.0894841 -0.637138 -0.0258144 -1.32927e-17 4.92478 0.736013 0.135822 17.8501 1.17391 -1.86396e-17 4.96043 0.433981 2.30506 -1.46315 0.435694 -2.06766e-17 4.97002 0.787173 1.78751 -2.06521 1.89174 1.26863 -7.82717 7.75148 21.4595 -10.3838 11.9982 13.3291 3.34342 -3.36319 -43.7423 -42.1983 -38.9809 30.0522 0.0615366 0.141 11.5976 -8.8 -74.8936 24.9344 0.0510561 0.116988 2.83386 -42.8462 3.97905 -1.26863 -7.82715 7.75138 -24.5621 -9.09649 -12.4085 -13.3291 3.34342 -3.36319 30.5824 -51.3126 23.8102 -30.0522 0.0615366 0.141 -10.9401 -7.00659 65.7741 -24.9344 0.0510559 0.116988 0.0122213 -33.552 0.847116 9.50369 -4.32711 2.09145 17.9144 -3.32918 -23.2073 -0.876987 -39.8926 -0.674123 -5.48457 19.8526 0.609986 -2.39345 -41.5694 -6.22357 -16.3364 1.66627 20.5104 0.801613 -10.1701 12.8571 1.26954e-14 5.34149e-16 -1.34171e-15 -9.50369 -4.32711 2.09145 -2.0198 -2.84631 27.2362 0.876987 -39.8926 -0.674123 7.75553 27.1212 -1.38932 2.39345 -41.5694 -6.22357 3.04748 -11.1291 -16.9836 -0.801613 -10.1701 12.8571 -5.96354e-16 -5.59082e-16 -1.27471e-14 
7.37441 95.4341 -91.3248 -0.349141 -4.90128 -2.33591 0 5.22546 -1.18466 -1.23352 -7.2298 0.5077 0 5.77894 1.10239 -1.04881 -4.59081 0.241876 -1.0557e-17 6.16289 0.118334 -0.849376 0.213206 0.360775 -1.13649e-17 6.69386 -0.456341 -0.705742 6.86861 0.394104 -2.02997e-17 7.82529 -1.54945 -0.449166 10.934 0.466973 -2.60628e-17 9.77186 -0.940923 -0.180129 13.0037 0.496769 -2.98794e-17 10.8563 1.62248 0.0652717 -0.737598 -0.0135625 -1.32927e-17 4.92478 0.736013 0.0627144 17.2993 1.31771 -1.86396e-17 4.96043 0.433981 2.1981 -1.28641 0.489807 -2.06766e-17 4.97002 0.787173 1.94069 -2.07699 1.59196 1.26863 -7.82717 7.75148 18.9152 -10.9351 10.4821 13.3291 3.34342 -3.36319 -41.1613 -41.9616 -38.2561 30.0522 0.0615366 0.141 10.9841 -7.10377 -66.2836 24.9344 0.0510561 0.116988 3.63886 -43.1933 3.51984 -1.26863 -7.82715 7.75138 -22.6307 -9.5715 -10.7521 -13.3291 3.34342 -3.36319 28.1974 -49.3087 19.2639 -30.0522 0.0615366 0.141 -10.5428 -6.21933 61.5733 -24.9344 0.0510559 0.116988 -0.295885 -33.6002 -0.452216 9.50369 -4.32711 2.09145 17.525 -2.04479 -21.6266 -0.876987 -39.8926 -0.674123 -3.66577 13.5265 0.197561 -2.39345 -41.5694 -6.22357 -17.8247 11.1981 22.8292 0.801613 -10.1701 12.8571 1.34917e-14 5.71469e-16 -1.37903e-15 -9.50369 -4.32711 2.09145 -3.0303 -2.00536 25.5399 0.876987 -39.8926 -0.674123 5.96984 21.4698 -0.752904 2.39345 -41.5694 -6.22357 5.97782 -2.97134 -17.3992 -0.801613 -10.1701 12.8571 -1.39072e-15 -5.34258e-16 -1.27098e-14 
8.4054 97.9483 -93.4915 -0.226164 -2.49694 -2.30995 0 5.22546 -1.18466 -1.01161 -7.69414 0.447704 0 5.77894 1.10239 -0.888048 -4.93206 0.277373 -1.0557e-17 6.16289 0.118334 -0.753146 0.0682255 0.374566 -1.13649e-17 6.69386 -0.456341 -0.662092 7.01348 0.410193 -2.02997e-17 7.82529 -1.54945 -0.454422 11.2928 0.461849 -2.60628e-17 9.77186 -0.940923 -0.254948 13.4778 0.493589 -2.98794e-17 10.8563 1.62248 0.0449505 -0.844046 -0.00100844 -1.32927e-17 4.92478 0.736013 0.0381442 16.3472 1.25727 -1.86396e-17 4.96043 0.433981 2.31859 -1.13659 0.463025 -2.06766e-17 4.97002 0.787173 1.62479 -2.40514 1.33231 1.26863 -7.82717 7.75148 16.0494 -11.2572 8.98213 13.3291 3.34342 -3.36319 -38.9492 -41.9182 -37.1805 30.0522 0.0615366 0.141 10.2095 -5.6518 -58.4401 24.9344 0.0510561 0.116988 4.66387 -43.891 3.48705 -1.26863 -7.82715 7.75138 -20.1654 -9.84849 -9.15786 -13.3291 3.34342 -3.36319 26.4193 -47.6947 15.4747 -30.0522 0.0615366 0.141 -10.0965 -5.47417 57.4361 -24.9344 0.0510559 0.116988 -1.15399 -33.7092 -1.14068 9.50369 -4.32711 2.09145 17.0933 -3.89136 -18.137 -0.876987 -39.8926 -0.674123 -2.55784 9.50882 0.0463968 -2.39345 -41.5694 -6.22357 -18.6958 17.8911 24.0581 0.801613 -10.1701 12.8571 -1.21753e-14 -2.10946e-15 1.35155e-15 -9.50369 -4.32711 2.09145 -3.94402 -3.28809 23.5704 0.876987 -39.8926 -0.674123 4.28869 15.736 -0.31632 2.39345 -41.5694 -6.22357 8.45004 6.5073 -18.1261 -0.801613 -10.1701 12.8571 -5.76048e-15 -3.35643e-16 -1.25236e-14 
9.14827 100.484 -95.4286 -0.233657 1.03467 -2.49527 0 5.22546 -1.18466 -0.720888 -8.24416 0.377195 0 5.77894 1.10239 -0.673127 -5.40127 0.316264 -1.0557e-17 6.16289 0.118334 -0.614773 -0.265161 0.389013 -1.13649e-17 6.69386 -0.456341 -0.588697 6.93561 0.427808 -2.02997e-17 7.82529 -1.54945 -0.440719 11.3737 0.458316 -2.60628e-17 9.77186 -0.940923 -0.323195 13.6723 0.485792 -2.98794e-17 10.8563 1.62248 0.0174207 -0.915925 0.0162487 -1.32927e-17 4.92478 0.736013 0.00213787 14.5628 1.06316 -1.86396e-17 4.96043 0.433981 2.34659 -1.18424 0.374925 -2.06766e-17 4.97002 0.787173 1.31874 -2.39705 1.19403 1.26863 -7.82717 7.75148 13.109 -11.2002 7.49089 13.3291 3.34342 -3.36319 -36.419 -41.7409 -35.2121 30.0522 0.0615366 0.141 9.33312 -4.4256 -51.2557 24.9344 0.0510561 0.116988 5.47107 -45.3694 3.59203 -1.26863 -7.82715 7.75138 -17.2324 -9.74294 -7.58073 -13.3291 3.34342 -3.36319 24.5343 -45.6784 11.6626 -30.0522 0.0615366 0.141 -9.5962 -4.76079 53.2847 -24.9344 0.0510559 0.116988 -1.77122 -35.1212 -0.986881 9.50369 -4.32711 2.09145 17.226 -8.22655 -12.6461 -0.876987 -39.8926 -0.674123 -2.69031 9.99417 0.0603598 -2.39345 -41.5694 -6.22357 -16.5668 12.2417 21.2806 0.801613 -10.1701 12.8571 -2.76737e-15 -9.20545e-16 1.37855e-16 -9.50369 -4.32711 2.09145 -4.30897 -6.87731 22.1711 0.876987 -39.8926 -0.674123 3.30948 12.2456 -0.140475 2.39345 -41.5694 -6.22357 9.56653 12.5729 -18.4336 -0.801613 -10.1701 12.8571 2.17886e-15 -6.82982e-16 -1.28586e-14 
9.58192 102.991 -96.4148 -0.397427 4.99156 -2.63604 0 5.22546 -1.18466 -0.411763 -8.81336 0.305982 0 5.77894 1.10239 -0.437023 -5.92085 0.345652 -1.0557e-17 6.16289 0.118334 -0.45456 -0.695915 0.392837 -1.13649e-17 6.69386 -0.456341 -0.491558 6.74999 0.434399 -2.02997e-17 7.82529 -1.54945 -0.406162 11.3176 0.450242 -2.60628e-17 9.77186 -0.940923 -0.371773 13.7204 0.472328 -2.98794e-17 10.8563 1.62248 -0.0131008 -0.946858 0.033431 -1.32927e-17 4.92478 0.736013 -0.0769542 12.1682 0.972126 -1.86396e-17 4.96043 0.433981 2.15504 -1.21858 0.335172 -2.06766e-17 4.97002 0.787173 1.08986 -1.66361 0.978661 1.26863 -7.82717 7.75148 10.3146 -10.7592 6.06539 13.3291 3.34342 -3.36319 -33.2033 -40.4899 -32.2248 30.0522 0.0615366 0.141 8.40293 -3.40687 -44.672 24.9344 0.0510561 0.116988 6.01831 -48.5138 3.64368 -1.26863 -7.82715 7.75138 -13.9817 -9.35986 -6.0952 -13.3291 3.34342 -3.36319 23.1638 -43.4294 8.41799 -30.0522 0.0615366 0.141 -9.03295 -4.07057 49.0374 -24.9344 0.0510559 0.116988 -1.6344 -37.2276 -0.190869 9.50369 -4.32711 2.09145 17.5237 -12.6989 -6.31107 -0.876987 -39.8926 -0.674123 -2.74555 10.1962 0.0665146 -2.39345 -41.5694 -6.22357 -14.4481 6.97134 18.9739 0.801613 -10.1701 12.8571 3.59668e-15 -6.46321e-16 -1.36394e-16 -9.50369 -4.32711 2.09145 -3.95483 -12.4454 22.206 0.876987 -39.8926 -0.674123 3.58119 13.2235 -0.183289 2.39345 -41.5694 -6.22357 6.71317 6.48713 -17.2236 -0.801613 -10.1701 12.8571 -5.35971e-15 -3.60617e-16 -1.25362e-14 
10.0227 105.234 -96.9565 -0.820168 8.35502 -2.39807 0 5.22546 -1.18466 -0.180747 -9.12874 0.252941 0 5.77894 1.10239 -0.266675 -6.23071 0.358805 -1.0557e-17 6.16289 0.118334 -0.341333 -1.01069 0.381655 -1.13649e-17 6.69386 -0.456341 -0.418872 6.58828 0.422679 -2.02997e-17 7.82529 -1.54945 -0.385807 11.2223 0.436362 -2.60628e-17 9.77186 -0.940923 -0.417251 13.6794 0.461969 -2.98794e-17 10.8563 1.62248 -0.0390366 -0.940216 0.045056 -1.32927e-17 4.92478 0.736013 -0.187627 9.63982 1.18212 -1.86396e-17 4.96043 0.433981 1.75118 -1.48347 0.44414 -2.06766e-17 4.97002 0.787173 1.50418 -0.254698 0.381596 1.26863 -7.82717 7.75148 7.66911 -10.0234 4.63191 13.3291 3.34342 -3.36319 -29.7602 -38.1118 -28.9675 30.0522 0.0615366 0.141 7.37515 -2.51094 -38.1532 24.9344 0.0510561 0.116988 5.58283 -53.3083 2.59018 -1.26863 -7.82715 7.75138 -10.6216 -8.82095 -4.67632 -13.3291 3.34342 -3.36319 22.8217 -41.0961 6.43248 -30.0522 0.0615366 0.141 -8.32147 -3.32789 44.1285 -24.9344 0.0510559 0.116988 -0.963008 -40.1347 0.761197 9.50369 -4.32711 2.09145 17.4065 -16.7836 -2.57316 -0.876987 -39.8926 -0.674123 -2.7944 10.3747 0.07212 -2.39345 -41.5694 -6.22357 -13.3731 5.69938 18.2315 0.801613 -10.1701 12.8571 1.21992e-15 -7.45344e-16 -3.73705e-17 -9.50369 -4.32711 2.09145 -3.05814 -17.2654 22.0163 0.876987 -39.8926 -0.674123 3.82574 14.0977 -0.225771 2.39345 -41.5694 -6.22357 4.70697 1.6568 -16.5576 -0.801613 -10.1701 12.8571 -1.7926e-15 -5.09238e-16 -1.26972e-14 
10.4686 107.083 -97.4559 -1.23441 10.2133 -1.86304 0 5.22546 -1.18466 -0.0518008 -8.9742 0.264901 0 5.77894 1.10239 -0.186903 -6.08558 0.398819 -1.0557e-17 6.16289 0.118334 -0.293838 -0.97119 0.399463 -1.13649e-17 6.69386 -0.456341 -0.388605 6.58975 0.435953 -2.02997e-17 7.82529 -1.54945 -0.377527 11.1943 0.456689 -2.60628e-17 9.77186 -0.940923 -0.425376 13.6187 0.484379 -2.98794e-17 10.8563 1.62248 -0.0538958 -0.914232 0.0508513 -1.32927e-17 4.92478 0.736013 -0.179964 7.04874 1.54394 -1.86396e-17 4.96043 0.433981 1.46908 -2.22063 0.641931 -2.06766e-17 4.97002 0.787173 2.27585 0.952199 -0.839017 1.26863 -7.82717 7.75148 4.90671 -9.05164 3.00486 13.3291 3.34342 -3.36319 -26.092 -34.8838 -26.0959 30.0522 0.0615366 0.141 6.19445 -1.70217 -31.2961 24.9344 0.0510561 0.116988 3.49853 -59.5405 -0.324405 -1.26863 -7.82715 7.75138 -7.37597 -8.12015 -3.28347 -13.3291 3.34342 -3.36319 23.1373 -38.6329 5.50662 -30.0522 0.0615366 0.141 -7.39426 -2.52565 38.2669 -24.9344 0.0510559 0.116988 0.234876 -44.5145 1.9322 9.50369 -4.32711 2.09145 16.2069 -19.442 -2.88121 -0.876987 -39.8926 -0.674123 -2.78226 10.3303 0.0707125 -2.39345 -41.5694 -6.22357 -12.4525 5.82228 18.0637 0.801613 -10.1701 12.8571 2.01191e-15 -7.08207e-16 -7.45074e-17 -9.50369 -4.32711 2.09145 -2.00591 -19.8179 21.2423 0.876987 -39.8926 -0.674123 3.79888 14.002 -0.220924 2.39345 -41.5694 -6.22357 3.79396 1.09737 -16.1993 -0.801613 -10.1701 12.8571 1.96818e-16 -5.96268e-16 -1.27718e-14 
10.8682 108.484 -97.7982 -1.53368 10.9698 -1.55622 0 5.22546 -1.18466 0.0557825 -8.35097 0.314455 0 5.77894 1.10239 -0.121085 -5.49176 0.451083 -1.0557e-17 6.16289 0.118334 -0.244294 -0.585277 0.434133 -1.13649e-17 6.69386 -0.456341 -0.340621 6.73429 0.464171 -2.02997e-17 7.82529 -1.54945 -0.328573 11.1969 0.490018 -2.60628e-17 9.77186 -0.940923 -0.35294 13.5031 0.508391 -2.98794e-17 10.8563 1.62248 -0.059947 -0.882614 0.0507613 -1.32927e-17 4.92478 0.736013 -0.025969 4.78793 1.81264 -1.86396e-17 4.96043 0.433981 1.45461 -2.95843 0.810965 -2.06766e-17 4.97002 0.787173 2.39623 1.26764 -1.92064 1.26863 -7.82717 7.75148 2.30366 -7.86963 1.23643 13.3291 3.34342 -3.36319 -22.9876 -30.849 -23.8213 30.0522 0.0615366 0.141 5.00009 -1.07369 -24.8165 24.9344 0.0510561 0.116988 0.366934 -66.5476 -4.14957 -1.26863 -7.82715 7.75138 -4.40954 -7.30475 -1.84898 -13.3291 3.34342 -3.36319 24.2444 -36.413 5.67042 -30.0522 0.0615366 0.141 -6.38225 -1.81716 32.3499 -24.9344 0.0510559 0.116988 2.20076 -49.9871 3.68491 9.50369 -4.32711 2.09145 14.3244 -20.8301 -5.15498 -0.876987 -39.8926 -0.674123 -2.75296 10.2233 0.0673552 -2.39345 -41.5694 -6.22357 -11.2049 5.90247 17.7921 0.801613 -10.1701 12.8571 2.40987e-15 -6.95759e-16 -8.6956e-17 -9.50369 -4.32711 2.09145 -0.583307 -20.8544 21.206 0.876987 -39.8926 -0.674123 3.68265 13.5869 -0.200461 2.39345 -41.5694 -6.22357 2.86851 2.65105 -15.8388 -0.801613 -10.1701 12.8571 1.98785e-16 -5.96354e-16 -1.27719e-14 
11.2058 109.332 -97.8458 -1.79461 11.3067 -1.69308 0 5.22546 -1.18466 0.184095 -7.18522 0.394833 0 5.77894 1.10239 -0.0341521 -4.465 0.52032 -1.0557e-17 6.16289 0.118334 -0.172703 -0.0194992 0.492455 -1.13649e-17 6.69386 -0.456341 -0.272398 6.68699 0.516188 -2.02997e-17 7.82529 -1.54945 -0.249826 10.7139 0.542605 -2.60628e-17 9.77186 -0.940923 -0.226973 12.7878 0.542301 -2.98794e-17 10.8563 1.62248 -0.0652485 -0.801992 0.0591329 -1.32927e-17 4.92478 0.736013 0.175 2.20005 2.02519 -1.86396e-17 4.96043 0.433981 1.43238 -2.88969 0.95363 -2.06766e-17 4.97002 0.787173 2.06449 2.08146 -2.70654 1.26863 -7.82717 7.75148 -0.0139184 -6.19078 -0.673738 13.3291 3.34342 -3.36319 -20.4933 -25.5951 -21.3341 30.0522 0.0615366 0.141 3.9427 -0.651176 -19.3414 24.9344 0.0510561 0.116988 -6.35004 -74.3016 -11.0778 -1.26863 -7.82715 7.75138 -1.55534 -5.97886 -0.197648 -13.3291 3.34342 -3.36319 25.6783 -33.6141 6.21004 -30.0522 0.0615366 0.141 -5.42148 -1.27576 27.059 -24.9344 0.0510559 0.116988 4.89417 -56.5163 6.33217 9.50369 -4.32711 2.09145 12.3804 -21.5216 -7.37126 -0.876987 -39.8926 -0.674123 -2.80883 10.4274 0.0738057 -2.39345 -41.5694 -6.22357 -9.6737 5.30525 17.3063 0.801613 -10.1701 12.8571 1.21874e-15 -7.45393e-16 -3.73213e-17 -9.50369 -4.32711 2.09145 1.23952 -21.0436 22.2627 0.876987 -39.8926 -0.674123 3.49768 12.9236 -0.169637 2.39345 -41.5694 -6.22357 1.93543 4.32987 -15.4383 -0.801613 -10.1701 12.8571 1.39031e-15 -6.46001e-16 -1.2834e-14 
11.4927 109.68 -97.6475 -1.91352 11.0693 -1.99622 0 5.22546 -1.18466 0.247509 -5.84371 0.486096 0 5.77894 1.10239 0.00498292 -3.32572 0.583067 -1.0557e-17 6.16289 0.118334 -0.130206 0.599851 0.554734 -1.13649e-17 6.69386 -0.456341 -0.218762 6.5849 0.573934 -2.02997e-17 7.82529 -1.54945 -0.165782 10.0917 0.603872 -2.60628e-17 9.77186 -0.940923 -0.0701288 11.9095 0.57707 -2.98794e-17 10.8563 1.62248 -0.0636494 -0.702933 0.0660424 -1.32927e-17 4.92478 0.736013 0.427786 -0.584548 2.08505 -1.86396e-17 4.96043 0.433981 1.5062 -2.43659 1.02094 -2.06766e-17 4.97002 0.787173 1.56614 3.62446 -3.06978 1.26863 -7.82717 7.75148 -2.12659 -4.34206 -2.51977 13.3291 3.34342 -3.36319 -19.277 -19.8202 -19.4537 30.0522 0.0615366 0.141 3.06298 -0.385033 -14.9176 24.9344 0.0510561 0.116988 -23.268 -81.1357 -27.6735 -1.26863 -7.82715 7.75138 1.20191 -4.42988 1.34777 -13.3291 3.34342 -3.36319 27.7379 -30.2696 7.17354 -30.0522 0.0615366 0.141 -4.61772 -0.907142 22.8112 -24.9344 0.0510559 0.116988 7.74286 -62.6429 9.27552 9.50369 -4.32711 2.09145 10.3299 -21.2933 -9.04794 -0.876987 -39.8926 -0.674123 -2.88985 10.7229 0.0835131 -2.39345 -41.5694 -6.22357 -7.93028 4.38728 16.7725 0.801613 -10.1701 12.8571 -2.35703e-15 -8.94383e-16 1.11669e-16 -9.50369 -4.32711 2.09145 3.0685 -20.351 23.9928 0.876987 -39.8926 -0.674123 3.28018 12.1398 -0.136136 2.39345 -41.5694 -6.22357 0.802595 5.46943 -14.9815 -0.801613 -10.1701 12.8571 -9.91563e-16 -5.46756e-16 -1.27223e-14 
11.7897 109.452 -97.3457 -1.93688 10.4498 -2.28126 0 5.22546 -1.18466 0.230948 -4.41888 0.542402 0 5.77894 1.10239 -0.0103343 -2.16753 0.601787 -1.0557e-17 6.16289 0.118334 -0.120616 1.21814 0.583471 -1.13649e-17 6.69386 -0.456341 -0.179695 6.43378 0.600311 -2.02997e-17 7.82529 -1.54945 -0.0847992 9.38086 0.636433 -2.60628e-17 9.77186 -0.940923 0.0879831 10.9405 0.57818 -2.98794e-17 10.8563 1.62248 -0.0568266 -0.586898 0.0727095 -1.32927e-17 4.92478 0.736013 0.681152 -3.34692 2.0933 -1.86396e-17 4.96043 0.433981 1.61669 -1.87825 1.05383 -2.06766e-17 4.97002 0.787173 1.0754 5.50551 -3.15587 1.26863 -7.82717 7.75148 -3.87582 -2.50697 -4.10201 13.3291 3.34342 -3.36319 -19.3609 -14.0097 -18.2523 30.0522 0.0615366 0.141 2.39338 -0.23086 -11.6083 24.9344 0.0510561 0.116988 -73.2925 -84.9143 -77.0589 -1.26863 -7.82715 7.75138 3.80716 -2.78718 2.69637 -13.3291 3.34342 -3.36319 30.1834 -26.3275 8.07313 -30.0522 0.0615366 0.141 -4.02794 -0.680793 19.774 -24.9344 0.0510559 0.116988 11.2129 -68.2881 12.9042 9.50369 -4.32711 2.09145 8.36892 -20.4361 -9.87245 -0.876987 -39.8926 -0.674123 -3.0206 11.1989 0.100063 -2.39345 -41.5694 -6.22357 -6.07463 2.77916 16.258 0.801613 -10.1701 12.8571 2.00837e-15 -7.08355e-16 -7.43599e-17 -9.50369 -4.32711 2.09145 4.62482 -19.2015 25.4442 0.876987 -39.8926 -0.674123 3.13117 11.6003 -0.114906 2.39345 -41.5694 -6.22357 -0.56473 5.453 -14.5858 -0.801613 -10.1701 12.8571 5.94781e-16 -6.21128e-16 -1.27967e-14 
12.1049 108.647 -97.0632 -2.07049 10.104 -2.46271 0 5.22546 -1.18466 0.219858 -3.07853 0.555918 0 5.77894 1.10239 -0.0059577 -1.14638 0.58478 -1.0557e-17 6.16289 0.118334 -0.0925845 1.71248 0.583556 -1.13649e-17 6.69386 -0.456341 -0.126781 6.1718 0.599626 -2.02997e-17 7.82529 -1.54945 -0.00346785 8.55048 0.636687 -2.60628e-17 9.77186 -0.940923 0.21974 9.87515 0.547052 -2.98794e-17 10.8563 1.62248 -0.0467064 -0.445599 0.0831991 -1.32927e-17 4.92478 0.736013 0.86808 -5.75513 2.06566 -1.86396e-17 4.96043 0.433981 1.65782 -1.35118 1.05214 -2.06766e-17 4.97002 0.787173 0.640156 7.18391 -3.16455 1.26863 -7.82717 7.75148 -5.04961 -0.893361 -5.21301 13.3291 3.34342 -3.36319 -20.8614 -8.46219 -17.6954 30.0522 0.0615366 0.141 1.9271 -0.147216 -9.32601 24.9344 0.0510561 0.116988 -127.156 -82.3351 -130.023 -1.26863 -7.82715 7.75138 6.09961 -1.09253 3.80683 -13.3291 3.34342 -3.36319 32.9082 -21.2659 8.75885 -30.0522 0.0615366 0.141 -3.58819 -0.534821 17.5451 -24.9344 0.0510559 0.116988 17.607 -74.1604 19.7811 9.50369 -4.32711 2.09145 6.80577 -19.7273 -9.852 -0.876987 -39.8926 -0.674123 -3.20544 11.8694 0.125313 -2.39345 -41.5694 -6.22357 -4.09827 0.346931 15.8369 0.801613 -10.1701 12.8571 8.21167e-16 -7.57817e-16 -2.48973e-17 -9.50369 -4.32711 2.09145 5.95442 -18.3128 25.8203 0.876987 -39.8926 -0.674123 3.052 11.313 -0.104199 2.39345 -41.5694 -6.22357 -2.16727 4.44297 -14.309 -0.801613 -10.1701 12.8571 1.99178e-16 -5.96379e-16 -1.27719e-14 
12.4064 107.378 -96.9258 -2.33404 10.2096 -2.56812 0 5.22546 -1.18466 0.253692 -1.86295 0.546715 0 5.77894 1.10239 0.0473197 -0.286715 0.559006 -1.0557e-17 6.16289 0.118334 -0.028934 2.0658 0.579078 -1.13649e-17 6.69386 -0.456341 -0.0543742 5.79382 0.594992 -2.02997e-17 7.82529 -1.54945 0.0777431 7.60946 0.625103 -2.60628e-17 9.77186 -0.940923 0.321916 8.7221 0.504495 -2.98794e-17 10.8563 1.62248 -0.0353085 -0.284523 0.0978411 -1.32927e-17 4.92478 0.736013 0.972545 -7.73144 1.93504 -1.86396e-17 4.96043 0.433981 1.63251 -0.89492 0.987721 -2.06766e-17 4.97002 0.787173 0.19823 8.48563 -2.98823 1.26863 -7.82717 7.75148 -5.73688 0.474324 -5.9321 13.3291 3.34342 -3.36319 -23.5261 -3.24655 -17.604 30.0522 0.0615366 0.141 1.64944 -0.106449 -7.97369 24.9344 0.0510561 0.116988 -145.494 -77.2982 -147.517 -1.26863 -7.82715 7.75138 7.90262 0.637243 4.72389 -13.3291 3.34342 -3.36319 35.8008 -14.7236 9.28323 -30.0522 0.0615366 0.141 -3.23823 -0.43201 15.7899 -24.9344 0.0510559 0.116988 34.3525 -80.194 37.2698 9.50369 -4.32711 2.09145 5.67349 -19.4726 -9.33859 -0.876987 -39.8926 -0.674123 -3.41297 12.6188 0.156236 -2.39345 -41.5694 -6.22357 -2.061 -2.44299 15.5645 0.801613 -10.1701 12.8571 -3.71541e-16 -8.07514e-16 2.47989e-17 -9.50369 -4.32711 2.09145 7.04087 -17.9555 25.1016 0.876987 -39.8926 -0.674123 3.04151 11.2749 -0.10281 2.39345 -41.5694 -6.22357 -3.64921 2.96108 -14.1911 -0.801613 -10.1701 12.8571 -1.38992e-15 -5.34295e-16 -1.27099e-14 
12.6588 105.76 -97.0755 -2.64771 10.3556 -2.65988 0 5.22546 -1.18466 0.316904 -0.682439 0.538494 0 5.77894 1.10239 0.12869 0.516678 0.546753 -1.0557e-17 6.16289 0.118334 0.0501286 2.38347 0.58911 -1.13649e-17 6.69386 -0.456341 0.0177596 5.3903 0.604967 -2.02997e-17 7.82529 -1.54945 0.146697 6.65975 0.623492 -2.60628e-17 9.77186 -0.940923 0.394066 7.56632 0.473973 -2.98794e-17 10.8563 1.62248 -0.0243746 -0.119589 0.112798 -1.32927e-17 4.92478 0.736013 1.01249 -9.16458 1.76553 -1.86396e-17 4.96043 0.433981 1.55729 -0.582446 0.89658 -2.06766e-17 4.97002 0.787173 -0.15958 9.3471 -2.65231 1.26863 -7.82717 7.75148 -6.07656 1.64629 -6.46127 13.3291 3.34342 -3.36319 -27.0231 1.61052 -17.9377 30.0522 0.0615366 0.141 1.53147 -0.0911483 -7.4004 24.9344 0.0510561 0.116988 -153.629 -72.4261 -155.178 -1.26863 -7.82715 7.75138 9.10749 2.30362 5.48973 -13.3291 3.34342 -3.36319 38.8085 -7.16461 9.8233 -30.0522 0.0615366 0.141 -2.96112 -0.358772 14.4101 -24.9344 0.0510559 0.116988 87.2126 -83.3833 90.8449 9.50369 -4.32711 2.09145 4.87814 -19.4363 -8.84608 -0.876987 -39.8926 -0.674123 -3.6013 13.2956 0.186642 -2.39345 -41.5694 -6.22357 -0.208613 -5.11398 15.4432 0.801613 -10.1701 12.8571 2.44547e-17 -7.95151e-16 1.24363e-17 -9.50369 -4.32711 2.09145 7.95259 -17.919 24.1582 0.876987 -39.8926 -0.674123 3.13759 11.6236 -0.115792 2.39345 -41.5694 -6.22357 -4.92654 1.56425 -14.1588 -0.801613 -10.1701 12.8571 -9.94317e-16 -5.46646e-16 -1.27222e-14 
12.9065 103.825 -97.4964 -2.88776 10.1809 -2.58005 0 5.22546 -1.18466 0.350708 0.613083 0.507642 0 5.77894 1.10239 0.185806 1.39258 0.519039 -1.0557e-17 6.16289 0.118334 0.108042 2.75417 0.583306 -1.13649e-17 6.69386 -0.456341 0.0704629 4.99511 0.599926 -2.02997e-17 7.82529 -1.54945 0.193386 5.70572 0.605841 -2.60628e-17 9.77186 -0.940923 0.433415 6.38727 0.430583 -2.98794e-17 10.8563 1.62248 -0.0184148 0.0456935 0.130293 -1.32927e-17 4.92478 0.736013 0.96668 -9.87508 1.55583 -1.86396e-17 4.96043 0.433981 1.40365 -0.345379 0.781034 -2.06766e-17 4.97002 0.787173 -0.209421 9.71239 -2.20598 1.26863 -7.82717 7.75148 -6.09629 2.69643 -6.90911 13.3291 3.34342 -3.36319 -31.0935 6.17227 -18.5012 30.0522 0.0615366 0.141 1.535 -0.0915898 -7.41756 24.9344 0.0510561 0.116988 -158.403 -68.4032 -159.842 -1.26863 -7.82715 7.75138 9.79998 3.87205 6.26255 -13.3291 3.34342 -3.36319 41.825 0.544597 10.3484 -30.0522 0.0615366 0.141 -2.75386 -0.308624 13.3834 -24.9344 0.0510559 0.116988 134.724 -78.5559 138.741 9.50369 -4.32711 2.09145 4.3521 -19.7041 -8.36585 -0.876987 -39.8926 -0.674123 -3.92466 14.4496 0.24401 -2.39345 -41.5694 -6.22357 1.09399 -7.22359 15.4239 0.801613 -10.1701 12.8571 2.48481e-17 -7.95139e-16 1.2424e-17 -9.50369 -4.32711 2.09145 8.43197 -18.0225 22.8318 0.876987 -39.8926 -0.674123 3.46445 12.8041 -0.164326 2.39345 -41.5694 -6.22357 -5.80391 0.241362 -14.1934 -0.801613 -10.1701 12.8571 -5.96747e-16 -5.5907e-16 -1.2747e-14 
13.1386 101.571 -97.9739 -2.98947 9.61474 -2.47381 0 5.22546 -1.18466 0.364358 1.82657 0.475783 0 5.77894 1.10239 0.23038 2.20701 0.494135 -1.0557e-17 6.16289 0.118334 0.159072 3.1046 0.577725 -1.13649e-17 6.69386 -0.456341 0.119283 4.63275 0.597734 -2.02997e-17 7.82529 -1.54945 0.239786 4.84378 0.588895 -2.60628e-17 9.77186 -0.940923 0.469552 5.31026 0.384795 -2.98794e-17 10.8563 1.62248 -0.0176512 0.203464 0.151294 -1.32927e-17 4.92478 0.736013 0.874852 -9.9397 1.3243 -1.86396e-17 4.96043 0.433981 1.27315 -0.114864 0.65177 -2.06766e-17 4.97002 0.787173 -0.359322 9.6504 -1.78982 1.26863 -7.82717 7.75148 -5.78635 3.54831 -7.1323 13.3291 3.34342 -3.36319 -35.8326 10.4389 -19.1663 30.0522 0.0615366 0.141 1.63127 -0.104015 -7.88533 24.9344 0.0510561 0.116988 -161.749 -65.5328 -163.397 -1.26863 -7.82715 7.75138 10.1903 5.26743 6.92992 -13.3291 3.34342 -3.36319 44.8957 7.65969 11.101 -30.0522 0.0615366 0.141 -2.60393 -0.274787 12.6433 -24.9344 0.0510559 0.116988 150.545 -71.2435 154.815 9.50369 -4.32711 2.09145 4.08658 -20.1543 -7.95265 -0.876987 -39.8926 -0.674123 -4.56669 16.7085 0.376984 -2.39345 -41.5694 -6.22357 1.8723 -8.53658 15.4462 0.801613 -10.1701 12.8571 4.22024e-16 -7.82727e-16 1.22928e-20 -9.50369 -4.32711 2.09145 8.55135 -17.9644 21.6257 0.876987 -39.8926 -0.674123 4.00427 14.7322 -0.259129 2.39345 -41.5694 -6.22357 -6.52257 -0.887194 -14.2307 -0.801613 -10.1701 12.8571 -9.9353e-16 -5.4667e-16 -1.27222e-14 
13.4033 98.9559 -98.3979 -3.07447 8.64659 -2.7405 0 5.22546 -1.18466 0.333022 2.96221 0.49477 0 5.77894 1.10239 0.235563 2.94428 0.515002 -1.0557e-17 6.16289 0.118334 0.179125 3.40997 0.613946 -1.13649e-17 6.69386 -0.456341 0.144388 4.25849 0.640157 -2.02997e-17 7.82529 -1.54945 0.278816 4.01365 0.619651 -2.60628e-17 9.77186 -0.940923 0.517271 4.26426 0.38232 -2.98794e-17 10.8563 1.62248 -0.0216458 0.357353 0.174451 -1.32927e-17 4.92478 0.736013 0.772528 -9.62933 1.15334 -1.86396e-17 4.96043 0.433981 1.13095 -0.00133812 0.544225 -2.06766e-17 4.97002 0.787173 -0.581919 9.37034 -1.27482 1.26863 -7.82717 7.75148 -5.17846 4.27182 -7.12377 13.3291 3.34342 -3.36319 -41.3133 14.2262 -19.4436 30.0522 0.0615366 0.141 1.79497 -0.126982 -8.68189 24.9344 0.0510561 0.116988 -164.719 -63.4505 -167.048 -1.26863 -7.82715 7.75138 10.3503 6.50908 7.4475 -13.3291 3.34342 -3.36319 48.0689 13.2699 12.166 -30.0522 0.0615366 0.141 -2.45694 -0.243583 11.9196 -24.9344 0.0510559 0.116988 158.414 -65.1265 162.464 9.50369 -4.32711 2.09145 4.01336 -20.5896 -8.50154 -0.876987 -39.8926 -0.674123 -5.70625 20.5955 0.673615 -2.39345 -41.5694 -6.22357 2.18655 -9.59643 15.5429 0.801613 -10.1701 12.8571 -3.71935e-16 -8.07538e-16 2.48235e-17 -9.50369 -4.32711 2.09145 8.55151 -17.271 21.0696 0.876987 -39.8926 -0.674123 4.75704 17.3692 -0.421206 2.39345 -41.5694 -6.22357 -6.51995 -2.42689 -14.4024 -0.801613 -10.1701 12.8571 -5.96747e-16 -5.5907e-16 -1.2747e-14 
13.737 96.0523 -98.7629 -3.11341 6.64037 -3.2422 0 5.22546 -1.18466 0.202671 4.28462 0.589569 0 5.77894 1.10239 0.148266 3.82442 0.596738 -1.0557e-17 6.16289 0.118334 0.11675 3.88081 0.708182 -1.13649e-17 6.69386 -0.456341 0.095158 4.03379 0.741998 -2.02997e-17 7.82529 -1.54945 0.272086 3.34203 0.721536 -2.60628e-17 9.77186 -0.940923 0.558775 3.37429 0.454313 -2.98794e-17 10.8563 1.62248 -0.0234164 0.490185 0.185726 -1.32927e-17 4.92478 0.736013 0.707734 -9.09033 1.07409 -1.86396e-17 4.96043 0.433981 1.05048 -0.434319 0.482523 -2.06766e-17 4.97002 0.787173 -0.571691 8.51907 -1.01986 1.26863 -7.82717 7.75148 -4.57158 5.03701 -7.33846 13.3291 3.34342 -3.36319 -46.073 18.1424 -19.5535 30.0522 0.0615366 0.141 1.90796 -0.144189 -9.23256 24.9344 0.0510561 0.116988 -166.671 -60.5857 -169.365 -1.26863 -7.82715 7.75138 10.0384 7.55975 7.74675 -13.3291 3.34342 -3.36319 51.2315 18.5787 13.3805 -30.0522 0.0615366 0.141 -2.20134 -0.193912 10.6654 -24.9344 0.0510559 0.116988 162.177 -59.1796 165.544 9.50369 -4.32711 2.09145 3.4592 -20.1029 -11.3647 -0.876987 -39.8926 -0.674123 -7.202 25.422 1.17413 -2.39345 -41.5694 -6.22357 2.34735 -10.9268 15.7009 0.801613 -10.1701 12.8571 4.21621e-16 -7.8274e-16 2.48816e-20 -9.50369 -4.32711 2.09145 8.75777 -15.5873 22.1119 0.876987 -39.8926 -0.674123 5.77186 20.814 -0.692984 2.39345 -41.5694 -6.22357 -6.93871 -4.6776 -14.6782 -0.801613 -10.1701 12.8571 -5.96354e-16 -5.59082e-16 -1.27471e-14 
14.123 92.772 -98.8211 -3.11423 3.52046 -3.78561 0 5.22546 -1.18466 -0.0561705 6.01666 0.649595 0 5.77894 1.10239 -0.0314447 5.01437 0.624007 -1.0557e-17 6.16289 0.118334 -0.0118114 4.62009 0.746214 -1.13649e-17 6.69386 -0.456341 0.00635067 3.97597 0.786303 -2.02997e-17 7.82529 -1.54945 0.247294 2.77837 0.772205 -2.60628e-17 9.77186 -0.940923 0.594172 2.56782 0.479072 -2.98794e-17 10.8563 1.62248 -0.027077 0.607503 0.182545 -1.32927e-17 4.92478 0.736013 0.623465 -8.15843 0.814435 -1.86396e-17 4.96043 0.433981 1.10823 -1.10723 0.351871 -2.06766e-17 4.97002 0.787173 -0.295858 6.90526 -0.232442 1.26863 -7.82717 7.75148 -4.10373 5.89209 -7.93756 13.3291 3.34342 -3.36319 -49.5553 22.5858 -19.6285 30.0522 0.0615366 0.141 1.98009 -0.155759 -9.58456 24.9344 0.0510561 0.116988 -167.729 -55.7248 -170.306 -1.26863 -7.82715 7.75138 9.12482 8.37807 8.08494 -13.3291 3.34342 -3.36319 54.5026 24.2016 14.4906 -30.0522 0.0615366 0.141 -1.96238 -0.152698 9.49711 -24.9344 0.0510559 0.116988 163.083 -54.0956 165.748 9.50369 -4.32711 2.09145 2.79584 -19.5286 -13.8586 -0.876987 -39.8926 -0.674123 -9.24634 31.4515 2.04288 -2.39345 -41.5694 -6.22357 4.40959 -15.2127 16.0916 0.801613 -10.1701 12.8571 8.19589e-16 -7.57891e-16 -2.48232e-17 -9.50369 -4.32711 2.09145 9.3723 -13.707 24.0847 0.876987 -39.8926 -0.674123 7.26963 25.6322 -1.19959 2.39345 -41.5694 -6.22357 -7.83955 -7.05808 -15.0172 -0.801613 -10.1701 12.8571 -5.96354e-16 -5.59082e-16 -1.27471e-14 
14.3735 89.5772 -99.0153 -3.16369 0.278583 -3.95654 0 5.22546 -1.18466 -0.271317 7.99279 0.594553 0 5.77894 1.10239 -0.151916 6.33833 0.533229 -1.0557e-17 6.16289 0.118334 -0.0851051 5.38315 0.662695 -1.13649e-17 6.69386 -0.456341 -0.0251591 3.75421 0.703726 -2.02997e-17 7.82529 -1.54945 0.251585 1.94156 0.686823 -2.60628e-17 9.77186 -0.940923 0.606142 1.39175 0.376889 -2.98794e-17 10.8563 1.62248 -0.0345663 0.757413 0.175926 -1.32927e-17 4.92478 0.736013 0.504365 -5.84525 0.496424 -1.86396e-17 4.96043 0.433981 1.19875 -0.702324 0.197661 -2.06766e-17 4.97002 0.787173 -0.0284881 5.7114 1.00333 1.26863 -7.82717 7.75148 -2.91821 6.58875 -8.29916 13.3291 3.34342 -3.36319 -53.8915 27.6683 -18.9149 30.0522 0.0615366 0.141 2.15383 -0.185495 -10.4338 24.9344 0.0510561 0.116988 -168.936 -49.7189 -171.359 -1.26863 -7.82715 7.75138 7.33442 8.86377 8.2696 -13.3291 3.34342 -3.36319 58.2979 29.5824 14.8505 -30.0522 0.0615366 0.141 -1.89822 -0.142486 9.18414 -24.9344 0.0510559 0.116988 163.903 -51.5026 165.851 9.50369 -4.32711 2.09145 2.3776 -20.0203 -14.6149 -0.876987 -39.8926 -0.674123 -12.2801 39.1453 3.66363 -2.39345 -41.5694 -6.22357 5.57058 -18.948 16.4664 0.801613 -10.1701 12.8571 1.21716e-15 -7.45455e-16 -3.72597e-17 -9.50369 -4.32711 2.09145 10.8572 -13.108 25.9736 0.876987 -39.8926 -0.674123 9.65072 32.5632 -2.2376 2.39345 -41.5694 -6.22357 -9.89766 -10.8973 -15.6658 -0.801613 -10.1701 12.8571 -9.93525e-16 -5.4667e-16 -1.27222e-14 
14.3187 87.3109 -99.0106 -2.43785 -5.16508 -3.43287 0 5.22546 -1.18466 -0.845225 10.6377 0.460845 0 5.77894 1.10239 -0.575593 8.08499 0.329962 -1.0557e-17 6.16289 0.118334 -0.403889 6.48306 0.463211 -1.13649e-17 6.69386 -0.456341 -0.241843 3.69312 0.5096 -2.02997e-17 7.82529 -1.54945 0.10718 1.1312 0.513597 -2.60628e-17 9.77186 -0.940923 0.515012 0.211599 0.211773 -2.98794e-17 10.8563 1.62248 -0.0493172 0.912719 0.164294 -1.32927e-17 4.92478 0.736013 0.237858 -3.3955 -0.261254 -1.86396e-17 4.96043 0.433981 0.968302 -0.827214 -0.160597 -2.06766e-17 4.97002 0.787173 1.11342 5.15997 2.82736 1.26863 -7.82717 7.75148 -1.85288 7.30846 -8.83162 13.3291 3.34342 -3.36319 -57.0748 32.1073 -18.4659 30.0522 0.0615366 0.141 2.31573 -0.215604 -11.2271 24.9344 0.0510561 0.116988 -171.946 -44.4128 -173.729 -1.26863 -7.82715 7.75138 5.21309 9.0547 8.66449 -13.3291 3.34342 -3.36319 62.3055 33.503 14.3481 -30.0522 0.0615366 0.141 -1.91932 -0.145809 9.28704 -24.9344 0.0510559 0.116988 164.869 -51.5299 165.201 9.50369 -4.32711 2.09145 1.26137 -18.1425 -14.4124 -0.876987 -39.8926 -0.674123 -15.1775 45.1853 5.50333 -2.39345 -41.5694 -6.22357 5.17356 -20.1275 16.5735 0.801613 -10.1701 12.8571 1.21756e-15 -7.45443e-16 -3.72721e-17 -9.50369 -4.32711 2.09145 10.8963 -12.5462 25.1443 0.876987 -39.8926 -0.674123 13.4941 41.8219 -4.40431 2.39345 -41.5694 -6.22357 -12.062 -16.5781 -16.7494 -0.801613 -10.1701 12.8571 -1.78827e-15 -5.09423e-16 -1.26974e-14 
14.2638 85.6909 -98.799 -2.24505 -6.65457 -4.16707 0 5.22546 -1.18466 -0.831699 10.906 0.296806 0 5.77894 1.10239 -0.512717 8.36335 0.148948 -1.0557e-17 6.16289 0.118334 -0.330124 6.69712 0.281532 -1.13649e-17 6.69386 -0.456341 -0.158131 3.81569 0.325754 -2.02997e-17 7.82529 -1.54945 0.159532 1.20459 0.309659 -2.60628e-17 9.77186 -0.940923 0.501 0.233866 0.00464001 -2.98794e-17 10.8563 1.62248 -0.0543984 0.907792 0.156161 -1.32927e-17 4.92478 0.736013 0.337514 -1.8073 0.616853 -1.86396e-17 4.96043 0.433981 1.13606 -0.628175 0.244714 -2.06766e-17 4.97002 0.787173 -0.250153 2.61965 3.15616 1.26863 -7.82717 7.75148 -0.581288 6.84699 -7.89213 13.3291 3.34342 -3.36319 -62.2842 34.8642 -16.8496 30.0522 0.0615366 0.141 2.55944 -0.265314 -12.4251 24.9344 0.0510561 0.116988 -174.001 -43.5581 -174.2 -1.26863 -7.82715 7.75138 4.14736 8.50337 8.11599 -13.3291 3.34342 -3.36319 63.6311 35.2782 14.1966 -30.0522 0.0615366 0.141 -2.05516 -0.168112 9.95032 -24.9344 0.0510559 0.116988 164.618 -55.7568 164.805 9.50369 -4.32711 2.09145 1.6074 -19.015 -12.7355 -0.876987 -39.8926 -0.674123 -17.5812 49.359 7.19476 -2.39345 -41.5694 -6.22357 5.12416 -21.6921 16.6389 0.801613 -10.1701 12.8571 2.60424e-17 -7.95089e-16 1.23743e-17 -9.50369 -4.32711 2.09145 11.577 -14.1087 24.9968 0.876987 -39.8926 -0.674123 16.1555 46.9676 -6.17574 2.39345 -41.5694 -6.22357 -12.5796 -16.6256 -16.8872 -0.801613 -10.1701 12.8571 9.91137e-16 -6.33502e-16 -1.28091e-14 
14.071 84.7017 -98.4491 -1.76629 -5.04459 -4.46897 0 5.22546 -1.18466 -1.06161 9.74407 0.0515507 0 5.77894 1.10239 -0.655364 7.65063 -0.149933 -1.0557e-17 6.16289 0.118334 -0.41356 6.22159 -0.0317509 -1.13649e-17 6.69386 -0.456341 -0.180859 3.78954 -0.000829539 -2.02997e-17 7.82529 -1.54945 0.121362 1.49303 -0.02791 -2.60628e-17 9.77186 -0.940923 0.416301 0.590663 -0.307498 -2.98794e-17 10.8563 1.62248 -0.0561781 0.832444 0.123471 -1.32927e-17 4.92478 0.736013 0.419709 -2.70278 1.0232 -1.86396e-17 4.96043 0.433981 1.34078 -1.51376 0.430666 -2.06766e-17 4.97002 0.787173 -0.344895 1.00872 4.35922 1.26863 -7.82717 7.75148 -0.333108 6.35679 -6.57149 13.3291 3.34342 -3.36319 -66.3176 33.8317 -14.7847 30.0522 0.0615366 0.141 2.64479 -0.283981 -12.8459 24.9344 0.0510561 0.116988 -175.54 -49.9052 -175.299 -1.26863 -7.82715 7.75138 3.65293 7.61242 6.99107 -13.3291 3.34342 -3.36319 65.2089 33.3332 13.4799 -30.0522 0.0615366 0.141 -2.30733 -0.21381 11.1849 -24.9344 0.0510559 0.116988 162.033 -62.1627 162.596 9.50369 -4.32711 2.09145 2.00995 -22.6961 -11.0837 -0.876987 -39.8926 -0.674123 -19.7642 52.5954 8.83219 -2.39345 -41.5694 -6.22357 4.60222 -21.9447 16.5977 0.801613 -10.1701 12.8571 2.48481e-17 -7.95139e-16 1.2424e-17 -9.50369 -4.32711 2.09145 11.9633 -18.1345 25.785 0.876987 -39.8926 -0.674123 18.596 50.9237 -7.94529 2.39345 -41.5694 -6.22357 -12.2129 -17.7453 -16.9841 -0.801613 -10.1701 12.8571 -9.91933e-16 -5.46745e-16 -1.27223e-14 
13.6861 84.8219 -97.8952 -0.658421 -6.84417 -4.0966 0 5.22546 -1.18466 -1.71071 8.36036 -0.0777007 0 5.77894 1.10239 -1.1678 6.8307 -0.385096 -1.0557e-17 6.16289 0.118334 -0.804215 5.90221 -0.280518 -1.13649e-17 6.69386 -0.456341 -0.440582 4.24665 -0.264406 -2.02997e-17 7.82529 -1.54945 -0.0635813 2.46156 -0.250228 -2.60628e-17 9.77186 -0.940923 0.315759 1.8366 -0.501831 -2.98794e-17 10.8563 1.62248 -0.0559965 0.714617 0.0711634 -1.32927e-17 4.92478 0.736013 0.50129 -3.14177 1.37359 -1.86396e-17 4.96043 0.433981 1.11971 -1.96314 0.58925 -2.06766e-17 4.97002 0.787173 1.06448 0.907688 4.67733 1.26863 -7.82717 7.75148 -1.69153 5.80205 -5.61187 13.3291 3.34342 -3.36319 -66.4537 30.7432 -13.9149 30.0522 0.0615366 0.141 2.42733 -0.237706 -11.7751 24.9344 0.0510561 0.116988 -177.831 -58.3953 -177.043 -1.26863 -7.82715 7.75138 4.28585 6.37258 5.96655 -13.3291 3.34342 -3.36319 66.2444 27.1933 12.1602 -30.0522 0.0615366 0.141 -2.59418 -0.272667 12.5954 -24.9344 0.0510559 0.116988 161.431 -68.9299 161.349 9.50369 -4.32711 2.09145 0.637437 -21.3387 -11.6273 -0.876987 -39.8926 -0.674123 -19.9935 52.9083 9.00896 -2.39345 -41.5694 -6.22357 2.7046 -20.1707 16.3754 0.801613 -10.1701 12.8571 4.22019e-16 -7.82727e-16 1.24409e-20 -9.50369 -4.32711 2.09145 10.6348 -16.2701 25.9436 0.876987 -39.8926 -0.674123 18.3141 50.4999 -7.73484 2.39345 -41.5694 -6.22357 -11.7271 -18.9521 -16.9568 -0.801613 -10.1701 12.8571 -9.93923e-16 -5.46658e-16 -1.27222e-14 
13.0969 85.5763 -97.6498 -0.367079 -5.30007 -3.22004 0 5.22546 -1.18466 -1.74025 6.07181 -0.310441 0 5.77894 1.10239 -1.17139 5.42367 -0.62605 -1.0557e-17 6.16289 0.118334 -0.769485 5.23362 -0.524765 -1.13649e-17 6.69386 -0.456341 -0.346881 4.82493 -0.518067 -2.02997e-17 7.82529 -1.54945 0.0182982 3.84863 -0.514017 -2.60628e-17 9.77186 -0.940923 0.359556 3.58316 -0.774707 -2.98794e-17 10.8563 1.62248 -0.0361855 0.532652 0.0218108 -1.32927e-17 4.92478 0.736013 0.773845 -1.27847 1.91496 -1.86396e-17 4.96043 0.433981 1.78782 -2.23856 0.878047 -2.06766e-17 4.97002 0.787173 0.101643 -1.16721 4.72902 1.26863 -7.82717 7.75148 -1.83498 4.22436 -3.93985 13.3291 3.34342 -3.36319 -66.4589 27.7684 -14.062 30.0522 0.0615366 0.141 2.26701 -0.206295 -10.9882 24.9344 0.0510561 0.116988 -176.39 -64.0775 -175.477 -1.26863 -7.82715 7.75138 3.77754 4.21969 4.29877 -13.3291 3.34342 -3.36319 66.7823 20.1439 11.4494 -30.0522 0.0615366 0.141 -2.90342 -0.344424 14.1241 -24.9344 0.0510559 0.116988 156.997 -74.5465 156.739 9.50369 -4.32711 2.09145 0.0511044 -22.9716 -12.6469 -0.876987 -39.8926 -0.674123 -19.4408 52.1458 8.58435 -2.39345 -41.5694 -6.22357 2.5991 -17.9913 16.2798 0.801613 -10.1701 12.8571 2.52462e-17 -7.95126e-16 1.24116e-17 -9.50369 -4.32711 2.09145 9.96336 -16.4855 25.2497 0.876987 -39.8926 -0.674123 16.5636 47.6763 -6.46291 2.39345 -41.5694 -6.22357 -12.2535 -19.5785 -17.016 -0.801613 -10.1701 12.8571 -1.99581e-16 -5.83893e-16 -1.27595e-14 
12.4304 87.0016 -97.9564 -0.712285 -3.37773 -3.05538 0 5.22546 -1.18466 -1.48398 3.68549 -0.435874 0 5.77894 1.10239 -0.963512 3.81301 -0.707976 -1.0557e-17 6.16289 0.118334 -0.592932 4.33155 -0.610589 -1.13649e-17 6.69386 -0.456341 -0.186543 5.06614 -0.60839 -2.02997e-17 7.82529 -1.54945 0.126561 4.84892 -0.623987 -2.60628e-17 9.77186 -0.940923 0.391341 4.881 -0.893167 -2.98794e-17 10.8563 1.62248 -0.0199079 0.369654 -0.0215274 -1.32927e-17 4.92478 0.736013 0.927397 0.369223 2.13262 -1.86396e-17 4.96043 0.433981 2.20729 -2.5246 1.00116 -2.06766e-17 4.97002 0.787173 -0.718843 -2.14894 4.66242 1.26863 -7.82717 7.75148 -1.89463 2.86089 -2.59957 13.3291 3.34342 -3.36319 -67.2995 24.3471 -12.9833 30.0522 0.0615366 0.141 2.22148 -0.197788 -10.765 24.9344 0.0510561 0.116988 -176.121 -66.3639 -176.158 -1.26863 -7.82715 7.75138 2.38747 2.34025 2.56879 -13.3291 3.34342 -3.36319 67.1818 14.9199 9.93476 -30.0522 0.0615366 0.141 -3.37779 -0.471622 16.4884 -24.9344 0.0510559 0.116988 159.005 -78.6115 158.582 9.50369 -4.32711 2.09145 0.178579 -23.575 -13.1201 -0.876987 -39.8926 -0.674123 -17.3499 48.9869 7.02655 -2.39345 -41.5694 -6.22357 3.36629 -16.1167 16.2168 0.801613 -10.1701 12.8571 8.19191e-16 -7.57904e-16 -2.48108e-17 -9.50369 -4.32711 2.09145 9.94865 -16.2624 25.3368 0.876987 -39.8926 -0.674123 13.9834 42.8399 -4.71561 2.39345 -41.5694 -6.22357 -12.3092 -18.5802 -16.7557 -0.801613 -10.1701 12.8571 1.98387e-16 -5.96342e-16 -1.27719e-14 
11.9371 89.0446 -98.4349 -1.02833 -1.77851 -3.57814 0 5.22546 -1.18466 -1.22815 1.16871 -0.406607 0 5.77894 1.10239 -0.789154 2.07676 -0.628213 -1.0557e-17 6.16289 0.118334 -0.468138 3.44791 -0.537138 -1.13649e-17 6.69386 -0.456341 -0.0987137 5.5118 -0.538072 -2.02997e-17 7.82529 -1.54945 0.176776 6.16902 -0.556502 -2.60628e-17 9.77186 -0.940923 0.402364 6.56929 -0.816762 -2.98794e-17 10.8563 1.62248 -0.000413016 0.183579 -0.0594789 -1.32927e-17 4.92478 0.736013 0.899219 2.8525 1.94145 -1.86396e-17 4.96043 0.433981 2.38823 -2.91015 0.920513 -2.06766e-17 4.97002 0.787173 -1.36624 -3.54633 4.75854 1.26863 -7.82717 7.75148 -1.25994 1.10044 -1.08551 13.3291 3.34342 -3.36319 -67.3186 21.1438 -12.6326 30.0522 0.0615366 0.141 2.21949 -0.197418 -10.7553 24.9344 0.0510561 0.116988 -176.632 -66.7729 -177.138 -1.26863 -7.82715 7.75138 0.728337 0.256931 0.825363 -13.3291 3.34342 -3.36319 66.4849 9.78476 9.25992 -30.0522 0.0615366 0.141 -3.77158 -0.593401 18.4718 -24.9344 0.0510559 0.116988 166.263 -82.4205 165.024 9.50369 -4.32711 2.09145 0.394092 -22.1983 -13.0949 -0.876987 -39.8926 -0.674123 -14.196 43.2716 4.85298 -2.39345 -41.5694 -6.22357 3.85564 -13.8755 16.0378 0.801613 -10.1701 12.8571 2.56443e-17 -7.95101e-16 1.23867e-17 -9.50369 -4.32711 2.09145 9.98675 -15.8913 26.0766 0.876987 -39.8926 -0.674123 11.7037 37.7966 -3.32903 2.39345 -41.5694 -6.22357 -11.1397 -14.6462 -15.958 -0.801613 -10.1701 12.8571 -9.92729e-16 -5.46708e-16 -1.27223e-14 
11.9346 91.4602 -99.2771 -1.35125 -1.13997 -4.20698 0 5.22546 -1.18466 -1.00655 -0.230711 -0.315014 0 5.77894 1.10239 -0.653378 1.04212 -0.490596 -1.0557e-17 6.16289 0.118334 -0.38963 2.89164 -0.406047 -1.13649e-17 6.69386 -0.456341 -0.0705864 5.69463 -0.408556 -2.02997e-17 7.82529 -1.54945 0.168332 6.82868 -0.427678 -2.60628e-17 9.77186 -0.940923 0.366066 7.4205 -0.663279 -2.98794e-17 10.8563 1.62248 0.00885433 0.0811638 -0.0721928 -1.32927e-17 4.92478 0.736013 0.782139 5.05812 1.77259 -1.86396e-17 4.96043 0.433981 2.35796 -3.34796 0.831202 -2.06766e-17 4.97002 0.787173 -1.59567 -4.14577 4.66983 1.26863 -7.82717 7.75148 -0.228889 -0.134579 0.0734002 13.3291 3.34342 -3.36319 -67.1918 17.6535 -12.0191 30.0522 0.0615366 0.141 2.33036 -0.218427 -11.2989 24.9344 0.0510561 0.116988 -177.664 -68.2588 -178.742 -1.26863 -7.82715 7.75138 -0.875861 -1.11132 -0.353964 -13.3291 3.34342 -3.36319 65.076 5.51066 8.26481 -30.0522 0.0615366 0.141 -4.05996 -0.692185 19.9379 -24.9344 0.0510559 0.116988 170.074 -84.7464 168.014 9.50369 -4.32711 2.09145 0.475692 -18.9683 -12.9473 -0.876987 -39.8926 -0.674123 -10.8334 35.661 2.84634 -2.39345 -41.5694 -6.22357 3.57431 -10.4307 15.7434 0.801613 -10.1701 12.8571 2.48481e-17 -7.95139e-16 1.2424e-17 -9.50369 -4.32711 2.09145 9.27755 -14.6419 25.1817 0.876987 -39.8926 -0.674123 9.50408 32.1632 -2.16617 2.39345 -41.5694 -6.22357 -8.622 -9.02067 -14.9188 -0.801613 -10.1701 12.8571 -5.96752e-16 -5.59069e-16 -1.2747e-14 
12.3522 94.0856 -100.496 -1.72525 -0.888985 -4.3971 0 5.22546 -1.18466 -0.67306 -1.08328 -0.250823 0 5.77894 1.10239 -0.408788 0.38051 -0.367189 -1.0557e-17 6.16289 0.118334 -0.222209 2.52009 -0.287013 -1.13649e-17 6.69386 -0.456341 0.0217488 5.77112 -0.288002 -2.02997e-17 7.82529 -1.54945 0.201223 7.1803 -0.321764 -2.60628e-17 9.77186 -0.940923 0.339542 7.86358 -0.53828 -2.98794e-17 10.8563 1.62248 0.0151256 0.0158537 -0.0659408 -1.32927e-17 4.92478 0.736013 0.650907 7.20781 1.56122 -1.86396e-17 4.96043 0.433981 2.24541 -3.80873 0.714832 -2.06766e-17 4.97002 0.787173 -1.8833 -5.06444 4.19106 1.26863 -7.82717 7.75148 1.42849 -1.1469 1.20056 13.3291 3.34342 -3.36319 -67.1913 14.6244 -11.5014 30.0522 0.0615366 0.141 2.53313 -0.25968 -12.2955 24.9344 0.0510561 0.116988 -179.586 -71.4526 178.913 -1.26863 -7.82715 7.75138 -2.5258 -2.16748 -1.28639 -13.3291 3.34342 -3.36319 62.6725 1.80727 7.17967 -30.0522 0.0615366 0.141 -4.2872 -0.7759 21.1023 -24.9344 0.0510559 0.116988 165.11 -86.3718 162.315 9.50369 -4.32711 2.09145 0.629463 -15.4602 -12.6735 -0.876987 -39.8926 -0.674123 -7.91184 27.5922 1.45287 -2.39345 -41.5694 -6.22357 1.97076 -4.77341 15.2675 0.801613 -10.1701 12.8571 4.22019e-16 -7.82727e-16 1.24409e-20 -9.50369 -4.32711 2.09145 8.251 -12.5927 22.8926 0.876987 -39.8926 -0.674123 7.22845 25.5043 -1.18406 2.39345 -41.5694 -6.22357 -5.63729 -1.89295 -13.8846 -0.801613 -10.1701 12.8571 -9.93525e-16 -5.4667e-16 -1.27222e-14 
13.1104 96.6263 -102.082 -2.08284 -0.322875 -4.21264 0 5.22546 -1.18466 -0.313151 -1.70539 -0.247948 0 5.77894 1.10239 -0.122789 -0.143809 -0.298337 -1.0557e-17 6.16289 0.118334 -0.00942111 2.16611 -0.219538 -1.13649e-17 6.69386 -0.456341 0.163683 5.69742 -0.21657 -2.02997e-17 7.82529 -1.54945 0.275863 7.26562 -0.27494 -2.60628e-17 9.77186 -0.940923 0.337307 7.97736 -0.485725 -2.98794e-17 10.8563 1.62248 0.0233499 -0.0256246 -0.0508465 -1.32927e-17 4.92478 0.736013 0.556662 9.11214 1.0803 -1.86396e-17 4.96043 0.433981 2.2284 -4.1401 0.470089 -2.06766e-17 4.97002 0.787173 -2.15475 -6.02543 4.12436 1.26863 -7.82717 7.75148 3.56786 -1.96009 2.32115 13.3291 3.34342 -3.36319 -67.1762 11.9185 -11.1291 30.0522 0.0615366 0.141 2.77546 -0.31383 -13.4914 24.9344 0.0510561 0.116988 177.201 -75.7656 175.375 -1.26863 -7.82715 7.75138 -4.25938 -3.0414 -2.12605 -13.3291 3.34342 -3.36319 60.01 -1.82064 5.9036 -30.0522 0.0615366 0.141 -4.56676 -0.886177 22.5469 -24.9344 0.0510559 0.116988 129.452 -88.3925 126.178 9.50369 -4.32711 2.09145 1.36799 -13.7588 -11.3649 -0.876987 -39.8926 -0.674123 -6.06987 21.7991 0.784016 -2.39345 -41.5694 -6.22357 0.149717 0.00558478 15.0186 0.801613 -10.1701 12.8571 2.52509e-17 -7.95126e-16 1.24115e-17 -9.50369 -4.32711 2.09145 7.29254 -11.1415 19.9381 0.876987 -39.8926 -0.674123 5.25444 19.0745 -0.546925 2.39345 -41.5694 -6.22357 -1.79396 6.50563 -13.2036 -0.801613 -10.1701 12.8571 -1.78826e-15 -5.09423e-16 -1.26974e-14 
14.2874 99.0605 -103.529 -2.44578 2.30757 -3.78431 0 5.22546 -1.18466 0.106635 -2.67994 -0.285209 0 5.77894 1.10239 0.235909 -0.986848 -0.26157 -1.0557e-17 6.16289 0.118334 0.273407 1.53504 -0.18121 -1.13649e-17 6.69386 -0.456341 0.373763 5.44017 -0.174534 -2.02997e-17 7.82529 -1.54945 0.408623 7.22055 -0.265174 -2.60628e-17 9.77186 -0.940923 0.373724 7.98508 -0.485799 -2.98794e-17 10.8563 1.62248 0.0389529 -0.0747913 -0.0276292 -1.32927e-17 4.92478 0.736013 0.512469 10.1998 0.760053 -1.86396e-17 4.96043 0.433981 2.40889 -4.15989 0.307246 -2.06766e-17 4.97002 0.787173 -2.73632 -6.88635 3.92743 1.26863 -7.82717 7.75148 6.03111 -2.61141 3.46158 13.3291 3.34342 -3.36319 -67.1413 9.36569 -10.8616 30.0522 0.0615366 0.141 3.11433 -0.398539 -15.1732 24.9344 0.0510561 0.116988 173.292 -80.049 171.198 -1.26863 -7.82715 7.75138 -5.76839 -3.72195 -2.96439 -13.3291 3.34342 -3.36319 57.0777 -5.77673 4.7605 -30.0522 0.0615366 0.141 -5.00411 -1.07537 24.8364 -24.9344 0.0510559 0.116988 39.4702 -87.6355 36.1021 9.50369 -4.32711 2.09145 3.67355 -16.2708 -8.14341 -0.876987 -39.8926 -0.674123 -5.6076 20.2657 0.644951 -2.39345 -41.5694 -6.22357 1.03831 -2.78746 15.1266 0.801613 -10.1701 12.8571 4.22015e-16 -7.82727e-16 1.2589e-20 -9.50369 -4.32711 2.09145 6.72756 -13.124 18.32 0.876987 -39.8926 -0.674123 4.19193 15.3955 -0.296308 2.39345 -41.5694 -6.22357 0.265406 11.1571 -13.1653 -0.801613 -10.1701 12.8571 -2.00396e-16 -5.83854e-16 -1.27594e-14 
14.9117 101.463 -104.285 -2.79788 6.48553 -3.28553 0 5.22546 -1.18466 0.429695 -4.12766 -0.302974 0 5.77894 1.10239 0.515327 -2.26193 -0.220678 -1.0557e-17 6.16289 0.118334 0.489681 0.605554 -0.140995 -1.13649e-17 6.69386 -0.456341 0.531754 5.11185 -0.130532 -2.02997e-17 7.82529 -1.54945 0.498689 7.26263 -0.239906 -2.60628e-17 9.77186 -0.940923 0.384157 8.18676 -0.457307 -2.98794e-17 10.8563 1.62248 0.0518312 -0.14282 -0.00216204 -1.32927e-17 4.92478 0.736013 0.404693 10.1998 0.442827 -1.86396e-17 4.96043 0.433981 2.38586 -4.05366 0.146246 -2.06766e-17 4.97002 0.787173 -2.66465 -7.02887 3.89946 1.26863 -7.82717 7.75148 8.04437 -3.23704 4.41834 13.3291 3.34342 -3.36319 -66.0665 6.10463 -10.8096 30.0522 0.0615366 0.141 3.54369 -0.521254 -17.3225 24.9344 0.0510561 0.116988 165.449 -83.9857 163.17 -1.26863 -7.82715 7.75138 -6.59654 -4.28182 -3.59019 -13.3291 3.34342 -3.36319 53.8297 -10.2471 4.00635 -30.0522 0.0615366 0.141 -5.54754 -1.34027 27.7391 -24.9344 0.0510559 0.116988 17.5745 -85.4486 14.0406 9.50369 -4.32711 2.09145 7.01218 -20.9735 -3.89083 -0.876987 -39.8926 -0.674123 -5.32796 19.3238 0.566736 -2.39345 -41.5694 -6.22357 1.45425 -5.44119 15.3812 0.801613 -10.1701 12.8571 2.52509e-17 -7.95126e-16 1.24115e-17 -9.50369 -4.32711 2.09145 5.80613 -18.2193 18.0576 0.876987 -39.8926 -0.674123 4.39389 16.1051 -0.338726 2.39345 -41.5694 -6.22357 -1.30785 4.7874 -13.9946 -0.801613 -10.1701 12.8571 -1.78745e-15 -5.09461e-16 -1.26974e-14 
15.114 103.657 -104.781 -2.88466 10.2729 -2.54203 0 5.22546 -1.18466 0.559598 -5.63517 -0.261761 0 5.77894 1.10239 0.608332 -3.62554 -0.144904 -1.0557e-17 6.16289 0.118334 0.543376 -0.338923 -0.0667631 -1.13649e-17 6.69386 -0.456341 0.541324 4.87041 -0.0452444 -2.02997e-17 7.82529 -1.54945 0.468086 7.47301 -0.148325 -2.60628e-17 9.77186 -0.940923 0.319305 8.64996 -0.340376 -2.98794e-17 10.8563 1.62248 0.0629663 -0.203224 0.0273979 -1.32927e-17 4.92478 0.736013 0.17967 9.66871 0.422161 -1.86396e-17 4.96043 0.433981 1.97653 -4.292 0.119425 -2.06766e-17 4.97002 0.787173 -1.64507 -6.51205 3.05178 1.26863 -7.82717 7.75148 9.05099 -3.92326 5.18207 13.3291 3.34342 -3.36319 -63.2247 2.26853 -11.1915 30.0522 0.0615366 0.141 4.01293 -0.675653 -19.6991 24.9344 0.0510561 0.116988 143.669 -87.353 141.73 -1.26863 -7.82715 7.75138 -6.6876 -4.80594 -3.93293 -13.3291 3.34342 -3.36319 50.3419 -15.8116 3.39113 -30.0522 0.0615366 0.141 -6.1224 -1.65909 30.8925 -24.9344 0.0510559 0.116988 5.08899 -82.816 1.0427 9.50369 -4.32711 2.09145 9.30548 -25.278 -3.10688 -0.876987 -39.8926 -0.674123 -4.91709 17.9213 0.460066 -2.39345 -41.5694 -6.22357 -0.789755 -4.56944 15.6587 0.801613 -10.1701 12.8571 -7.69485e-16 -8.32373e-16 4.96584e-17 -9.50369 -4.32711 2.09145 3.94645 -22.4952 16.1717 0.876987 -39.8926 -0.674123 4.47542 16.3902 -0.356551 2.39345 -41.5694 -6.22357 -1.73464 -0.638651 -14.7746 -0.801613 -10.1701 12.8571 -2.00396e-16 -5.83854e-16 -1.27594e-14 
15.208 105.499 -105.109 -2.71046 11.8758 -2.25184 0 5.22546 -1.18466 0.654288 -6.70468 -0.13271 0 5.77894 1.10239 0.650572 -4.58172 0.0067171 -1.0557e-17 6.16289 0.118334 0.543513 -0.90016 0.0774155 -1.13649e-17 6.69386 -0.456341 0.481476 4.89674 0.111263 -2.02997e-17 7.82529 -1.54945 0.389484 7.89887 0.0187828 -2.60628e-17 9.77186 -0.940923 0.234911 9.33746 -0.141192 -2.98794e-17 10.8563 1.62248 0.0712839 -0.255607 0.0503243 -1.32927e-17 4.92478 0.736013 0.00167638 9.2386 0.432094 -1.86396e-17 4.96043 0.433981 1.5757 -5.46141 0.108735 -2.06766e-17 4.97002 0.787173 -0.979097 -6.69834 1.74998 1.26863 -7.82717 7.75148 9.31656 -4.69532 5.83801 13.3291 3.34342 -3.36319 -58.9327 -1.15426 -12.2969 30.0522 0.0615366 0.141 4.40483 -0.821445 -21.7097 24.9344 0.0510561 0.116988 77.771 -88.4524 76.8596 -1.26863 -7.82715 7.75138 -6.79359 -5.39242 -4.39843 -13.3291 3.34342 -3.36319 46.9473 -21.4402 3.20455 -30.0522 0.0615366 0.141 -6.57849 -1.94266 33.4664 -24.9344 0.0510559 0.116988 -0.729544 -79.4211 -5.26732 9.50369 -4.32711 2.09145 10.6005 -26.7777 -4.41394 -0.876987 -39.8926 -0.674123 -4.40648 16.1491 0.341451 -2.39345 -41.5694 -6.22357 -3.54398 -2.59452 15.9539 0.801613 -10.1701 12.8571 -3.73124e-16 -8.07588e-16 2.48733e-17 -9.50369 -4.32711 2.09145 2.13512 -24.0243 14.3555 0.876987 -39.8926 -0.674123 4.34829 15.9453 -0.328932 2.39345 -41.5694 -6.22357 -1.45769 -1.5229 -14.9739 -0.801613 -10.1701 12.8571 1.98382e-16 -5.96341e-16 -1.27719e-14 
15.2479 106.783 -105.267 -2.58943 11.9378 -2.68343 0 5.22546 -1.18466 0.761503 -7.20236 0.0122343 0 5.77894 1.10239 0.70833 -4.99451 0.163637 -1.0557e-17 6.16289 0.118334 0.565866 -1.01699 0.22131 -1.13649e-17 6.69386 -0.456341 0.456257 5.17268 0.262176 -2.02997e-17 7.82529 -1.54945 0.362086 8.45749 0.168586 -2.60628e-17 9.77186 -0.940923 0.211599 10.0769 0.0275568 -2.98794e-17 10.8563 1.62248 0.07828 -0.321312 0.0569682 -1.32927e-17 4.92478 0.736013 -0.0461484 9.89033 0.232564 -1.86396e-17 4.96043 0.433981 1.48917 -6.96245 0.00713959 -2.06766e-17 4.97002 0.787173 -0.98667 -8.41911 1.389 1.26863 -7.82717 7.75148 10.2715 -5.55157 6.63416 13.3291 3.34342 -3.36319 -55.204 -4.03164 -13.8646 30.0522 0.0615366 0.141 4.7417 -0.959505 -23.4594 24.9344 0.0510561 0.116988 42.6015 -87.1938 42.4957 -1.26863 -7.82715 7.75138 -7.7759 -6.20795 -5.20684 -13.3291 3.34342 -3.36319 44.5536 -26.539 4.11161 -30.0522 0.0615366 0.141 -6.78152 -2.07827 34.6357 -24.9344 0.0510559 0.116988 -0.213042 -75.5618 -5.07011 9.50369 -4.32711 2.09145 12.5364 -26.3799 -3.11088 -0.876987 -39.8926 -0.674123 -4.16965 15.3169 0.291781 -2.39345 -41.5694 -6.22357 -5.77165 -1.59631 16.1692 0.801613 -10.1701 12.8571 4.21612e-16 -7.8274e-16 2.51781e-20 -9.50369 -4.32711 2.09145 1.18597 -23.8212 14.4838 0.876987 -39.8926 -0.674123 4.24019 15.5655 -0.306217 2.39345 -41.5694 -6.22357 -0.503884 -0.468087 -15.1154 -0.801613 -10.1701 12.8571 -5.95548e-16 -5.5912e-16 -1.27471e-14 
15.2694 107.337 -105.367 -2.72309 11.7559 -3.05297 0 5.22546 -1.18466 0.789417 -6.98734 0.141836 0 5.77894 1.10239 0.711025 -4.81606 0.282014 -1.0557e-17 6.16289 0.118334 0.555556 -0.856907 0.327792 -1.13649e-17 6.69386 -0.456341 0.430826 5.26193 0.370382 -2.02997e-17 7.82529 -1.54945 0.350761 8.51158 0.272352 -2.60628e-17 9.77186 -0.940923 0.220665 10.1302 0.144843 -2.98794e-17 10.8563 1.62248 0.0818066 -0.349473 0.0630536 -1.32927e-17 4.92478 0.736013 -0.0369631 10.9302 0.048723 -1.86396e-17 4.96043 0.433981 1.54362 -7.91675 -0.0845609 -2.06766e-17 4.97002 0.787173 -0.660177 -9.89807 1.48594 1.26863 -7.82717 7.75148 12.1348 -6.11605 7.37538 13.3291 3.34342 -3.36319 -52.6254 -7.1932 -14.7727 30.0522 0.0615366 0.141 5.13819 -1.13772 -25.5476 24.9344 0.0510561 0.116988 25.3155 -84.7444 25.5151 -1.26863 -7.82715 7.75138 -9.76834 -6.80159 -6.07202 -13.3291 3.34342 -3.36319 42.9613 -30.4205 5.47745 -30.0522 0.0615366 0.141 -6.6461 -1.98716 33.854 -24.9344 0.0510559 0.116988 2.4344 -72.4699 -2.04961 9.50369 -4.32711 2.09145 14.8934 -25.6756 -0.512232 -0.876987 -39.8926 -0.674123 -4.19228 15.3967 0.296379 -2.39345 -41.5694 -6.22357 -7.51052 -1.9851 16.3002 0.801613 -10.1701 12.8571 2.01108e-15 -7.08246e-16 -7.44687e-17 -9.50369 -4.32711 2.09145 0.822095 -23.2548 15.5926 0.876987 -39.8926 -0.674123 4.22615 15.516 -0.30332 2.39345 -41.5694 -6.22357 0.65513 0.172136 -15.3269 -0.801613 -10.1701 12.8571 -2.58219e-15 -4.84613e-16 -1.26602e-14 
15.3219 107.329 -105.205 -3.0182 10.8774 -3.04899 0 5.22546 -1.18466 0.766828 -6.13852 0.246951 0 5.77894 1.10239 0.684632 -4.13466 0.36132 -1.0557e-17 6.16289 0.118334 0.526721 -0.512813 0.397887 -1.13649e-17 6.69386 -0.456341 0.400283 5.05772 0.43709 -2.02997e-17 7.82529 -1.54945 0.336299 7.93491 0.334987 -2.60628e-17 9.77186 -0.940923 0.231804 9.38166 0.223948 -2.98794e-17 10.8563 1.62248 0.0762159 -0.313491 0.0740248 -1.32927e-17 4.92478 0.736013 0.0172987 11.6809 -0.234912 -1.86396e-17 4.96043 0.433981 1.51765 -8.099 -0.227334 -2.06766e-17 4.97002 0.787173 -0.0199708 -10.1807 1.58711 1.26863 -7.82717 7.75148 14.0502 -6.22134 7.82756 13.3291 3.34342 -3.36319 -50.3967 -10.9346 -14.5342 30.0522 0.0615366 0.141 5.59558 -1.36549 -28.0006 24.9344 0.0510561 0.116988 13.0046 -81.063 13.4313 -1.26863 -7.82715 7.75138 -12.3648 -6.87258 -6.86534 -13.3291 3.34342 -3.36319 41.126 -32.6305 5.95185 -30.0522 0.0615366 0.141 -6.40715 -1.8328 32.491 -24.9344 0.0510559 0.116988 4.0103 -70.0406 0.355581 9.50369 -4.32711 2.09145 16.9012 -24.0918 0.904246 -0.876987 -39.8926 -0.674123 -4.26676 15.6589 0.311735 -2.39345 -41.5694 -6.22357 -8.87638 -2.80016 16.3529 0.801613 -10.1701 12.8571 8.21195e-16 -7.57816e-16 -2.48984e-17 -9.50369 -4.32711 2.09145 0.661892 -21.6184 17.1359 0.876987 -39.8926 -0.674123 4.21915 15.4914 -0.301879 2.39345 -41.5694 -6.22357 1.54422 0.269601 -15.5066 -0.801613 -10.1701 12.8571 -1.3927e-15 -5.34183e-16 -1.27097e-14 
15.4489 106.829 -104.812 -3.24183 8.80783 -2.83422 0 5.22546 -1.18466 0.689814 -4.82993 0.302087 0 5.77894 1.10239 0.627019 -3.08557 0.381435 -1.0557e-17 6.16289 0.118334 0.485805 0.0202705 0.412302 -1.13649e-17 6.69386 -0.456341 0.37797 4.76115 0.445519 -2.02997e-17 7.82529 -1.54945 0.335797 7.06713 0.3403 -2.60628e-17 9.77186 -0.940923 0.258816 8.22378 0.242917 -2.98794e-17 10.8563 1.62248 0.0672725 -0.231958 0.0791803 -1.32927e-17 4.92478 0.736013 0.146923 12.4807 -0.545231 -1.86396e-17 4.96043 0.433981 1.55911 -8.02094 -0.379599 -2.06766e-17 4.97002 0.787173 0.346595 -9.95596 1.75307 1.26863 -7.82717 7.75148 16.0307 -6.07186 8.17645 13.3291 3.34342 -3.36319 -48.8274 -15.0049 -14.0006 30.0522 0.0615366 0.141 6.08142 -1.63511 -30.666 24.9344 0.0510561 0.116988 6.15664 -76.5063 6.6457 -1.26863 -7.82715 7.75138 -15.5333 -6.62626 -7.75803 -13.3291 3.34342 -3.36319 39.3741 -33.6257 5.63473 -30.0522 0.0615366 0.141 -6.31913 -1.77794 31.994 -24.9344 0.0510559 0.116988 3.80895 -67.4187 0.888651 9.50369 -4.32711 2.09145 18.3168 -21.1823 0.975689 -0.876987 -39.8926 -0.674123 -4.32004 15.8461 0.322928 -2.39345 -41.5694 -6.22357 -10.0361 -3.95132 16.3081 0.801613 -10.1701 12.8571 2.56538e-17 -7.95101e-16 1.23863e-17 -9.50369 -4.32711 2.09145 0.461018 -18.5487 19.1305 0.876987 -39.8926 -0.674123 4.2524 15.6084 -0.308748 2.39345 -41.5694 -6.22357 2.09047 -0.219122 -15.6526 -0.801613 -10.1701 12.8571 1.97173e-16 -5.96291e-16 -1.27719e-14 
15.6194 105.811 -104.359 -3.28667 6.72409 -2.51946 0 5.22546 -1.18466 0.546802 -3.33677 0.309088 0 5.77894 1.10239 0.526378 -1.93285 0.344812 -1.0557e-17 6.16289 0.118334 0.424346 0.570544 0.375203 -1.13649e-17 6.69386 -0.456341 0.357305 4.36184 0.403667 -2.02997e-17 7.82529 -1.54945 0.345802 6.00773 0.298406 -2.60628e-17 9.77186 -0.940923 0.297841 6.80664 0.211167 -2.98794e-17 10.8563 1.62248 0.0598537 -0.115325 0.0847281 -1.32927e-17 4.92478 0.736013 0.303372 13.1032 -0.718351 -1.86396e-17 4.96043 0.433981 1.74889 -7.77321 -0.458376 -2.06766e-17 4.97002 0.787173 0.493716 -9.73247 1.88286 1.26863 -7.82717 7.75148 18.3446 -5.73513 8.61032 13.3291 3.34342 -3.36319 -48.1881 -19.2881 -13.1938 30.0522 0.0615366 0.141 6.73605 -2.04751 -34.3741 24.9344 0.0510561 0.116988 2.85742 -71.3833 3.27774 -1.26863 -7.82715 7.75138 -19.0225 -6.07952 -8.72698 -13.3291 3.34342 -3.36319 37.8759 -34.1658 4.86401 -30.0522 0.0615366 0.141 -6.44459 -1.85646 32.7032 -24.9344 0.0510559 0.116988 3.22671 -65.0448 0.899916 9.50369 -4.32711 2.09145 19.4981 -18.4426 0.290625 -0.876987 -39.8926 -0.674123 -4.46664 16.3595 0.354612 -2.39345 -41.5694 -6.22357 -11.3141 -5.36015 16.1578 0.801613 -10.1701 12.8571 2.48481e-17 -7.95139e-16 1.2424e-17 -9.50369 -4.32711 2.09145 0.198149 -15.4468 21.3633 0.876987 -39.8926 -0.674123 4.39704 16.1161 -0.339407 2.39345 -41.5694 -6.22357 2.36994 -1.44833 -15.7968 -0.801613 -10.1701 12.8571 1.98785e-16 -5.96354e-16 -1.27719e-14 
15.7728 104.316 -104.002 -3.25762 5.3987 -2.11972 0 5.22546 -1.18466 0.37259 -1.97612 0.282649 0 5.77894 1.10239 0.407603 -0.942817 0.270752 -1.0557e-17 6.16289 0.118334 0.355889 0.97622 0.306576 -1.13649e-17 6.69386 -0.456341 0.337951 3.85774 0.333406 -2.02997e-17 7.82529 -1.54945 0.35927 4.87898 0.23172 -2.60628e-17 9.77186 -0.940923 0.33705 5.32026 0.153215 -2.98794e-17 10.8563 1.62248 0.0553646 0.0198613 0.0973571 -1.32927e-17 4.92478 0.736013 0.464743 13.3357 -0.862046 -1.86396e-17 4.96043 0.433981 2.04179 -7.2406 -0.513947 -2.06766e-17 4.97002 0.787173 0.530936 -9.45374 1.97828 1.26863 -7.82717 7.75148 20.7348 -5.25979 9.13831 13.3291 3.34342 -3.36319 -47.8711 -23.6992 -12.0158 30.0522 0.0615366 0.141 7.60632 -2.69503 -39.5664 24.9344 0.0510561 0.116988 1.09153 -66.2836 1.64285 -1.26863 -7.82715 7.75138 -22.3383 -5.25301 -9.6684 -13.3291 3.34342 -3.36319 36.2587 -34.763 3.73842 -30.0522 0.0615366 0.141 -6.77972 -2.07705 34.6251 -24.9344 0.0510559 0.116988 2.69114 -63.2671 1.00487 9.50369 -4.32711 2.09145 20.6588 -16.868 -1.17454 -0.876987 -39.8926 -0.674123 -4.76896 17.4104 0.424049 -2.39345 -41.5694 -6.22357 -12.7353 -6.74052 15.972 0.801613 -10.1701 12.8571 4.22015e-16 -7.82727e-16 1.2589e-20 -9.50369 -4.32711 2.09145 0.0343702 -13.1793 23.5882 0.876987 -39.8926 -0.674123 4.63502 16.9462 -0.392609 2.39345 -41.5694 -6.22357 2.47009 -3.04931 -15.9337 -0.801613 -10.1701 12.8571 -5.95548e-16 -5.5912e-16 -1.27471e-14 
15.8739 102.448 -103.738 -3.11851 4.52707 -1.68686 0 5.22546 -1.18466 0.175189 -0.82163 0.231506 0 5.77894 1.10239 0.271983 -0.148 0.168671 -1.0557e-17 6.16289 0.118334 0.276195 1.24568 0.216658 -1.13649e-17 6.69386 -0.456341 0.307993 3.29879 0.244214 -2.02997e-17 7.82529 -1.54945 0.362079 3.78326 0.152223 -2.60628e-17 9.77186 -0.940923 0.362829 3.89035 0.0838816 -2.98794e-17 10.8563 1.62248 0.0536284 0.163096 0.113151 -1.32927e-17 4.92478 0.736013 0.596079 13.1599 -0.895782 -1.86396e-17 4.96043 0.433981 2.26603 -6.60199 -0.513808 -2.06766e-17 4.97002 0.787173 0.545228 -8.99629 1.93807 1.26863 -7.82717 7.75148 22.9227 -4.6606 9.67487 13.3291 3.34342 -3.36319 -47.1547 -27.8241 -10.7839 30.0522 0.0615366 0.141 8.51436 -3.51711 -45.4201 24.9344 0.0510561 0.116988 -0.657736 -62.4187 0.229461 -1.26863 -7.82715 7.75138 -25.2195 -4.26993 -10.5005 -13.3291 3.34342 -3.36319 34.4099 -35.7674 2.41324 -30.0522 0.0615366 0.141 -7.41407 -2.54116 38.3874 -24.9344 0.0510559 0.116988 1.27551 -61.3091 0.0920236 9.50369 -4.32711 2.09145 21.6337 -16.1063 -3.41569 -0.876987 -39.8926 -0.674123 -5.20071 18.8918 0.532642 -2.39345 -41.5694 -6.22357 -14.2097 -7.78003 15.8665 0.801613 -10.1701 12.8571 4.22417e-16 -7.82715e-16 2.88531e-33 -9.50369 -4.32711 2.09145 -0.0924261 -11.5058 25.6793 0.876987 -39.8926 -0.674123 4.95961 18.0674 -0.470643 2.39345 -41.5694 -6.22357 2.71908 -4.52042 -16.1016 -0.801613 -10.1701 12.8571 -1.78785e-15 -5.09436e-16 -1.26974e-14 
15.9255 100.266 -103.522 -2.91888 3.72991 -1.37565 0 5.22546 -1.18466 -0.0469693 0.0599509 0.170749 0 5.77894 1.10239 0.112667 0.433656 0.0504715 -1.0557e-17 6.16289 0.118334 0.179401 1.40985 0.117902 -1.13649e-17 6.69386 -0.456341 0.262854 2.78949 0.148343 -2.02997e-17 7.82529 -1.54945 0.354779 2.87318 0.0719723 -2.60628e-17 9.77186 -0.940923 0.381947 2.6946 0.0131287 -2.98794e-17 10.8563 1.62248 0.0565371 0.294052 0.124914 -1.32927e-17 4.92478 0.736013 0.676136 12.8831 -0.600129 -1.86396e-17 4.96043 0.433981 2.39625 -6.03646 -0.358527 -2.06766e-17 4.97002 0.787173 0.641068 -8.47186 1.74066 1.26863 -7.82717 7.75148 24.9402 -4.08264 10.2704 13.3291 3.34342 -3.36319 -46.4051 -31.4611 -9.95805 30.0522 0.0615366 0.141 9.38882 -4.49458 -51.6782 24.9344 0.0510561 0.116988 -1.5847 -59.6697 -0.507955 -1.26863 -7.82715 7.75138 -27.6647 -3.40348 -11.2417 -13.3291 3.34342 -3.36319 32.6861 -37.7308 1.48271 -30.0522 0.0615366 0.141 -8.313 -3.3198 44.0728 -24.9344 0.0510559 0.116988 -0.725808 -58.2526 -2.15723 9.50369 -4.32711 2.09145 22.3333 -15.828 -6.49607 -0.876987 -39.8926 -0.674123 -5.83802 21.0338 0.712764 -2.39345 -41.5694 -6.22357 -15.577 -8.32592 16.0002 0.801613 -10.1701 12.8571 2.52509e-17 -7.95126e-16 1.24115e-17 -9.50369 -4.32711 2.09145 -0.266369 -9.81404 27.4769 0.876987 -39.8926 -0.674123 5.29052 19.1969 -0.556606 2.39345 -41.5694 -6.22357 3.34948 -5.89875 -16.3149 -0.801613 -10.1701 12.8571 -1.3919e-15 -5.34209e-16 -1.27098e-14 
15.9824 97.8062 -103.43 -2.60459 2.78503 -1.2416 0 5.22546 -1.18466 -0.330089 0.591607 0.1427 0 5.77894 1.10239 -0.108403 0.763041 -0.0497648 -1.0557e-17 6.16289 0.118334 0.0330678 1.48191 0.0415785 -1.13649e-17 6.69386 -0.456341 0.175068 2.43322 0.0765387 -2.02997e-17 7.82529 -1.54945 0.323394 2.2884 0.0232094 -2.60628e-17 9.77186 -0.940923 0.397616 1.9154 -0.0299368 -2.98794e-17 10.8563 1.62248 0.0637253 0.391295 0.13127 -1.32927e-17 4.92478 0.736013 0.719372 12.7345 -0.0938972 -1.86396e-17 4.96043 0.433981 2.47867 -5.76823 -0.104643 -2.06766e-17 4.97002 0.787173 0.723613 -8.06435 1.26442 1.26863 -7.82717 7.75148 26.6964 -3.71208 10.932 13.3291 3.34342 -3.36319 -45.794 -34.8125 -10.2002 30.0522 0.0615366 0.141 10.1615 -5.57568 -58.0117 24.9344 0.0510561 0.116988 -1.77519 -57.1631 -0.559704 -1.26863 -7.82715 7.75138 -29.502 -2.87662 -11.9167 -13.3291 3.34342 -3.36319 31.2415 -41.0547 1.6145 -30.0522 0.0615366 0.141 -9.22181 -4.29062 50.4202 -24.9344 0.0510559 0.116988 -1.90294 -53.9256 -4.33621 9.50369 -4.32711 2.09145 22.3098 -15.7482 -10.9812 -0.876987 -39.8926 -0.674123 -6.69639 23.8279 0.991409 -2.39345 -41.5694 -6.22357 -16.4945 -8.50447 16.5501 0.801613 -10.1701 12.8571 2.48481e-17 -7.95139e-16 1.2424e-17 -9.50369 -4.32711 2.09145 -0.551992 -8.00552 28.5747 0.876987 -39.8926 -0.674123 5.81201 20.9474 -0.704956 2.39345 -41.5694 -6.22357 3.8572 -7.49985 -16.5118 -0.801613 -10.1701 12.8571 1.97154e-16 -5.9629e-16 -1.27719e-14 
16.1259 95.0988 -103.28 -2.22421 1.39472 -1.02947 0 5.22546 -1.18466 -0.619844 0.719352 0.146113 0 5.77894 1.10239 -0.333502 0.820007 -0.129147 -1.0557e-17 6.16289 0.118334 -0.115906 1.48116 -0.0123827 -1.13649e-17 6.69386 -0.456341 0.0803786 2.30766 0.0280527 -2.02997e-17 7.82529 -1.54945 0.28725 2.13459 0.0001569 -2.60628e-17 9.77186 -0.940923 0.41581 1.69433 -0.0503092 -2.98794e-17 10.8563 1.62248 0.0716593 0.445877 0.131924 -1.32927e-17 4.92478 0.736013 0.765494 12.745 0.423113 -1.86396e-17 4.96043 0.433981 2.57279 -6.04722 0.153178 -2.06766e-17 4.97002 0.787173 0.635101 -8.19825 0.444857 1.26863 -7.82717 7.75148 28.0219 -3.69573 11.6882 13.3291 3.34342 -3.36319 -45.879 -37.8123 -12.6371 30.0522 0.0615366 0.141 10.7615 -6.63514 -63.8121 24.9344 0.0510561 0.116988 -1.08745 -53.9357 0.202593 -1.26863 -7.82715 7.75138 -30.6331 -2.77915 -12.6366 -13.3291 3.34342 -3.36319 30.1481 -45.5244 3.54968 -30.0522 0.0615366 0.141 -9.91665 -5.20499 55.8943 -24.9344 0.0510559 0.116988 -1.35206 -47.7561 -4.78063 9.50369 -4.32711 2.09145 20.9454 -15.0032 -17.75 -0.876987 -39.8926 -0.674123 -7.5769 26.5782 1.31819 -2.39345 -41.5694 -6.22357 -16.3846 -9.07265 17.2986 0.801613 -10.1701 12.8571 -1.16664e-15 -8.44784e-16 6.20693e-17 -9.50369 -4.32711 2.09145 -0.709916 -5.65438 29.3365 0.876987 -39.8926 -0.674123 6.42287 22.9493 -0.898235 2.39345 -41.5694 -6.22357 3.49637 -9.6446 -16.605 -0.801613 -10.1701 12.8571 -1.98377e-16 -5.83943e-16 -1.27595e-14 
16.2732 92.1264 -103.024 -1.84067 -0.597831 -0.942671 0 5.22546 -1.18466 -0.893183 0.70845 0.148595 0 5.77894 1.10239 -0.541838 0.795698 -0.209648 -1.0557e-17 6.16289 0.118334 -0.252452 1.48181 -0.0667623 -1.13649e-17 6.69386 -0.456341 -0.00405639 2.30468 -0.0247194 -2.02997e-17 7.82529 -1.54945 0.255216 2.18533 -0.0215488 -2.60628e-17 9.77186 -0.940923 0.434888 1.74985 -0.0760686 -2.98794e-17 10.8563 1.62248 0.0801081 0.497623 0.125547 -1.32927e-17 4.92478 0.736013 0.808846 12.7832 0.656995 -1.86396e-17 4.96043 0.433981 2.61971 -6.75302 0.27156 -2.06766e-17 4.97002 0.787173 0.556283 -8.73178 0.19007 1.26863 -7.82717 7.75148 29.0115 -3.87995 12.4646 13.3291 3.34342 -3.36319 -46.5573 -40.3159 -17.2742 30.0522 0.0615366 0.141 11.1571 -7.50862 -68.3813 24.9344 0.0510561 0.116988 -0.182112 -50.09 1.01398 -1.26863 -7.82715 7.75138 -31.1688 -2.98685 -13.402 -13.3291 3.34342 -3.36319 30.16 -50.9794 7.62534 -30.0522 0.0615366 0.141 -10.4631 -6.07698 60.7964 -24.9344 0.0510559 0.116988 0.656634 -40.2013 -3.74954 9.50369 -4.32711 2.09145 19.5586 -13.2227 -23.3207 -0.876987 -39.8926 -0.674123 -8.54205 29.451 1.72113 -2.39345 -41.5694 -6.22357 -15.7468 -10.5173 17.7298 0.801613 -10.1701 12.8571 -1.16786e-15 -8.44835e-16 6.21202e-17 -9.50369 -4.32711 2.09145 -0.482607 -3.50659 29.8093 0.876987 -39.8926 -0.674123 7.47432 26.264 -1.27806 2.39345 -41.5694 -6.22357 2.63567 -11.8055 -16.6574 -0.801613 -10.1701 12.8571 1.98377e-16 -5.96341e-16 -1.27719e-14 
16.0927 88.9268 -101.95 -1.78748 -3.57067 -1.0508 0 5.22546 -1.18466 -1.0831 0.748943 0.164853 0 5.77894 1.10239 -0.687542 0.813229 -0.24288 -1.0557e-17 6.16289 0.118334 -0.349957 1.50638 -0.0682037 -1.13649e-17 6.69386 -0.456341 -0.0687039 2.27367 -0.0211572 -2.02997e-17 7.82529 -1.54945 0.237228 2.17664 0.0100908 -2.60628e-17 9.77186 -0.940923 0.463391 1.74871 -0.0642476 -2.98794e-17 10.8563 1.62248 0.0910408 0.588024 0.122289 -1.32927e-17 4.92478 0.736013 0.849471 12.9108 0.510176 -1.86396e-17 4.96043 0.433981 2.67717 -7.27286 0.206964 -2.06766e-17 4.97002 0.787173 0.805741 -8.78973 0.408693 1.26863 -7.82717 7.75148 29.8915 -4.07758 13.1569 13.3291 3.34342 -3.36319 -48.3893 -41.1259 -23.7771 30.0522 0.0615366 0.141 11.4327 -8.25824 -72.1902 24.9344 0.0510561 0.116988 0.704897 -45.7149 1.68424 -1.26863 -7.82715 7.75138 -31.5253 -3.21948 -14.0971 -13.3291 3.34342 -3.36319 32.5567 -56.2237 14.1055 -30.0522 0.0615366 0.141 -10.915 -6.95244 65.4898 -24.9344 0.0510559 0.116988 3.44707 -33.2574 -1.84866 9.50369 -4.32711 2.09145 18.9261 -11.3541 -26.3091 -0.876987 -39.8926 -0.674123 -10.0598 33.6606 2.44172 -2.39345 -41.5694 -6.22357 -14.2681 -14.8552 17.1339 0.801613 -10.1701 12.8571 2.36253e-17 -7.9519e-16 1.2475e-17 -9.50369 -4.32711 2.09145 0.231568 -2.12367 30.2107 0.876987 -39.8926 -0.674123 9.69695 32.6886 -2.26031 2.39345 -41.5694 -6.22357 -0.816725 -19.8605 -16.776 -0.801613 -10.1701 12.8571 -5.95539e-16 -5.5912e-16 -1.27471e-14 
16.1376 86.4442 -101.207 -2.40416 -7.10582 -0.748186 0 5.22546 -1.18466 -0.972876 0.842726 0.117683 0 5.77894 1.10239 -0.575691 0.902895 -0.276873 -1.0557e-17 6.16289 0.118334 -0.251517 1.63855 -0.0681013 -1.13649e-17 6.69386 -0.456341 0.0079519 2.39234 -0.0101028 -2.02997e-17 7.82529 -1.54945 0.288004 2.3448 0.0260782 -2.60628e-17 9.77186 -0.940923 0.49151 1.98654 -0.0776344 -2.98794e-17 10.8563 1.62248 0.0911921 0.665339 0.135409 -1.32927e-17 4.92478 0.736013 0.865967 13.2429 -0.0268467 -1.86396e-17 4.96043 0.433981 2.50257 -7.10507 -0.0351318 -2.06766e-17 4.97002 0.787173 1.29189 -7.82272 0.920407 1.26863 -7.82717 7.75148 30.077 -4.43433 13.7733 13.3291 3.34342 -3.36319 -51.65 -41.0738 -31.3882 30.0522 0.0615366 0.141 11.674 -9.08781 -76.3161 24.9344 0.0510561 0.116988 0.655807 -41.7462 1.62402 -1.26863 -7.82715 7.75138 -31.4007 -3.56571 -14.4997 -13.3291 3.34342 -3.36319 36.5008 -59.8415 22.0473 -30.0522 0.0615366 0.141 -11.3329 -7.96834 70.7267 -24.9344 0.0510559 0.116988 4.76741 -29.1476 0.184452 9.50369 -4.32711 2.09145 19.174 -9.39392 -28.1547 -0.876987 -39.8926 -0.674123 -11.7864 37.9931 3.3763 -2.39345 -41.5694 -6.22357 -13.3579 -18.1539 16.8058 0.801613 -10.1701 12.8571 2.48481e-17 -7.95139e-16 1.2424e-17 -9.50369 -4.32711 2.09145 0.939686 0.492191 29.3481 0.876987 -39.8926 -0.674123 11.3189 36.8671 -3.11214 2.39345 -41.5694 -6.22357 -2.59831 -23.9009 -17.066 -0.801613 -10.1701 12.8571 -1.78784e-15 -5.09437e-16 -1.26974e-14 
16.166 85.3216 -100.689 -2.06411 -9.81821 -1.10999 0 5.22546 -1.18466 -0.917568 -0.61083 0.183239 0 5.77894 1.10239 -0.553166 0.00924456 -0.193962 -1.0557e-17 6.16289 0.118334 -0.246891 1.53611 0.0480431 -1.13649e-17 6.69386 -0.456341 -0.0179249 3.43564 0.118106 -2.02997e-17 7.82529 -1.54945 0.258246 4.18018 0.159728 -2.60628e-17 9.77186 -0.940923 0.482981 4.40108 0.0249392 -2.98794e-17 10.8563 1.62248 0.100516 0.485226 0.0955815 -1.32927e-17 4.92478 0.736013 0.868507 14.2246 -0.487249 -1.86396e-17 4.96043 0.433981 2.42171 -7.27246 -0.24135 -2.06766e-17 4.97002 0.787173 1.05395 -8.41375 1.68563 1.26863 -7.82717 7.75148 29.0264 -6.04468 14.6551 13.3291 3.34342 -3.36319 -56.8366 -40.6034 -41.6638 30.0522 0.0615366 0.141 11.8663 -9.99937 -80.7739 24.9344 0.0510561 0.116988 0.487792 -37.2933 3.03604 -1.26863 -7.82715 7.75138 -30.625 -4.89036 -15.228 -13.3291 3.34342 -3.36319 43.4747 -61.1229 33.6406 -30.0522 0.0615366 0.141 -11.7043 -9.21057 76.9196 -24.9344 0.0510559 0.116988 3.73187 -27.302 0.254382 9.50369 -4.32711 2.09145 18.9537 -7.2142 -27.9891 -0.876987 -39.8926 -0.674123 -12.545 39.7482 3.82122 -2.39345 -41.5694 -6.22357 -13.1635 -19.6468 16.6553 0.801613 -10.1701 12.8571 8.19172e-16 -7.57905e-16 -2.48099e-17 -9.50369 -4.32711 2.09145 0.575042 2.43946 29.2761 0.876987 -39.8926 -0.674123 12.4085 39.439 -3.73975 2.39345 -41.5694 -6.22357 -3.99033 -26.1329 -17.501 -0.801613 -10.1701 12.8571 -2.18622e-15 -4.96974e-16 -1.26725e-14 
15.9736 84.5947 -99.9076 -1.75667 -4.5463 -1.9133 0 5.22546 -1.18466 -0.678033 -3.82643 0.223355 0 5.77894 1.10239 -0.405352 -2.47176 -0.0814557 -1.0557e-17 6.16289 0.118334 -0.153327 0.235374 0.168783 -1.13649e-17 6.69386 -0.456341 0.0026507 4.07493 0.241792 -2.02997e-17 7.82529 -1.54945 0.213514 6.08373 0.263982 -2.60628e-17 9.77186 -0.940923 0.394972 7.10803 0.121174 -2.98794e-17 10.8563 1.62248 0.126679 0.12668 0.0436935 -1.32927e-17 4.92478 0.736013 0.790121 14.961 -0.523743 -1.86396e-17 4.96043 0.433981 2.4781 -7.42296 -0.241942 -2.06766e-17 4.97002 0.787173 0.684543 -12.9688 2.22827 1.26863 -7.82717 7.75148 28.0786 -7.41799 15.8998 13.3291 3.34342 -3.36319 -59.5486 -39.943 -46.8662 30.0522 0.0615366 0.141 12.0263 -11.5589 -88.306 24.9344 0.0510561 0.116988 2.77261 -35.343 5.16667 -1.26863 -7.82715 7.75138 -29.6269 -6.10256 -16.0424 -13.3291 3.34342 -3.36319 48.641 -61.2483 43.2612 -30.0522 0.0615366 0.141 -11.9253 -10.3836 82.6367 -24.9344 0.0510559 0.116988 0.635029 -26.8588 -0.453407 9.50369 -4.32711 2.09145 19.9412 -12.7225 -23.7655 -0.876987 -39.8926 -0.674123 -13.5075 41.8503 4.41276 -2.39345 -41.5694 -6.22357 -13.5258 -20.8061 15.9747 0.801613 -10.1701 12.8571 -7.6866e-16 -8.32334e-16 4.96197e-17 -9.50369 -4.32711 2.09145 0.374483 -3.27588 29.4486 0.876987 -39.8926 -0.674123 13.0591 40.8879 -4.13356 2.39345 -41.5694 -6.22357 -5.23196 -29.5027 -18.3289 -0.801613 -10.1701 12.8571 -5.97984e-16 -5.59018e-16 -1.2747e-14 
15.4691 84.5245 -99.223 -1.04217 -3.48466 -2.77651 0 5.22546 -1.18466 -0.938701 -5.43465 0.350853 0 5.77894 1.10239 -0.691219 -3.80007 0.0354648 -1.0557e-17 6.16289 0.118334 -0.411804 -0.582493 0.273962 -1.13649e-17 6.69386 -0.456341 -0.233576 4.05656 0.336899 -2.02997e-17 7.82529 -1.54945 0.0407485 6.55064 0.383529 -2.60628e-17 9.77186 -0.940923 0.305776 7.92475 0.24289 -2.98794e-17 10.8563 1.62248 0.137208 -0.00575489 -0.00683132 -1.32927e-17 4.92478 0.736013 0.717457 14.5719 -0.339381 -1.86396e-17 4.96043 0.433981 2.8294 -8.22315 -0.142714 -2.06766e-17 4.97002 0.787173 1.1916 -12.7305 2.41955 1.26863 -7.82717 7.75148 27.2044 -7.72619 15.5163 13.3291 3.34342 -3.36319 -58.0436 -40.1891 -48.4935 30.0522 0.0615366 0.141 12.0257 -12.4031 -92.3768 24.9344 0.0510561 0.116988 1.55404 -35.8878 5.505 -1.26863 -7.82715 7.75138 -28.6477 -6.43255 -16.0421 -13.3291 3.34342 -3.36319 49.3758 -59.8111 46.9699 -30.0522 0.0615366 0.141 -11.986 -10.9176 85.2161 -24.9344 0.0510559 0.116988 0.0412073 -25.8453 -0.863264 9.50369 -4.32711 2.09145 20.9858 -12.9783 -19.2493 -0.876987 -39.8926 -0.674123 -13.2085 41.2117 4.22587 -2.39345 -41.5694 -6.22357 -14.4378 -20.6831 15.2156 0.801613 -10.1701 12.8571 -1.96178e-15 -8.82056e-16 9.93414e-17 -9.50369 -4.32711 2.09145 -0.687658 -4.09645 29.5112 0.876987 -39.8926 -0.674123 12.5872 39.8433 -3.84656 2.39345 -41.5694 -6.22357 -5.07186 -31.7599 -18.5347 -0.801613 -10.1701 12.8571 -1.99192e-16 -5.83904e-16 -1.27595e-14 
14.7178 85.0305 -98.4061 -0.6228 -5.22556 -3.04595 0 5.22546 -1.18466 -1.07096 -5.90923 0.397027 0 5.77894 1.10239 -0.830887 -4.11981 0.0662515 -1.0557e-17 6.16289 0.118334 -0.538012 -0.751242 0.280987 -1.13649e-17 6.69386 -0.456341 -0.346779 4.07909 0.331538 -2.02997e-17 7.82529 -1.54945 -0.0377306 6.69852 0.400032 -2.60628e-17 9.77186 -0.940923 0.262304 8.13873 0.277402 -2.98794e-17 10.8563 1.62248 0.10531 -0.066628 -0.00431983 -1.32927e-17 4.92478 0.736013 0.584611 13.6289 -0.402233 -1.86396e-17 4.96043 0.433981 2.53977 -9.10413 -0.186672 -2.06766e-17 4.97002 0.787173 1.8943 -11.6926 2.34548 1.26863 -7.82717 7.75148 26.7879 -7.57694 14.7322 13.3291 3.34342 -3.36319 -55.25 -40.4011 -47.2792 30.0522 0.0615366 0.141 12.0158 -12.6162 -93.4077 24.9344 0.0510561 0.116988 1.66735 -36.8271 5.1432 -1.26863 -7.82715 7.75138 -27.8119 -6.72894 -15.5474 -13.3291 3.34342 -3.36319 48.0293 -58.4774 48.4058 -30.0522 0.0615366 0.141 -11.9039 -10.234 81.9119 -24.9344 0.0510559 0.116988 1.07955 -26.6307 1.2991 9.50369 -4.32711 2.09145 21.0207 -10.2078 -18.0737 -0.876987 -39.8926 -0.674123 -12.3921 39.4016 3.73001 -2.39345 -41.5694 -6.22357 -14.8509 -18.1023 15.3696 0.801613 -10.1701 12.8571 2.28101e-17 -7.95228e-16 1.25132e-17 -9.50369 -4.32711 2.09145 -1.61209 -1.4058 29.7074 0.876987 -39.8926 -0.674123 11.5328 37.3867 -3.23206 2.39345 -41.5694 -6.22357 -4.37507 -31.8329 -18.2399 -0.801613 -10.1701 12.8571 -5.95946e-16 -5.59107e-16 -1.27471e-14 
13.8895 86.4337 -98.0248 -0.851793 -5.83507 -3.70178 0 5.22546 -1.18466 -1.07686 -6.89735 0.436031 0 5.77894 1.10239 -0.836155 -4.8162 0.0887026 -1.0557e-17 6.16289 0.118334 -0.542995 -0.951695 0.286257 -1.13649e-17 6.69386 -0.456341 -0.354618 4.56673 0.32956 -2.02997e-17 7.82529 -1.54945 -0.0417293 7.69538 0.405612 -2.60628e-17 9.77186 -0.940923 0.266963 9.42289 0.287229 -2.98794e-17 10.8563 1.62248 0.0926394 -0.215437 -0.0445903 -1.32927e-17 4.92478 0.736013 0.484959 13.6112 0.448295 -1.86396e-17 4.96043 0.433981 2.40488 -9.39292 0.212059 -2.06766e-17 4.97002 0.787173 2.16087 -12.2596 1.76119 1.26863 -7.82717 7.75148 25.8335 -8.31258 14.2146 13.3291 3.34342 -3.36319 -54.4806 -42.1355 -48.3625 30.0522 0.0615366 0.141 12.0313 -12.2082 -91.436 24.9344 0.0510561 0.116988 1.0824 -36.7087 4.74914 -1.26863 -7.82715 7.75138 -26.9099 -7.55384 -15.2027 -13.3291 3.34342 -3.36319 49.4946 -57.2801 50.879 -30.0522 0.0615366 0.141 -11.8134 -9.7102 79.3659 -24.9344 0.0510559 0.116988 1.24151 -25.5942 1.04005 9.50369 -4.32711 2.09145 20.7902 -7.62788 -18.6087 -0.876987 -39.8926 -0.674123 -10.9071 35.8464 2.8861 -2.39345 -41.5694 -6.22357 -14.3763 -14.7627 16.3384 0.801613 -10.1701 12.8571 -3.72314e-16 -8.0755e-16 2.48353e-17 -9.50369 -4.32711 2.09145 -1.34799 -0.0555383 30.9037 0.876987 -39.8926 -0.674123 10.4115 34.582 -2.62268 2.39345 -41.5694 -6.22357 -3.71468 -28.6713 -17.9149 -0.801613 -10.1701 12.8571 -1.39068e-15 -5.34259e-16 -1.27098e-14 
13.2642 88.3055 -97.9143 -1.21254 -4.01113 -4.25173 0 5.22546 -1.18466 -1.01834 -7.91938 0.382268 0 5.77894 1.10239 -0.771881 -5.64343 0.047026 -1.0557e-17 6.16289 0.118334 -0.483347 -1.36553 0.236581 -1.13649e-17 6.69386 -0.456341 -0.29477 4.77786 0.279298 -2.02997e-17 7.82529 -1.54945 -0.000779809 8.34477 0.346384 -2.60628e-17 9.77186 -0.940923 0.281473 10.3257 0.222491 -2.98794e-17 10.8563 1.62248 0.0898899 -0.334016 -0.0615878 -1.32927e-17 4.92478 0.736013 0.504852 13.7322 0.970986 -1.86396e-17 4.96043 0.433981 2.54519 -8.63028 0.451227 -2.06766e-17 4.97002 0.787173 2.1273 -13.235 2.09374 1.26863 -7.82717 7.75148 24.7036 -8.98465 13.9057 13.3291 3.34342 -3.36319 -53.5989 -43.0416 -48.8401 30.0522 0.0615366 0.141 12.0207 -11.4218 -87.6457 24.9344 0.0510561 0.116988 2.00887 -37.1074 4.86185 -1.26863 -7.82715 7.75138 -26.0122 -8.13061 -14.716 -13.3291 3.34342 -3.36319 47.4135 -56.4886 48.3341 -30.0522 0.0615366 0.141 -11.6327 -8.92821 75.5277 -24.9344 0.0510559 0.116988 -0.355655 -25.7963 1.03684 9.50369 -4.32711 2.09145 20.9333 -6.8923 -18.1996 -0.876987 -39.8926 -0.674123 -9.13588 31.1431 1.99093 -2.39345 -41.5694 -6.22357 -14.3633 -10.9819 17.1804 0.801613 -10.1701 12.8571 8.18764e-16 -7.57917e-16 -2.47971e-17 -9.50369 -4.32711 2.09145 -1.03329 -0.965465 31.8103 0.876987 -39.8926 -0.674123 9.11408 31.082 -1.98074 2.39345 -41.5694 -6.22357 -1.67997 -24.4529 -17.5572 -0.801613 -10.1701 12.8571 -9.94331e-16 -5.46645e-16 -1.27222e-14 
13.0003 90.4089 -98.2523 -1.2209 -3.70597 -4.25752 0 5.22546 -1.18466 -1.09169 -8.15367 0.348775 0 5.77894 1.10239 -0.836315 -5.80074 0.0168426 -1.0557e-17 6.16289 0.118334 -0.553545 -1.47839 0.18754 -1.13649e-17 6.69386 -0.456341 -0.361283 4.69549 0.224559 -2.02997e-17 7.82529 -1.54945 -0.0661335 8.2767 0.294008 -2.60628e-17 9.77186 -0.940923 0.204638 10.2479 0.193064 -2.98794e-17 10.8563 1.62248 0.0720216 -0.37632 -0.0523817 -1.32927e-17 4.92478 0.736013 0.493613 12.5245 1.43828 -1.86396e-17 4.96043 0.433981 2.32677 -8.59016 0.652459 -2.06766e-17 4.97002 0.787173 2.67758 -11.8203 1.523 1.26863 -7.82717 7.75148 23.1284 -9.19686 12.6474 13.3291 3.34342 -3.36319 -50.5332 -44.0402 -47.4757 30.0522 0.0615366 0.141 11.8787 -10.0735 -81.1339 24.9344 0.0510561 0.116988 2.32108 -39.3102 4.00016 -1.26863 -7.82715 7.75138 -25.0433 -8.22597 -13.5212 -13.3291 3.34342 -3.36319 41.3127 -55.2756 40.9206 -30.0522 0.0615366 0.141 -11.2451 -7.73171 69.5236 -24.9344 0.0510559 0.116988 -1.19415 -28.176 2.17474 9.50369 -4.32711 2.09145 20.4878 -5.04531 -18.2158 -0.876987 -39.8926 -0.674123 -7.33944 25.8484 1.22611 -2.39345 -41.5694 -6.22357 -14.9991 -5.48409 18.1964 0.801613 -10.1701 12.8571 1.21715e-15 -7.45455e-16 -3.72594e-17 -9.50369 -4.32711 2.09145 -1.64503 -0.162614 31.5453 0.876987 -39.8926 -0.674123 7.62347 26.7202 -1.33657 2.39345 -41.5694 -6.22357 1.03775 -19.2692 -17.2265 -0.801613 -10.1701 12.8571 -5.96762e-16 -5.59069e-16 -1.2747e-14 
13.0742 92.8961 -99.2395 -1.28043 -4.11811 -3.60843 0 5.22546 -1.18466 -1.07185 -8.19602 0.269768 0 5.77894 1.10239 -0.809208 -5.74882 -0.0323589 -1.0557e-17 6.16289 0.118334 -0.548479 -1.35116 0.11997 -1.13649e-17 6.69386 -0.456341 -0.365199 4.85699 0.156164 -2.02997e-17 7.82529 -1.54945 -0.0913652 8.49119 0.215155 -2.60628e-17 9.77186 -0.940923 0.139833 10.4674 0.134955 -2.98794e-17 10.8563 1.62248 0.0577384 -0.431026 -0.0404864 -1.32927e-17 4.92478 0.736013 0.581561 11.1082 1.35344 -1.86396e-17 4.96043 0.433981 2.1064 -8.9136 0.580394 -2.06766e-17 4.97002 0.787173 3.00639 -10.8162 1.0821 1.26863 -7.82717 7.75148 20.8712 -9.58312 11.1932 13.3291 3.34342 -3.36319 -47.159 -44.0705 -45.7168 30.0522 0.0615366 0.141 11.515 -8.51715 -73.4867 24.9344 0.0510561 0.116988 3.18722 -41.765 3.09168 -1.26863 -7.82715 7.75138 -23.7758 -8.48449 -12.0668 -13.3291 3.34342 -3.36319 36.1995 -52.998 32.8496 -30.0522 0.0615366 0.141 -10.8753 -6.86797 65.0453 -24.9344 0.0510559 0.116988 -2.02413 -30.2449 2.59963 9.50369 -4.32711 2.09145 19.9896 -2.74166 -18.2526 -0.876987 -39.8926 -0.674123 -5.42481 19.6513 0.593317 -2.39345 -41.5694 -6.22357 -15.9054 2.33193 19.9632 0.801613 -10.1701 12.8571 -3.94549e-15 -9.68843e-16 1.86129e-16 -9.50369 -4.32711 2.09145 -2.41208 1.42712 30.1893 0.876987 -39.8926 -0.674123 6.02547 21.6531 -0.770139 2.39345 -41.5694 -6.22357 4.01127 -11.8225 -17.191 -0.801613 -10.1701 12.8571 1.9796e-16 -5.96315e-16 -1.27719e-14 
13.4852 95.505 -100.919 -1.31865 -3.83932 -2.86395 0 5.22546 -1.18466 -1.00344 -8.26054 0.170136 0 5.77894 1.10239 -0.752022 -5.72287 -0.0770515 -1.0557e-17 6.16289 0.118334 -0.525779 -1.24419 0.0555676 -1.13649e-17 6.69386 -0.456341 -0.359153 5.04725 0.0927985 -2.02997e-17 7.82529 -1.54945 -0.119608 8.74844 0.135974 -2.60628e-17 9.77186 -0.940923 0.0566056 10.7458 0.0802076 -2.98794e-17 10.8563 1.62248 0.0470952 -0.495806 -0.0246771 -1.32927e-17 4.92478 0.736013 0.595141 9.58328 1.49884 -1.86396e-17 4.96043 0.433981 1.99434 -8.82399 0.630459 -2.06766e-17 4.97002 0.787173 3.15984 -10.1017 0.451929 1.26863 -7.82717 7.75148 18.4937 -9.89441 9.5554 13.3291 3.34342 -3.36319 -44.157 -43.8656 -43.7741 30.0522 0.0615366 0.141 10.9537 -7.03658 -65.9322 24.9344 0.0510561 0.116988 4.40941 -43.9317 2.94839 -1.26863 -7.82715 7.75138 -22.129 -8.71714 -10.3898 -13.3291 3.34342 -3.36319 32.4926 -50.9671 25.4129 -30.0522 0.0615366 0.141 -10.6459 -6.41043 62.6074 -24.9344 0.0510559 0.116988 -2.70332 -32.053 0.871663 9.50369 -4.32711 2.09145 19.5882 -1.4182 -17.0651 -0.876987 -39.8926 -0.674123 -3.55251 13.1206 0.178553 -2.39345 -41.5694 -6.22357 -17.7003 12.4854 22.5912 0.801613 -10.1701 12.8571 -4.348e-15 -9.81486e-16 1.98772e-16 -9.50369 -4.32711 2.09145 -3.13212 1.84654 27.6904 0.876987 -39.8926 -0.674123 4.64235 16.9716 -0.3943 2.39345 -41.5694 -6.22357 7.14741 -2.63959 -17.7848 -0.801613 -10.1701 12.8571 9.93099e-16 -6.33587e-16 -1.28091e-14 
14.083 98.0887 -103.222 -1.37682 -2.01643 -2.3032 0 5.22546 -1.18466 -0.839962 -8.41244 0.0419731 0 5.77894 1.10239 -0.615569 -5.8021 -0.123179 -1.0557e-17 6.16289 0.118334 -0.436498 -1.28549 -0.0113718 -1.13649e-17 6.69386 -0.456341 -0.29784 5.08597 0.0274142 -2.02997e-17 7.82529 -1.54945 -0.110008 8.82113 0.0481429 -2.60628e-17 9.77186 -0.940923 -0.00780654 10.8386 0.00659138 -2.98794e-17 10.8563 1.62248 0.034739 -0.560112 0.00609277 -1.32927e-17 4.92478 0.736013 0.621871 7.35708 1.65285 -1.86396e-17 4.96043 0.433981 2.1987 -8.46496 0.702619 -2.06766e-17 4.97002 0.787173 2.6713 -9.43328 0.109231 1.26863 -7.82717 7.75148 16.069 -9.93396 8.07468 13.3291 3.34342 -3.36319 -41.1004 -43.4114 -41.4034 30.0522 0.0615366 0.141 10.186 -5.61444 -58.2301 24.9344 0.0510561 0.116988 6.15016 -46.2077 2.983 -1.26863 -7.82715 7.75138 -20.0043 -8.66287 -8.8181 -13.3291 3.34342 -3.36319 28.6004 -48.5993 18.4679 -30.0522 0.0615366 0.141 -10.2847 -5.77381 59.1212 -24.9344 0.0510559 0.116988 -3.48144 -34.7429 -0.0965877 9.50369 -4.32711 2.09145 19.4622 -2.8828 -13.8001 -0.876987 -39.8926 -0.674123 -2.36876 8.81407 0.0284202 -2.39345 -41.5694 -6.22357 -18.9885 19.6882 24.2062 0.801613 -10.1701 12.8571 -6.3342e-15 -1.06838e-15 2.85663e-16 -9.50369 -4.32711 2.09145 -3.61567 0.150769 24.6353 0.876987 -39.8926 -0.674123 3.64997 13.4699 -0.194861 2.39345 -41.5694 -6.22357 8.28414 3.75768 -18.1092 -0.801613 -10.1701 12.8571 5.96766e-16 -6.21215e-16 -1.27968e-14 
14.5102 100.76 -104.719 -1.5034 1.25241 -2.01646 0 5.22546 -1.18466 -0.59866 -8.71257 -0.0802689 0 5.77894 1.10239 -0.416355 -6.05357 -0.154264 -1.0557e-17 6.16289 0.118334 -0.298974 -1.52574 -0.06614 -1.13649e-17 6.69386 -0.456341 -0.203302 4.95405 -0.0261683 -2.02997e-17 7.82529 -1.54945 -0.0826695 8.71958 -0.0260856 -2.60628e-17 9.77186 -0.940923 -0.0693462 10.7711 -0.0565228 -2.98794e-17 10.8563 1.62248 0.0101511 -0.614369 0.0390748 -1.32927e-17 4.92478 0.736013 0.623758 4.19854 1.61077 -1.86396e-17 4.96043 0.433981 2.30471 -8.10447 0.675096 -2.06766e-17 4.97002 0.787173 2.19747 -8.26179 0.166169 1.26863 -7.82717 7.75148 13.7066 -9.69754 6.79817 13.3291 3.34342 -3.36319 -37.9875 -43.0613 -38.6959 30.0522 0.0615366 0.141 9.2895 -4.3723 -50.9273 24.9344 0.0510561 0.116988 8.07816 -48.7751 3.73227 -1.26863 -7.82715 7.75138 -17.4442 -8.34403 -7.39229 -13.3291 3.34342 -3.36319 25.4542 -46.3339 12.8307 -30.0522 0.0615366 0.141 -9.80502 -5.04537 54.9663 -24.9344 0.0510559 0.116988 -4.02552 -38.45 -0.392546 9.50369 -4.32711 2.09145 20.033 -7.11819 -8.66118 -0.876987 -39.8926 -0.674123 -2.46303 9.16073 0.037095 -2.39345 -41.5694 -6.22357 -17.4188 14.1858 21.7083 0.801613 -10.1701 12.8571 -1.49744e-14 -2.23512e-15 1.46481e-15 -9.50369 -4.32711 2.09145 -3.79901 -4.06659 22.4815 0.876987 -39.8926 -0.674123 3.51334 12.9799 -0.172164 2.39345 -41.5694 -6.22357 6.02592 -0.185184 -17.2507 -0.801613 -10.1701 12.8571 4.17077e-15 -7.70136e-16 -1.29457e-14 
14.8107 103.395 -105.386 -1.76858 4.55729 -1.9913 0 5.22546 -1.18466 -0.326203 -9.10797 -0.134776 0 5.77894 1.10239 -0.199551 -6.40824 -0.127587 -1.0557e-17 6.16289 0.118334 -0.153689 -1.85611 -0.0652634 -1.13649e-17 6.69386 -0.456341 -0.113327 4.79942 -0.023899 -2.02997e-17 7.82529 -1.54945 -0.0609245 8.64106 -0.0371143 -2.60628e-17 9.77186 -0.940923 -0.12561 10.7484 -0.0578153 -2.98794e-17 10.8563 1.62248 -0.0209522 -0.65289 0.0632419 -1.32927e-17 4.92478 0.736013 0.591542 0.565422 1.76044 -1.86396e-17 4.96043 0.433981 2.1792 -7.8152 0.739743 -2.06766e-17 4.97002 0.787173 2.05125 -6.504 -0.137059 1.26863 -7.82717 7.75148 11.335 -9.2216 5.50455 13.3291 3.34342 -3.36319 -34.4519 -42.3262 -35.324 30.0522 0.0615366 0.141 8.28903 -3.29708 -43.9166 24.9344 0.0510561 0.116988 8.90727 -51.7792 4.24198 -1.26863 -7.82715 7.75138 -14.4405 -7.88752 -6.02678 -13.3291 3.34342 -3.36319 23.4867 -44.2769 8.68153 -30.0522 0.0615366 0.141 -9.21688 -4.28472 50.3833 -24.9344 0.0510559 0.116988 -3.78076 -42.5878 -0.0980215 9.50369 -4.32711 2.09145 20.4437 -10.8721 -3.86136 -0.876987 -39.8926 -0.674123 -2.40555 8.9494 0.0317371 -2.39345 -41.5694 -6.22357 -16.0953 9.57128 19.7148 0.801613 -10.1701 12.8571 9.28271e-18 -7.96633e-16 1.39316e-17 -9.50369 -4.32711 2.09145 -3.5236 -8.83057 21.8085 0.876987 -39.8926 -0.674123 3.4688 12.8198 -0.165018 2.39345 -41.5694 -6.22357 3.99893 -3.85837 -16.6654 -0.801613 -10.1701 12.8571 -1.38572e-15 -5.34479e-16 -1.271e-14 
15.1366 105.694 -105.878 -2.13893 7.02459 -1.90081 0 5.22546 -1.18466 -0.0752216 -9.37226 -0.130444 0 5.77894 1.10239 -0.00894003 -6.6408 -0.0626419 -1.0557e-17 6.16289 0.118334 -0.0297047 -2.09325 -0.0279435 -1.13649e-17 6.69386 -0.456341 -0.0408463 4.7146 0.0123191 -2.02997e-17 7.82529 -1.54945 -0.0465389 8.63686 -0.00738475 -2.60628e-17 9.77186 -0.940923 -0.167842 10.7876 -0.0208788 -2.98794e-17 10.8563 1.62248 -0.0505784 -0.668264 0.0814046 -1.32927e-17 4.92478 0.736013 0.577827 -3.27751 2.00615 -1.86396e-17 4.96043 0.433981 1.85 -7.73311 0.852086 -2.06766e-17 4.97002 0.787173 2.35393 -4.29863 -0.866804 1.26863 -7.82717 7.75148 8.81148 -8.48654 4.11251 13.3291 3.34342 -3.36319 -29.8717 -40.4394 -31.1241 30.0522 0.0615366 0.141 7.14973 -2.34012 -36.8 24.9344 0.0510561 0.116988 8.05801 -56.4347 3.47609 -1.26863 -7.82715 7.75138 -11.0894 -7.32761 -4.66602 -13.3291 3.34342 -3.36319 22.4144 -42.3015 5.92257 -30.0522 0.0615366 0.141 -8.45178 -3.45469 44.9964 -24.9344 0.0510559 0.116988 -2.80985 -46.7691 0.972521 9.50369 -4.32711 2.09145 20.0432 -13.7694 -1.74143 -0.876987 -39.8926 -0.674123 -2.25126 8.38126 0.0184103 -2.39345 -41.5694 -6.22357 -15.234 8.67155 19.0949 0.801613 -10.1701 12.8571 2.48481e-17 -7.95139e-16 1.2424e-17 -9.50369 -4.32711 2.09145 -2.90033 -12.6139 21.4891 0.876987 -39.8926 -0.674123 3.38213 12.5077 -0.151468 2.39345 -41.5694 -6.22357 3.77335 -3.92261 -16.4619 -0.801613 -10.1701 12.8571 -1.78865e-15 -5.09411e-16 -1.26974e-14 
15.5232 107.523 -106.255 -2.49419 8.74036 -1.46317 0 5.22546 -1.18466 0.14013 -9.44944 -0.109067 0 5.77894 1.10239 0.15365 -6.687 0.000753 -1.0557e-17 6.16289 0.118334 0.0834706 -2.16638 0.0113954 -1.13649e-17 6.69386 -0.456341 0.0380416 4.73841 0.0496591 -2.02997e-17 7.82529 -1.54945 -0.00859043 8.7292 0.0253564 -2.60628e-17 9.77186 -0.940923 -0.162534 10.9096 0.0103017 -2.98794e-17 10.8563 1.62248 -0.0700072 -0.664152 0.0976047 -1.32927e-17 4.92478 0.736013 0.667988 -7.23425 2.19382 -1.86396e-17 4.96043 0.433981 1.61809 -7.9505 0.944942 -2.06766e-17 4.97002 0.787173 2.44056 -2.41767 -1.86115 1.26863 -7.82717 7.75148 6.07797 -7.56043 2.608 13.3291 3.34342 -3.36319 -25.2254 -37.1852 -27.2897 30.0522 0.0615366 0.141 5.94195 -1.55468 -29.894 24.9344 0.0510561 0.116988 6.09553 -62.3392 1.5037 -1.26863 -7.82715 7.75138 -7.58719 -6.66555 -3.31531 -13.3291 3.34342 -3.36319 21.9132 -40.6322 4.28161 -30.0522 0.0615366 0.141 -7.54092 -2.64186 39.1616 -24.9344 0.0510559 0.116988 -1.33871 -50.4896 2.45793 9.50369 -4.32711 2.09145 18.8845 -16.1576 -2.02856 -0.876987 -39.8926 -0.674123 -2.16645 8.06836 0.0117389 -2.39345 -41.5694 -6.22357 -14.3075 8.74623 18.8672 0.801613 -10.1701 12.8571 2.40779e-15 -6.95849e-16 -8.68652e-17 -9.50369 -4.32711 2.09145 -2.08188 -15.0768 20.9643 0.876987 -39.8926 -0.674123 3.22598 11.9438 -0.128252 2.39345 -41.5694 -6.22357 3.70089 -2.43738 -16.2972 -0.801613 -10.1701 12.8571 -9.94748e-16 -5.46619e-16 -1.27222e-14 
15.9178 108.798 -106.514 -2.79472 9.71909 -1.12901 0 5.22546 -1.18466 0.326256 -9.18716 -0.0621627 0 5.77894 1.10239 0.294353 -6.42098 0.0688646 -1.0557e-17 6.16289 0.118334 0.191046 -2.02417 0.0609874 -1.13649e-17 6.69386 -0.456341 0.12619 4.80036 0.0964471 -2.02997e-17 7.82529 -1.54945 0.0597578 8.74602 0.0669992 -2.60628e-17 9.77186 -0.940923 -0.0941499 10.8917 0.0402908 -2.98794e-17 10.8563 1.62248 -0.0806479 -0.634244 0.113966 -1.32927e-17 4.92478 0.736013 0.84317 -11.0478 2.27937 -1.86396e-17 4.96043 0.433981 1.5781 -8.27179 0.9965 -2.06766e-17 4.97002 0.787173 2.01928 -0.912812 -2.57638 1.26863 -7.82717 7.75148 3.42989 -6.39802 1.0089 13.3291 3.34342 -3.36319 -21.5821 -33.1248 -24.3241 30.0522 0.0615366 0.141 4.7745 -0.973606 -23.631 24.9344 0.0510561 0.116988 3.53602 -68.5015 -1.14173 -1.26863 -7.82715 7.75138 -4.25481 -5.80506 -1.97715 -13.3291 3.34342 -3.36319 22.0547 -39.1473 3.83981 -30.0522 0.0615366 0.141 -6.49613 -1.88933 32.9957 -24.9344 0.0510559 0.116988 0.51839 -53.2148 4.11987 9.50369 -4.32711 2.09145 17.3298 -17.946 -3.35282 -0.876987 -39.8926 -0.674123 -2.25462 8.39363 0.0186837 -2.39345 -41.5694 -6.22357 -13.0453 8.23408 18.4773 0.801613 -10.1701 12.8571 5.19036e-15 -5.71635e-16 -2.1108e-16 -9.50369 -4.32711 2.09145 -0.901907 -16.7498 20.954 0.876987 -39.8926 -0.674123 3.19345 11.826 -0.123608 2.39345 -41.5694 -6.22357 2.77772 -0.875535 -16.0044 -0.801613 -10.1701 12.8571 -1.78824e-15 -5.09424e-16 -1.26974e-14 
16.287 109.54 -106.582 -2.83306 9.60557 -1.04862 0 5.22546 -1.18466 0.411175 -8.22669 0.0459158 0 5.77894 1.10239 0.338751 -5.55711 0.170292 -1.0557e-17 6.16289 0.118334 0.223726 -1.56303 0.150462 -1.13649e-17 6.69386 -0.456341 0.154145 4.72725 0.181111 -2.02997e-17 7.82529 -1.54945 0.105001 8.29681 0.153049 -2.60628e-17 9.77186 -0.940923 0.00679812 10.2489 0.109934 -2.98794e-17 10.8563 1.62248 -0.087673 -0.546864 0.138873 -1.32927e-17 4.92478 0.736013 0.958527 -14.8816 2.10423 -1.86396e-17 4.96043 0.433981 1.49281 -8.11445 0.920122 -2.06766e-17 4.97002 0.787173 1.64718 1.29137 -2.91327 1.26863 -7.82717 7.75148 0.816624 -4.63902 -0.902839 13.3291 3.34342 -3.36319 -18.4264 -28.0421 -21.4813 30.0522 0.0615366 0.141 3.7039 -0.571559 -18.1305 24.9344 0.0510561 0.116988 -2.86198 -75.2764 -7.39691 -1.26863 -7.82715 7.75138 -1.00908 -4.37117 -0.418874 -13.3291 3.34342 -3.36319 22.6489 -37.4798 3.78466 -30.0522 0.0615366 0.141 -5.41497 -1.27248 27.0239 -24.9344 0.0510559 0.116988 2.14579 -55.3574 5.64064 9.50369 -4.32711 2.09145 15.2797 -18.5257 -5.02167 -0.876987 -39.8926 -0.674123 -2.45833 9.14344 0.0366486 -2.39345 -41.5694 -6.22357 -11.4283 7.08365 17.9018 0.801613 -10.1701 12.8571 1.61884e-15 -7.32851e-16 -4.98637e-17 -9.50369 -4.32711 2.09145 0.370584 -17.2158 21.7863 0.876987 -39.8926 -0.674123 3.25413 12.0456 -0.132323 2.39345 -41.5694 -6.22357 1.48787 -0.0485641 -15.6548 -0.801613 -10.1701 12.8571 -5.97591e-16 -5.5903e-16 -1.2747e-14 
16.6257 109.792 -106.507 -2.66565 8.94763 -1.12866 0 5.22546 -1.18466 0.41169 -6.88742 0.173409 0 5.77894 1.10239 0.308827 -4.40984 0.274355 -1.0557e-17 6.16289 0.118334 0.202334 -0.939162 0.255349 -1.13649e-17 6.69386 -0.456341 0.142033 4.59999 0.283867 -2.02997e-17 7.82529 -1.54945 0.135355 7.63145 0.261864 -2.60628e-17 9.77186 -0.940923 0.122972 9.31807 0.194424 -2.98794e-17 10.8563 1.62248 -0.0902497 -0.431094 0.168678 -1.32927e-17 4.92478 0.736013 1.0779 -18.152 1.99044 -1.86396e-17 4.96043 0.433981 1.49089 -7.57851 0.87288 -2.06766e-17 4.97002 0.787173 1.17977 3.51961 -3.10262 1.26863 -7.82717 7.75148 -1.48503 -2.67952 -2.7261 13.3291 3.34342 -3.36319 -16.8743 -22.8487 -19.4458 30.0522 0.0615366 0.141 2.86619 -0.335482 -13.9406 24.9344 0.0510561 0.116988 -16.8296 -81.1482 -21.0041 -1.26863 -7.82715 7.75138 2.05912 -2.59133 1.19552 -13.3291 3.34342 -3.36319 23.8553 -35.9159 3.91781 -30.0522 0.0615366 0.141 -4.46635 -0.845613 22.0258 -24.9344 0.0510559 0.116988 3.3469 -57.889 6.62093 9.50369 -4.32711 2.09145 12.9454 -18.342 -6.87883 -0.876987 -39.8926 -0.674123 -2.71285 10.0766 0.0628474 -2.39345 -41.5694 -6.22357 -9.75758 5.59176 17.3246 0.801613 -10.1701 12.8571 -1.95929e-15 -8.81952e-16 9.92377e-17 -9.50369 -4.32711 2.09145 1.62793 -16.9219 23.0313 0.876987 -39.8926 -0.674123 3.33869 12.351 -0.144855 2.39345 -41.5694 -6.22357 0.0288369 0.0656626 -15.3243 -0.801613 -10.1701 12.8571 -1.99197e-16 -5.83904e-16 -1.27595e-14 
16.9384 109.532 -106.301 -2.52515 8.23207 -1.15067 0 5.22546 -1.18466 0.389741 -5.51213 0.273399 0 5.77894 1.10239 0.276879 -3.28978 0.343872 -1.0557e-17 6.16289 0.118334 0.189357 -0.333776 0.336925 -1.13649e-17 6.69386 -0.456341 0.145933 4.44193 0.365209 -2.02997e-17 7.82529 -1.54945 0.184432 6.92426 0.347365 -2.60628e-17 9.77186 -0.940923 0.252274 8.35059 0.24724 -2.98794e-17 10.8563 1.62248 -0.0899904 -0.300727 0.198757 -1.32927e-17 4.92478 0.736013 1.17464 -20.7747 1.83436 -1.86396e-17 4.96043 0.433981 1.61683 -6.87231 0.80576 -2.06766e-17 4.97002 0.787173 0.791049 5.46295 -2.99533 1.26863 -7.82717 7.75148 -3.29889 -0.873379 -4.15982 13.3291 3.34342 -3.36319 -17.1481 -18.2639 -18.2787 30.0522 0.0615366 0.141 2.26889 -0.206646 -10.9974 24.9344 0.0510561 0.116988 -51.8621 -84.9609 -55.4343 -1.26863 -7.82715 7.75138 4.81887 -0.697653 2.6261 -13.3291 3.34342 -3.36319 25.7538 -34.0923 4.21839 -30.0522 0.0615366 0.141 -3.67641 -0.562587 17.9899 -24.9344 0.0510559 0.116988 4.11391 -61.3844 7.24667 9.50369 -4.32711 2.09145 10.7381 -17.849 -8.53152 -0.876987 -39.8926 -0.674123 -2.98985 11.0871 0.0960734 -2.39345 -41.5694 -6.22357 -7.9421 3.54816 16.7444 0.801613 -10.1701 12.8571 -1.56584e-15 -8.69696e-16 8.69812e-17 -9.50369 -4.32711 2.09145 2.98157 -16.4575 24.482 0.876987 -39.8926 -0.674123 3.50004 12.9321 -0.170017 2.39345 -41.5694 -6.22357 -1.60268 -0.366774 -15.0435 -0.801613 -10.1701 12.8571 -9.93099e-16 -5.46696e-16 -1.27223e-14 
17.2146 108.754 -106.035 -2.55726 7.8375 -1.01688 0 5.22546 -1.18466 0.391292 -4.232 0.319009 0 5.77894 1.10239 0.286387 -2.30563 0.358186 -1.0557e-17 6.16289 0.118334 0.216397 0.165804 0.370266 -1.13649e-17 6.69386 -0.456341 0.189602 4.21376 0.397974 -2.02997e-17 7.82529 -1.54945 0.257158 6.17066 0.37994 -2.60628e-17 9.77186 -0.940923 0.376771 7.35798 0.247247 -2.98794e-17 10.8563 1.62248 -0.0881174 -0.158465 0.22487 -1.32927e-17 4.92478 0.736013 1.24935 -23.0655 1.65696 -1.86396e-17 4.96043 0.433981 1.73687 -6.22185 0.725952 -2.06766e-17 4.97002 0.787173 0.561909 7.05846 -2.7097 1.26863 -7.82717 7.75148 -4.65156 0.707449 -5.19624 13.3291 3.34342 -3.36319 -18.9341 -14.3105 -17.6746 30.0522 0.0615366 0.141 1.86675 -0.137782 -9.03169 24.9344 0.0510561 0.116988 -106.342 -84.8674 -109.29 -1.26863 -7.82715 7.75138 7.24975 1.23388 3.78868 -13.3291 3.34342 -3.36319 28.3198 -31.4157 4.70782 -30.0522 0.0615366 0.141 -3.03366 -0.377252 14.7701 -24.9344 0.0510559 0.116988 4.98451 -66.1353 8.23011 9.50369 -4.32711 2.09145 8.95565 -17.6321 -9.64719 -0.876987 -39.8926 -0.674123 -3.35859 12.4228 0.14787 -2.39345 -41.5694 -6.22357 -6.10841 0.973697 16.2497 0.801613 -10.1701 12.8571 2.31988e-17 -7.95216e-16 1.25014e-17 -9.50369 -4.32711 2.09145 4.50581 -16.283 25.8211 0.876987 -39.8926 -0.674123 3.76951 13.8972 -0.215673 2.39345 -41.5694 -6.22357 -3.32089 -1.30326 -14.8587 -0.801613 -10.1701 12.8571 -1.99609e-16 -5.83891e-16 -1.27595e-14 
17.4189 107.543 -105.761 -2.76359 7.50497 -0.89082 0 5.22546 -1.18466 0.425218 -3.06034 0.322849 0 5.77894 1.10239 0.335726 -1.44879 0.334729 -1.0557e-17 6.16289 0.118334 0.275085 0.577691 0.367752 -1.13649e-17 6.69386 -0.456341 0.257625 3.94341 0.39351 -2.02997e-17 7.82529 -1.54945 0.334873 5.40986 0.371355 -2.60628e-17 9.77186 -0.940923 0.478025 6.38311 0.211742 -2.98794e-17 10.8563 1.62248 -0.0855575 -0.0122041 0.241944 -1.32927e-17 4.92478 0.736013 1.3217 -24.9566 1.53843 -1.86396e-17 4.96043 0.433981 1.73251 -5.71815 0.667006 -2.06766e-17 4.97002 0.787173 0.464307 8.31796 -2.38205 1.26863 -7.82717 7.75148 -5.64705 2.08431 -5.9378 13.3291 3.34342 -3.36319 -21.6603 -10.5208 -17.2988 30.0522 0.0615366 0.141 1.58795 -0.0983217 -7.67481 24.9344 0.0510561 0.116988 -134.605 -82.1067 -136.9 -1.26863 -7.82715 7.75138 9.3203 3.14731 4.70658 -13.3291 3.34342 -3.36319 31.3746 -27.0429 5.37978 -30.0522 0.0615366 0.141 -2.49543 -0.251566 12.1086 -24.9344 0.0510559 0.116988 7.73558 -72.1603 11.2856 9.50369 -4.32711 2.09145 7.68312 -17.5142 -10.2284 -0.876987 -39.8926 -0.674123 -3.84043 14.1501 0.228443 -2.39345 -41.5694 -6.22357 -4.44713 -1.75772 15.9195 0.801613 -10.1701 12.8571 2.48481e-17 -7.95139e-16 1.2424e-17 -9.50369 -4.32711 2.09145 6.06012 -16.1766 26.5806 0.876987 -39.8926 -0.674123 4.12678 15.1656 -0.283154 2.39345 -41.5694 -6.22357 -4.89011 -2.43079 -14.756 -0.801613 -10.1701 12.8571 -5.95942e-16 -5.59108e-16 -1.27471e-14 
17.5294 105.976 -105.594 -3.0332 6.97435 -0.8076 0 5.22546 -1.18466 0.452537 -1.93597 0.288992 0 5.77894 1.10239 0.385132 -0.643462 0.278011 -1.0557e-17 6.16289 0.118334 0.334285 0.975936 0.330588 -1.13649e-17 6.69386 -0.456341 0.326773 3.70236 0.353937 -2.02997e-17 7.82529 -1.54945 0.406131 4.71622 0.325835 -2.60628e-17 9.77186 -0.940923 0.55546 5.49731 0.142959 -2.98794e-17 10.8563 1.62248 -0.0843103 0.123978 0.248518 -1.32927e-17 4.92478 0.736013 1.40242 -26.164 1.47295 -1.86396e-17 4.96043 0.433981 1.68093 -5.34573 0.631306 -2.06766e-17 4.97002 0.787173 0.48898 9.20855 -1.91093 1.26863 -7.82717 7.75148 -6.36278 3.27286 -6.49405 13.3291 3.34342 -3.36319 -24.8582 -6.61592 -17.0237 30.0522 0.0615366 0.141 1.41039 -0.0766885 -6.81276 24.9344 0.0510561 0.116988 -148.351 -78.5342 -149.994 -1.26863 -7.82715 7.75138 10.9687 4.93771 5.44533 -13.3291 3.34342 -3.36319 34.6467 -20.8904 6.10247 -30.0522 0.0615366 0.141 -2.07 -0.17064 10.0225 -24.9344 0.0510559 0.116988 18.0879 -78.8882 21.8524 9.50369 -4.32711 2.09145 6.87081 -17.4278 -10.2218 -0.876987 -39.8926 -0.674123 -4.48201 16.4132 0.358011 -2.39345 -41.5694 -6.22357 -3.05009 -4.23729 15.7398 0.801613 -10.1701 12.8571 2.48481e-17 -7.95139e-16 1.2424e-17 -9.50369 -4.32711 2.09145 7.45723 -15.9693 26.7591 0.876987 -39.8926 -0.674123 4.54309 16.6263 -0.371651 2.39345 -41.5694 -6.22357 -6.21562 -3.44818 -14.7018 -0.801613 -10.1701 12.8571 -5.96354e-16 -5.59082e-16 -1.27471e-14 
17.5444 104.077 -105.561 -3.44117 6.14786 -0.823064 0 5.22546 -1.18466 0.497425 -0.811394 0.222601 0 5.77894 1.10239 0.455499 0.149045 0.19733 -1.0557e-17 6.16289 0.118334 0.410354 1.38465 0.267059 -1.13649e-17 6.69386 -0.456341 0.409004 3.49824 0.288838 -2.02997e-17 7.82529 -1.54945 0.479397 4.08395 0.249019 -2.60628e-17 9.77186 -0.940923 0.615292 4.68621 0.0436772 -2.98794e-17 10.8563 1.62248 -0.0859822 0.24663 0.246861 -1.32927e-17 4.92478 0.736013 1.60644 -26.7039 1.66967 -1.86396e-17 4.96043 0.433981 1.62853 -5.09226 0.70636 -2.06766e-17 4.97002 0.787173 0.581571 9.65429 -1.41478 1.26863 -7.82717 7.75148 -6.88461 4.32722 -6.92031 13.3291 3.34342 -3.36319 -28.4412 -2.60776 -16.7278 30.0522 0.0615366 0.141 1.31999 -0.0667137 -6.37441 24.9344 0.0510561 0.116988 -156.776 -74.4432 -157.977 -1.26863 -7.82715 7.75138 12.1582 6.58059 6.11234 -13.3291 3.34342 -3.36319 37.9267 -13.5467 6.97327 -30.0522 0.0615366 0.141 -1.75168 -0.120503 8.46989 -24.9344 0.0510559 0.116988 59.3459 -84.0805 63.2123 9.50369 -4.32711 2.09145 6.45496 -17.2259 -10.5923 -0.876987 -39.8926 -0.674123 -5.26501 19.1104 0.549752 -2.39345 -41.5694 -6.22357 -2.10739 -6.43696 15.7006 0.801613 -10.1701 12.8571 2.48481e-17 -7.95139e-16 1.2424e-17 -9.50369 -4.32711 2.09145 8.6803 -15.6372 26.3795 0.876987 -39.8926 -0.674123 4.99766 18.198 -0.480201 2.39345 -41.5694 -6.22357 -6.92732 -4.21189 -14.6758 -0.801613 -10.1701 12.8571 -5.96354e-16 -5.59082e-16 -1.27471e-14 
17.5414 101.828 -105.564 -4.07661 5.24351 -0.774699 0 5.22546 -1.18466 0.619977 0.179779 0.100222 0 5.77894 1.10239 0.60606 0.834807 0.0761224 -1.0557e-17 6.16289 0.118334 0.555685 1.73145 0.159181 -1.13649e-17 6.69386 -0.456341 0.550192 3.3023 0.180408 -2.02997e-17 7.82529 -1.54945 0.588219 3.51961 0.117664 -2.60628e-17 9.77186 -0.940923 0.67177 3.96979 -0.114453 -2.98794e-17 10.8563 1.62248 -0.0902669 0.36144 0.244473 -1.32927e-17 4.92478 0.736013 1.75188 -26.7621 1.77664 -1.86396e-17 4.96043 0.433981 1.56362 -4.83606 0.74332 -2.06766e-17 4.97002 0.787173 0.761585 9.52638 -0.553575 1.26863 -7.82717 7.75148 -7.29843 5.21161 -7.14904 13.3291 3.34342 -3.36319 -32.4269 1.41055 -16.3865 30.0522 0.0615366 0.141 1.29074 -0.0636362 -6.23266 24.9344 0.0510561 0.116988 -162.165 -70.2058 -163.022 -1.26863 -7.82715 7.75138 13.0512 7.9511 6.66147 -13.3291 3.34342 -3.36319 41.098 -6.80323 7.83939 -30.0522 0.0615366 0.141 -1.57284 -0.0961965 7.60023 -24.9344 0.0510559 0.116988 118.357 -82.318 122.477 9.50369 -4.32711 2.09145 6.53313 -16.9018 -10.6328 -0.876987 -39.8926 -0.674123 -6.0925 21.8734 0.791131 -2.39345 -41.5694 -6.22357 -1.04514 -8.38025 15.7031 0.801613 -10.1701 12.8571 -3.72304e-16 -8.0755e-16 2.48351e-17 -9.50369 -4.32711 2.09145 9.77729 -15.2166 25.5043 0.876987 -39.8926 -0.674123 5.45569 19.7554 -0.601905 2.39345 -41.5694 -6.22357 -7.30712 -4.83461 -14.669 -0.801613 -10.1701 12.8571 -1.99202e-16 -5.83904e-16 -1.27595e-14 
17.508 99.2274 -105.529 -4.65271 4.32224 -0.537636 0 5.22546 -1.18466 0.701723 1.05933 -0.0574368 0 5.77894 1.10239 0.732827 1.42573 -0.0834954 -1.0557e-17 6.16289 0.118334 0.690255 1.99604 0.007961 -1.13649e-17 6.69386 -0.456341 0.69218 3.05202 0.0276535 -2.02997e-17 7.82529 -1.54945 0.700554 2.9344 -0.0609104 -2.60628e-17 9.77186 -0.940923 0.721802 3.22874 -0.323073 -2.98794e-17 10.8563 1.62248 -0.0990898 0.485694 0.246139 -1.32927e-17 4.92478 0.736013 1.74155 -26.6898 1.62467 -1.86396e-17 4.96043 0.433981 1.44468 -4.58399 0.666538 -2.06766e-17 4.97002 0.787173 1.10458 9.29849 0.520455 1.26863 -7.82717 7.75148 -7.56057 6.02451 -7.225 13.3291 3.34342 -3.36319 -36.8444 5.37031 -15.9551 30.0522 0.0615366 0.141 1.30496 -0.0651233 -6.30158 24.9344 0.0510561 0.116988 -165.455 -66.4376 -166.302 -1.26863 -7.82715 7.75138 13.7406 9.19334 7.18478 -13.3291 3.34342 -3.36319 44.4406 -1.28571 8.72115 -30.0522 0.0615366 0.141 -1.46048 -0.0823365 7.0547 -24.9344 0.0510559 0.116988 140.088 -77.6234 144.55 9.50369 -4.32711 2.09145 6.97155 -16.69 -9.94092 -0.876987 -39.8926 -0.674123 -7.17052 25.3239 1.16237 -2.39345 -41.5694 -6.22357 -0.352471 -9.83571 15.7467 0.801613 -10.1701 12.8571 -3.72721e-16 -8.07563e-16 2.48481e-17 -9.50369 -4.32711 2.09145 10.671 -15.01 24.4507 0.876987 -39.8926 -0.674123 6.36271 22.7546 -0.878285 2.39345 -41.5694 -6.22357 -7.08717 -5.26655 -14.696 -0.801613 -10.1701 12.8571 -1.98785e-16 -5.8393e-16 -1.27595e-14 
17.5685 96.2919 -105.297 -4.91405 2.79067 -0.223498 0 5.22546 -1.18466 0.64995 1.93585 -0.166219 0 5.77894 1.10239 0.738246 1.99797 -0.207889 -1.0557e-17 6.16289 0.118334 0.720009 2.26351 -0.111287 -1.13649e-17 6.69386 -0.456341 0.739244 2.80788 -0.0911229 -2.02997e-17 7.82529 -1.54945 0.741696 2.37151 -0.197186 -2.60628e-17 9.77186 -0.940923 0.73208 2.50678 -0.482582 -2.98794e-17 10.8563 1.62248 -0.112383 0.611632 0.246217 -1.32927e-17 4.92478 0.736013 1.54591 -26.1771 1.27355 -1.86396e-17 4.96043 0.433981 1.2195 -4.57899 0.499609 -2.06766e-17 4.97002 0.787173 1.73679 8.59396 1.15395 1.26863 -7.82717 7.75148 -7.71584 6.79372 -7.23651 13.3291 3.34342 -3.36319 -41.5624 9.14691 -15.2655 30.0522 0.0615366 0.141 1.3627 -0.0713384 -6.58144 24.9344 0.0510561 0.116988 -167.407 -63.3873 -168.814 -1.26863 -7.82715 7.75138 14.0369 10.2939 7.57838 -13.3291 3.34342 -3.36319 47.948 3.40128 9.40461 -30.0522 0.0615366 0.141 -1.3222 -0.0667672 6.38408 -24.9344 0.0510559 0.116988 150.538 -72.2668 154.554 9.50369 -4.32711 2.09145 6.81059 -15.8893 -11.4433 -0.876987 -39.8926 -0.674123 -8.49463 29.3134 1.70029 -2.39345 -41.5694 -6.22357 -0.432164 -11.2047 15.8736 0.801613 -10.1701 12.8571 2.4431e-17 -7.95152e-16 1.24371e-17 -9.50369 -4.32711 2.09145 10.9774 -13.6741 23.4934 0.876987 -39.8926 -0.674123 7.50145 26.3473 -1.28862 2.39345 -41.5694 -6.22357 -6.92173 -7.17106 -14.9513 -0.801613 -10.1701 12.8571 -5.95937e-16 -5.59108e-16 -1.27471e-14 
17.5797 93.1492 -105.033 -4.69696 0.170943 -0.169413 0 5.22546 -1.18466 0.380127 2.85395 -0.176569 0 5.77894 1.10239 0.551681 2.64526 -0.25931 -1.0557e-17 6.16289 0.118334 0.593909 2.6772 -0.157136 -1.13649e-17 6.69386 -0.456341 0.656879 2.76851 -0.134268 -2.02997e-17 7.82529 -1.54945 0.721394 2.06961 -0.241898 -2.60628e-17 9.77186 -0.940923 0.758401 2.08871 -0.555747 -2.98794e-17 10.8563 1.62248 -0.116672 0.71408 0.231441 -1.32927e-17 4.92478 0.736013 1.16621 -25.2102 0.493354 -1.86396e-17 4.96043 0.433981 1.27561 -5.27407 0.16674 -2.06766e-17 4.97002 0.787173 2.42377 6.83809 1.81604 1.26863 -7.82717 7.75148 -7.77185 7.45561 -7.34879 13.3291 3.34342 -3.36319 -45.1821 13.5026 -14.8174 30.0522 0.0615366 0.141 1.35906 -0.0709399 -6.5638 24.9344 0.0510561 0.116988 -169.2 -59.0596 -170.279 -1.26863 -7.82715 7.75138 13.9352 11.0092 7.58524 -13.3291 3.34342 -3.36319 51.9247 8.45832 9.84317 -30.0522 0.0615366 0.141 -1.13877 -0.0486379 5.49571 -24.9344 0.0510559 0.116988 155.69 -66.2255 159.242 9.50369 -4.32711 2.09145 6.14973 -13.8522 -13.4279 -0.876987 -39.8926 -0.674123 -9.80679 32.9851 2.31464 -2.39345 -41.5694 -6.22357 0.755867 -12.5814 15.952 0.801613 -10.1701 12.8571 8.19153e-16 -7.57906e-16 -2.4809e-17 -9.50369 -4.32711 2.09145 11.6148 -11.3398 24.5157 0.876987 -39.8926 -0.674123 8.79973 30.1924 -1.83622 2.39345 -41.5694 -6.22357 -8.33101 -9.34458 -15.2691 -0.801613 -10.1701 12.8571 -1.99202e-16 -5.83904e-16 -1.27595e-14 
17.5643 90.0306 -104.725 -4.52572 -3.37751 -0.479701 0 5.22546 -1.18466 -0.0342966 4.31107 -0.179975 0 5.77894 1.10239 0.24836 3.66259 -0.323789 -1.0557e-17 6.16289 0.118334 0.379987 3.32378 -0.218915 -1.13649e-17 6.69386 -0.456341 0.51532 2.72143 -0.194811 -2.02997e-17 7.82529 -1.54945 0.672991 1.58067 -0.29602 -2.60628e-17 9.77186 -0.940923 0.783458 1.39419 -0.63464 -2.98794e-17 10.8563 1.62248 -0.11925 0.833954 0.213203 -1.32927e-17 4.92478 0.736013 0.824104 -23.2844 -0.23709 -1.86396e-17 4.96043 0.433981 1.44533 -5.94961 -0.141256 -2.06766e-17 4.97002 0.787173 3.79258 5.18338 2.84002 1.26863 -7.82717 7.75148 -7.43464 8.14835 -7.51209 13.3291 3.34342 -3.36319 -49.0225 18.0635 -13.9464 30.0522 0.0615366 0.141 1.366 -0.0717057 -6.59742 24.9344 0.0510561 0.116988 -170.908 -53.9146 -171.533 -1.26863 -7.82715 7.75138 13.3301 11.7114 7.80576 -13.3291 3.34342 -3.36319 56.3907 13.3299 10.0759 -30.0522 0.0615366 0.141 -0.971107 -0.0345762 4.68476 -24.9344 0.0510559 0.116988 157.709 -61.5026 160.647 9.50369 -4.32711 2.09145 6.22229 -13.0072 -13.9003 -0.876987 -39.8926 -0.674123 -12.452 39.5377 3.76563 -2.39345 -41.5694 -6.22357 2.27095 -17.6212 16.1714 0.801613 -10.1701 12.8571 3.2029e-15 -6.58578e-16 -1.24136e-16 -9.50369 -4.32711 2.09145 12.5658 -8.9978 25.2066 0.876987 -39.8926 -0.674123 10.5426 34.9203 -2.69143 2.39345 -41.5694 -6.22357 -9.03056 -10.8535 -15.5833 -0.801613 -10.1701 12.8571 5.9552e-16 -6.21163e-16 -1.27967e-14 
17.4027 87.8854 -104.748 -2.92843 -8.96209 0.485259 0 5.22546 -1.18466 -0.934331 6.36994 -0.225482 0 5.77894 1.10239 -0.463289 5.13875 -0.484237 -1.0557e-17 6.16289 0.118334 -0.165253 4.41952 -0.384708 -1.13649e-17 6.69386 -0.456341 0.121915 3.07829 -0.358504 -2.02997e-17 7.82529 -1.54945 0.438409 1.41226 -0.415929 -2.60628e-17 9.77186 -0.940923 0.707881 1.04066 -0.745322 -2.98794e-17 10.8563 1.62248 -0.126297 0.928378 0.185794 -1.32927e-17 4.92478 0.736013 0.267698 -19.7041 -1.38958 -1.86396e-17 4.96043 0.433981 1.14636 -6.00885 -0.649833 -2.06766e-17 4.97002 0.787173 6.06548 4.17011 4.19029 1.26863 -7.82717 7.75148 -7.12844 8.84764 -8.12263 13.3291 3.34342 -3.36319 -51.7141 22.1998 -14.0586 30.0522 0.0615366 0.141 1.32219 -0.0669566 -6.38506 24.9344 0.0510561 0.116988 -173.786 -49.1278 -173.828 -1.26863 -7.82715 7.75138 12.309 11.9727 8.40986 -13.3291 3.34342 -3.36319 60.5719 16.6636 10.5376 -30.0522 0.0615366 0.141 -0.815577 -0.0236684 3.93324 -24.9344 0.0510559 0.116988 160.043 -59.099 161.492 9.50369 -4.32711 2.09145 4.88215 -10.0899 -14.1827 -0.876987 -39.8926 -0.674123 -14.5239 43.9253 5.06737 -2.39345 -41.5694 -6.22357 1.47475 -19.1447 16.1007 0.801613 -10.1701 12.8571 1.21964e-15 -7.45351e-16 -3.73634e-17 -9.50369 -4.32711 2.09145 11.5412 -5.99941 23.5475 0.876987 -39.8926 -0.674123 12.7968 40.3112 -3.97312 2.39345 -41.5694 -6.22357 -10.8483 -15.0935 -16.3967 -0.801613 -10.1701 12.8571 2.58212e-15 -6.95668e-16 -1.28836e-14 
17.2949 86.4987 -104.475 -2.28601 -8.94916 -0.182552 0 5.22546 -1.18466 -1.0441 6.03912 -0.290855 0 5.77894 1.10239 -0.504357 5.04456 -0.568298 -1.0557e-17 6.16289 0.118334 -0.16756 4.47361 -0.463128 -1.13649e-17 6.69386 -0.456341 0.154955 3.38609 -0.437341 -2.02997e-17 7.82529 -1.54945 0.490724 1.89031 -0.506482 -2.60628e-17 9.77186 -0.940923 0.769327 1.56939 -0.869936 -2.98794e-17 10.8563 1.62248 -0.113964 0.859022 0.168235 -1.32927e-17 4.92478 0.736013 1.03852 -17.5411 0.301691 -1.86396e-17 4.96043 0.433981 1.87257 -5.55016 0.0986777 -2.06766e-17 4.97002 0.787173 4.02568 1.41386 4.06087 1.26863 -7.82717 7.75148 -6.26652 8.18294 -7.23365 13.3291 3.34342 -3.36319 -58.0048 24.4118 -12.9547 30.0522 0.0615366 0.141 1.37075 -0.0722348 -6.62044 24.9344 0.0510561 0.116988 -174.34 -47.1868 -173.874 -1.26863 -7.82715 7.75138 11.8984 11.3691 8.00053 -13.3291 3.34342 -3.36319 62.1142 19.5619 11.4724 -30.0522 0.0615366 0.141 -0.754281 -0.0199315 3.63724 -24.9344 0.0510559 0.116988 160.89 -59.8648 162.128 9.50369 -4.32711 2.09145 4.71628 -11.8464 -12.7673 -0.876987 -39.8926 -0.674123 -16.3488 47.3058 6.31131 -2.39345 -41.5694 -6.22357 1.70543 -20.9543 16.1205 0.801613 -10.1701 12.8571 2.80617e-15 -6.70976e-16 -1.11738e-16 -9.50369 -4.32711 2.09145 11.5082 -6.74683 23.4339 0.876987 -39.8926 -0.674123 13.8699 42.6068 -4.64278 2.39345 -41.5694 -6.22357 -12.5714 -17.4835 -17.0443 -0.801613 -10.1701 12.8571 1.39274e-15 -6.46102e-16 -1.28341e-14 
17.0941 85.873 -104.15 -1.9632 -7.14325 -0.0745895 0 5.22546 -1.18466 -1.17132 4.93555 -0.438792 0 5.77894 1.10239 -0.60728 4.34911 -0.718223 -1.0557e-17 6.16289 0.118334 -0.248075 4.07821 -0.617576 -1.13649e-17 6.69386 -0.456341 0.102497 3.5244 -0.596375 -2.02997e-17 7.82529 -1.54945 0.416815 2.40238 -0.661955 -2.60628e-17 9.77186 -0.940923 0.672302 2.18771 -1.00608 -2.98794e-17 10.8563 1.62248 -0.0991705 0.748484 0.132179 -1.32927e-17 4.92478 0.736013 0.908378 -19.1271 0.0886826 -1.86396e-17 4.96043 0.433981 1.87727 -6.96351 0.00521228 -2.06766e-17 4.97002 0.787173 4.86365 -0.220395 4.50392 1.26863 -7.82717 7.75148 -6.48345 7.80758 -6.8135 13.3291 3.34342 -3.36319 -61.2956 25.1096 -12.394 30.0522 0.0615366 0.141 1.32073 -0.0667968 -6.37797 24.9344 0.0510561 0.116988 -175.702 -46.6536 -174.786 -1.26863 -7.82715 7.75138 10.9945 10.2868 7.15298 -13.3291 3.34342 -3.36319 64.3424 20.2308 11.3288 -30.0522 0.0615366 0.141 -0.818163 -0.0238336 3.94575 -24.9344 0.0510559 0.116988 160.778 -62.683 161.42 9.50369 -4.32711 2.09145 4.72095 -16.0822 -12.0868 -0.876987 -39.8926 -0.674123 -18.5426 50.844 7.90532 -2.39345 -41.5694 -6.22357 1.17602 -19.805 15.9864 0.801613 -10.1701 12.8571 2.77676e-17 -7.95008e-16 1.22937e-17 -9.50369 -4.32711 2.09145 11.4154 -9.24854 23.5522 0.876987 -39.8926 -0.674123 14.6138 44.1021 -5.12671 2.39345 -41.5694 -6.22357 -12.8908 -19.312 -17.3029 -0.801613 -10.1701 12.8571 2.00036e-16 -5.96406e-16 -1.2772e-14 
16.6109 86.118 -103.518 -1.26507 -7.44554 -0.349242 0 5.22546 -1.18466 -1.5158 3.37829 -0.454558 0 5.77894 1.10239 -0.908577 3.37127 -0.779415 -1.0557e-17 6.16289 0.118334 -0.494301 3.61354 -0.684801 -1.13649e-17 6.69386 -0.456341 -0.0821634 3.85423 -0.673458 -2.02997e-17 7.82529 -1.54945 0.27638 3.32377 -0.701606 -2.60628e-17 9.77186 -0.940923 0.591018 3.37377 -1.02984 -2.98794e-17 10.8563 1.62248 -0.0892786 0.634752 0.0860568 -1.32927e-17 4.92478 0.736013 0.997864 -20.3899 0.385316 -1.86396e-17 4.96043 0.433981 1.62515 -7.13191 0.124375 -2.06766e-17 4.97002 0.787173 5.46417 -0.355383 4.0031 1.26863 -7.82717 7.75148 -7.28166 7.26134 -6.12517 13.3291 3.34342 -3.36319 -62.7709 24.633 -11.2794 30.0522 0.0615366 0.141 1.21589 -0.0560975 -5.87004 24.9344 0.0510561 0.116988 -177.122 -48.181 -175.494 -1.26863 -7.82715 7.75138 10.8652 8.94054 6.06664 -13.3291 3.34342 -3.36319 64.9785 18.2681 10.5732 -30.0522 0.0615366 0.141 -0.962321 -0.033911 4.64231 -24.9344 0.0510559 0.116988 164.411 -66.7379 164.194 9.50369 -4.32711 2.09145 3.99778 -17.0216 -12.3426 -0.876987 -39.8926 -0.674123 -19.4029 52.0926 8.55546 -2.39345 -41.5694 -6.22357 -0.291943 -16.6434 15.8153 0.801613 -10.1701 12.8571 4.22e-16 -7.82728e-16 1.30334e-20 -9.50369 -4.32711 2.09145 11.0445 -8.30874 24.7845 0.876987 -39.8926 -0.674123 14.1505 43.1797 -4.82348 2.39345 -41.5694 -6.22357 -12.7759 -19.7738 -17.2467 -0.801613 -10.1701 12.8571 -2.58128e-15 -4.84655e-16 -1.26602e-14 
15.9778 86.9466 -103.356 -1.17062 -6.13388 -0.683148 0 5.22546 -1.18466 -1.6551 1.5059 -0.528837 0 5.77894 1.10239 -1.02983 2.1756 -0.871472 -1.0557e-17 6.16289 0.118334 -0.571384 3.06742 -0.783252 -1.13649e-17 6.69386 -0.456341 -0.100363 4.37207 -0.778746 -2.02997e-17 7.82529 -1.54945 0.282139 4.56839 -0.796366 -2.60628e-17 9.77186 -0.940923 0.616721 4.91407 -1.12561 -2.98794e-17 10.8563 1.62248 -0.0714425 0.47451 0.0384076 -1.32927e-17 4.92478 0.736013 1.37573 -18.7107 1.00368 -1.86396e-17 4.96043 0.433981 2.33659 -7.27951 0.419184 -2.06766e-17 4.97002 0.787173 4.74523 -1.24499 4.82973 1.26863 -7.82717 7.75148 -6.84235 5.46213 -4.38875 13.3291 3.34342 -3.36319 -64.3916 21.7457 -10.9994 30.0522 0.0615366 0.141 1.20273 -0.0548192 -5.80635 24.9344 0.0510561 0.116988 -177.693 -53.8808 -176.112 -1.26863 -7.82715 7.75138 9.80182 6.52497 4.3244 -13.3291 3.34342 -3.36319 66.0215 12.6236 10.4452 -30.0522 0.0615366 0.141 -1.14158 -0.0489025 5.50933 -24.9344 0.0510559 0.116988 163.986 -73.1667 163.922 9.50369 -4.32711 2.09145 3.88632 -18.5393 -12.2379 -0.876987 -39.8926 -0.674123 -18.8471 51.2944 8.13396 -2.39345 -41.5694 -6.22357 -0.421779 -14.0751 15.7998 0.801613 -10.1701 12.8571 2.52652e-17 -7.95126e-16 1.2411e-17 -9.50369 -4.32711 2.09145 10.9625 -8.60363 25.5005 0.876987 -39.8926 -0.674123 12.9873 40.731 -4.08941 2.39345 -41.5694 -6.22357 -12.8189 -19.0045 -17.0414 -0.801613 -10.1701 12.8571 -1.39274e-15 -5.34182e-16 -1.27097e-14 
15.3851 88.5534 -103.836 -1.54972 -5.17743 -1.49139 0 5.22546 -1.18466 -1.49434 -0.0925036 -0.579319 0 5.77894 1.10239 -0.902949 1.07789 -0.899907 -1.0557e-17 6.16289 0.118334 -0.470704 2.49364 -0.813622 -1.13649e-17 6.69386 -0.456341 -0.0180303 4.60603 -0.81405 -2.02997e-17 7.82529 -1.54945 0.326046 5.35909 -0.838117 -2.60628e-17 9.77186 -0.940923 0.604615 5.91148 -1.16043 -2.98794e-17 10.8563 1.62248 -0.0623068 0.343984 -0.00473862 -1.32927e-17 4.92478 0.736013 1.86586 -17.1313 2.09348 -1.86396e-17 4.96043 0.433981 2.60628 -7.90129 0.924929 -2.06766e-17 4.97002 0.787173 3.88633 -2.46456 4.67092 1.26863 -7.82717 7.75148 -6.47586 4.03921 -2.96616 13.3291 3.34342 -3.36319 -65.9181 17.9235 -9.57615 30.0522 0.0615366 0.141 1.21517 -0.0560231 -5.86657 24.9344 0.0510561 0.116988 -176.589 -60.8663 -175.896 -1.26863 -7.82715 7.75138 8.28821 4.52237 2.61336 -13.3291 3.34342 -3.36319 66.0672 7.8558 9.29052 -30.0522 0.0615366 0.141 -1.39279 -0.0745196 6.72635 -24.9344 0.0510559 0.116988 162.666 -77.1878 162.907 9.50369 -4.32711 2.09145 4.09828 -17.7143 -11.9121 -0.876987 -39.8926 -0.674123 -16.3408 47.2918 6.30562 -2.39345 -41.5694 -6.22357 -0.0610892 -12.492 15.8222 0.801613 -10.1701 12.8571 2.48481e-17 -7.95139e-16 1.2424e-17 -9.50369 -4.32711 2.09145 10.9069 -6.96976 26.7311 0.876987 -39.8926 -0.674123 10.5359 34.9032 -2.68792 2.39345 -41.5694 -6.22357 -12.5163 -17.219 -16.5087 -0.801613 -10.1701 12.8571 -5.97198e-16 -5.59056e-16 -1.2747e-14 
14.9212 90.6876 -104.762 -1.79155 -3.77459 -2.18975 0 5.22546 -1.18466 -1.2832 -2.26708 -0.618454 0 5.77894 1.10239 -0.756168 -0.434407 -0.892037 -1.0557e-17 6.16289 0.118334 -0.363154 1.8169 -0.810157 -1.13649e-17 6.69386 -0.456341 0.0659196 5.21671 -0.810784 -2.02997e-17 7.82529 -1.54945 0.367381 6.84934 -0.839943 -2.60628e-17 9.77186 -0.940923 0.587847 7.74782 -1.14482 -2.98794e-17 10.8563 1.62248 -0.0518261 0.136674 -0.0509758 -1.32927e-17 4.92478 0.736013 1.81514 -13.7575 2.16764 -1.86396e-17 4.96043 0.433981 2.75502 -8.9368 0.99164 -2.06766e-17 4.97002 0.787173 3.32836 -5.06508 5.71528 1.26863 -7.82717 7.75148 -5.39574 1.82734 -1.23622 13.3291 3.34342 -3.36319 -66.3684 13.5984 -9.49754 30.0522 0.0615366 0.141 1.24681 -0.0591493 -6.01982 24.9344 0.0510561 0.116988 -176.236 -67.2275 -175.875 -1.26863 -7.82715 7.75138 6.1489 1.7175 0.633112 -13.3291 3.34342 -3.36319 65.4051 2.61757 8.74554 -30.0522 0.0615366 0.141 -1.70117 -0.113369 8.22422 -24.9344 0.0510559 0.116988 158.967 -81.3361 158.869 9.50369 -4.32711 2.09145 4.08918 -15.977 -11.4489 -0.876987 -39.8926 -0.674123 -13.061 40.892 4.13472 -2.39345 -41.5694 -6.22357 0.37876 -10.5239 15.819 0.801613 -10.1701 12.8571 2.48481e-17 -7.95139e-16 1.2424e-17 -9.50369 -4.32711 2.09145 10.5009 -6.07494 27.761 0.876987 -39.8926 -0.674123 8.36148 28.925 -1.64232 2.39345 -41.5694 -6.22357 -10.9624 -12.8682 -15.5317 -0.801613 -10.1701 12.8571 -1.99206e-16 -5.83904e-16 -1.27595e-14 
14.8741 93.1049 -106.094 -1.79835 -2.10398 -2.77194 0 5.22546 -1.18466 -1.14533 -3.27514 -0.651381 0 5.77894 1.10239 -0.668255 -1.26265 -0.892323 -1.0557e-17 6.16289 0.118334 -0.302821 1.26716 -0.810755 -1.13649e-17 6.69386 -0.456341 0.11148 5.1489 -0.812041 -2.02997e-17 7.82529 -1.54945 0.372891 7.08571 -0.84703 -2.60628e-17 9.77186 -0.940923 0.538399 8.07151 -1.13369 -2.98794e-17 10.8563 1.62248 -0.0446952 0.0637317 -0.0633842 -1.32927e-17 4.92478 0.736013 1.803 -10.9096 2.52178 -1.86396e-17 4.96043 0.433981 2.78429 -9.20999 1.16679 -2.06766e-17 4.97002 0.787173 2.83588 -6.30584 6.08428 1.26863 -7.82717 7.75148 -4.3263 0.677553 -0.0324153 13.3291 3.34342 -3.36319 -66.1639 9.64976 -8.36355 30.0522 0.0615366 0.141 1.41345 -0.0770355 -6.82759 24.9344 0.0510561 0.116988 -175.646 -71.0515 -176.026 -1.26863 -7.82715 7.75138 4.37697 0.248983 -0.415852 -13.3291 3.34342 -3.36319 63.7207 -2.27655 6.96587 -30.0522 0.0615366 0.141 -2.1706 -0.188344 10.5148 -24.9344 0.0510559 0.116988 148.585 -84.2151 147.972 9.50369 -4.32711 2.09145 3.73882 -13.9737 -10.674 -0.876987 -39.8926 -0.674123 -9.84402 33.0851 2.33317 -2.39345 -41.5694 -6.22357 0.447323 -6.80029 15.7084 0.801613 -10.1701 12.8571 2.48481e-17 -7.95139e-16 1.2424e-17 -9.50369 -4.32711 2.09145 9.42482 -6.4897 26.9628 0.876987 -39.8926 -0.674123 6.72234 23.9107 -1.00046 2.39345 -41.5694 -6.22357 -7.23946 -6.70132 -14.5512 -0.801613 -10.1701 12.8571 1.98363e-16 -5.96341e-16 -1.27719e-14 
15.2511 95.7349 -107.933 -1.77448 -0.331232 -2.98785 0 5.22546 -1.18466 -0.881241 -3.87599 -0.662353 0 5.77894 1.10239 -0.473279 -1.84152 -0.847958 -1.0557e-17 6.16289 0.118334 -0.162607 0.762242 -0.763159 -1.13649e-17 6.69386 -0.456341 0.202395 4.83136 -0.760229 -2.02997e-17 7.82529 -1.54945 0.401955 6.85022 -0.807558 -2.60628e-17 9.77186 -0.940923 0.496989 7.83423 -1.08027 -2.98794e-17 10.8563 1.62248 -0.0301002 0.0492069 -0.0451507 -1.32927e-17 4.92478 0.736013 1.63618 -8.20219 2.54363 -1.86396e-17 4.96043 0.433981 2.74148 -8.94758 1.1809 -2.06766e-17 4.97002 0.787173 2.09599 -6.85649 6.18893 1.26863 -7.82717 7.75148 -2.99117 -0.066836 0.957046 13.3291 3.34342 -3.36319 -65.5751 6.78297 -7.46139 30.0522 0.0615366 0.141 1.6434 -0.10563 -7.94431 24.9344 0.0510561 0.116988 -176.029 -73.1716 -177.133 -1.26863 -7.82715 7.75138 2.86911 -0.644387 -1.08529 -13.3291 3.34342 -3.36319 60.8729 -7.22312 4.74623 -30.0522 0.0615366 0.141 -2.69677 -0.295515 13.1012 -24.9344 0.0510559 0.116988 125.544 -86.387 124.403 9.50369 -4.32711 2.09145 3.49618 -12.2177 -9.60053 -0.876987 -39.8926 -0.674123 -6.98969 24.7574 1.09577 -2.39345 -41.5694 -6.22357 -1.12668 -0.656646 15.482 0.801613 -10.1701 12.8571 -3.72299e-16 -8.0755e-16 2.48349e-17 -9.50369 -4.32711 2.09145 8.07488 -7.03813 24.2419 0.876987 -39.8926 -0.674123 5.03495 18.3259 -0.489651 2.39345 -41.5694 -6.22357 -3.46061 1.45506 -13.6894 -0.801613 -10.1701 12.8571 -1.38981e-15 -5.343e-16 -1.27099e-14 
15.7868 98.4012 -109.952 -1.6693 1.6061 -2.89537 0 5.22546 -1.18466 -0.579064 -4.41753 -0.659266 0 5.77894 1.10239 -0.240984 -2.38969 -0.775924 -1.0557e-17 6.16289 0.118334 0.0051697 0.256605 -0.685602 -1.13649e-17 6.69386 -0.456341 0.305922 4.45753 -0.675874 -2.02997e-17 7.82529 -1.54945 0.438242 6.51784 -0.736661 -2.60628e-17 9.77186 -0.940923 0.462204 7.48447 -0.99568 -2.98794e-17 10.8563 1.62248 -0.0104958 0.0456862 -0.0142402 -1.32927e-17 4.92478 0.736013 1.382 -5.75266 2.30342 -1.86396e-17 4.96043 0.433981 2.6276 -8.54794 1.06393 -2.06766e-17 4.97002 0.787173 1.37982 -6.96084 6.17403 1.26863 -7.82717 7.75148 -1.31464 -0.736229 1.90478 13.3291 3.34342 -3.36319 -64.9909 4.3514 -6.94501 30.0522 0.0615366 0.141 1.91823 -0.145801 -9.28268 24.9344 0.0510561 0.116988 -177.225 -75.3615 -179.091 -1.26863 -7.82715 7.75138 1.39402 -1.40209 -1.641 -13.3291 3.34342 -3.36319 57.4369 -12.1386 2.53158 -30.0522 0.0615366 0.141 -3.23713 -0.431721 15.7844 -24.9344 0.0510559 0.116988 70.6488 -87.2661 69.0408 9.50369 -4.32711 2.09145 3.82688 -12.3249 -7.47548 -0.876987 -39.8926 -0.674123 -5.23733 19.0163 0.542358 -2.39345 -41.5694 -6.22357 -2.92373 4.57649 15.4501 0.801613 -10.1701 12.8571 1.61302e-15 -7.33098e-16 -4.96171e-17 -9.50369 -4.32711 2.09145 6.55686 -8.33131 20.6693 0.876987 -39.8926 -0.674123 3.85384 14.1978 -0.230891 2.39345 -41.5694 -6.22357 -0.910727 6.76805 -13.4908 -0.801613 -10.1701 12.8571 -2.0005e-16 -5.83877e-16 -1.27594e-14 
16.0953 101.166 -111.014 -1.75053 4.90324 -2.61401 0 5.22546 -1.18466 -0.196636 -5.10156 -0.637667 0 5.77894 1.10239 0.0682412 -3.08407 -0.678364 -1.0557e-17 6.16289 0.118334 0.232312 -0.398789 -0.581802 -1.13649e-17 6.69386 -0.456341 0.452865 3.94169 -0.565632 -2.02997e-17 7.82529 -1.54945 0.508613 6.04503 -0.643219 -2.60628e-17 9.77186 -0.940923 0.453599 6.98707 -0.893003 -2.98794e-17 10.8563 1.62248 0.0143379 0.0526632 0.0307058 -1.32927e-17 4.92478 0.736013 1.14329 -4.07298 1.9688 -1.86396e-17 4.96043 0.433981 2.64116 -8.03114 0.894363 -2.06766e-17 4.97002 0.787173 0.488249 -6.80515 5.96039 1.26863 -7.82717 7.75148 0.926218 -1.33803 2.93524 13.3291 3.34342 -3.36319 -64.4798 1.99451 -6.70738 30.0522 0.0615366 0.141 2.2609 -0.205133 -10.9582 24.9344 0.0510561 0.116988 -177.977 -78.3456 179.618 -1.26863 -7.82715 7.75138 -0.0465209 -1.98206 -2.26043 -13.3291 3.34342 -3.36319 53.583 -17.0849 0.520743 -30.0522 0.0615366 0.141 -3.76565 -0.591461 18.4415 -24.9344 0.0510559 0.116988 30.9645 -85.4761 28.8289 9.50369 -4.32711 2.09145 6.043 -15.7326 -3.96952 -0.876987 -39.8926 -0.674123 -4.82181 17.593 0.436749 -2.39345 -41.5694 -6.22357 -1.9235 0.704743 15.4788 0.801613 -10.1701 12.8571 2.65353e-17 -7.95073e-16 1.23581e-17 -9.50369 -4.32711 2.09145 4.84792 -11.9831 18.005 0.876987 -39.8926 -0.674123 3.60016 13.2915 -0.186451 2.39345 -41.5694 -6.22357 -2.53383 2.21391 -14.0076 -0.801613 -10.1701 12.8571 1.98363e-16 -5.96341e-16 -1.27719e-14 
16.2602 103.793 -111.438 -2.04711 9.17222 -2.16151 0 5.22546 -1.18466 0.121602 -6.08615 -0.578094 0 5.77894 1.10239 0.321663 -4.05695 -0.556121 -1.0557e-17 6.16289 0.118334 0.406958 -1.22627 -0.4556 -1.13649e-17 6.69386 -0.456341 0.553656 3.42884 -0.432272 -2.02997e-17 7.82529 -1.54945 0.542746 5.71522 -0.51715 -2.60628e-17 9.77186 -0.940923 0.426928 6.71469 -0.74966 -2.98794e-17 10.8563 1.62248 0.0334071 0.0455605 0.0790606 -1.32927e-17 4.92478 0.736013 0.871833 -3.28887 1.66672 -1.86396e-17 4.96043 0.433981 2.40477 -7.45382 0.733121 -2.06766e-17 4.97002 0.787173 0.258666 -6.22911 5.29906 1.26863 -7.82717 7.75148 3.3199 -1.98329 3.92668 13.3291 3.34342 -3.36319 -63.2276 -0.989662 -6.77999 30.0522 0.0615366 0.141 2.68748 -0.293552 -13.0566 24.9344 0.0510561 0.116988 -177.912 -82.2799 179.465 -1.26863 -7.82715 7.75138 -1.28893 -2.4985 -2.78299 -13.3291 3.34342 -3.36319 49.5517 -22.1206 -0.975281 -30.0522 0.0615366 0.141 -4.2326 -0.755303 20.8215 -24.9344 0.0510559 0.116988 17.2517 -83.2689 14.4676 9.50369 -4.32711 2.09145 9.02966 -20.3508 -1.35905 -0.876987 -39.8926 -0.674123 -4.46968 16.3702 0.355283 -2.39345 -41.5694 -6.22357 -1.78017 -3.11223 15.7156 0.801613 -10.1701 12.8571 -7.69447e-16 -8.32371e-16 4.96566e-17 -9.50369 -4.32711 2.09145 3.24624 -16.4053 16.4493 0.876987 -39.8926 -0.674123 3.31827 12.2773 -0.141787 2.39345 -41.5694 -6.22357 -2.69024 -1.93032 -14.805 -0.801613 -10.1701 12.8571 -5.9551e-16 -5.59121e-16 -1.27471e-14 
16.3322 106.069 -111.844 -2.16207 12.0128 -1.9857 0 5.22546 -1.18466 0.329549 -6.83556 -0.42283 0 5.77894 1.10239 0.459062 -4.82113 -0.357923 -1.0557e-17 6.16289 0.118334 0.472344 -1.83791 -0.26048 -1.13649e-17 6.69386 -0.456341 0.541878 3.0979 -0.227094 -2.02997e-17 7.82529 -1.54945 0.490899 5.56039 -0.308446 -2.60628e-17 9.77186 -0.940923 0.359145 6.66752 -0.508964 -2.98794e-17 10.8563 1.62248 0.0492214 0.0437941 0.122846 -1.32927e-17 4.92478 0.736013 0.604693 -2.43502 1.65826 -1.86396e-17 4.96043 0.433981 1.95416 -7.21316 0.711977 -2.06766e-17 4.97002 0.787173 0.44687 -5.48176 3.88574 1.26863 -7.82717 7.75148 5.0341 -2.56714 4.69437 13.3291 3.34342 -3.36319 -60.3149 -4.15674 -7.19684 30.0522 0.0615366 0.141 3.14632 -0.407084 -15.3326 24.9344 0.0510561 0.116988 -176.543 -85.881 -178.788 -1.26863 -7.82715 7.75138 -2.40827 -2.95525 -3.30242 -13.3291 3.34342 -3.36319 45.2192 -26.9384 -2.01076 -30.0522 0.0615366 0.141 -4.59444 -0.897534 22.6903 -24.9344 0.0510559 0.116988 9.94899 -81.1863 6.45415 9.50369 -4.32711 2.09145 11.1348 -23.1552 -1.95639 -0.876987 -39.8926 -0.674123 -3.96025 14.5761 0.250721 -2.39345 -41.5694 -6.22357 -4.03623 -3.27829 16.0483 0.801613 -10.1701 12.8571 4.21152e-16 -7.82767e-16 5.27258e-20 -9.50369 -4.32711 2.09145 1.57068 -18.9897 14.6479 0.876987 -39.8926 -0.674123 2.95322 10.9538 -0.0913983 2.39345 -41.5694 -6.22357 -1.31462 -2.45941 -15.1597 -0.801613 -10.1701 12.8571 -1.99206e-16 -5.83904e-16 -1.27595e-14 
16.2917 107.863 -112.04 -2.10561 12.9001 -2.44461 0 5.22546 -1.18466 0.550861 -7.08264 -0.213843 0 5.77894 1.10239 0.604877 -5.11042 -0.111417 -1.0557e-17 6.16289 0.118334 0.541322 -2.04035 -0.0267786 -1.13649e-17 6.69386 -0.456341 0.522346 2.99426 0.0137563 -2.02997e-17 7.82529 -1.54945 0.444044 5.51526 -0.0726718 -2.60628e-17 9.77186 -0.940923 0.309141 6.70794 -0.239647 -2.98794e-17 10.8563 1.62248 0.0627621 0.0405337 0.151984 -1.32927e-17 4.92478 0.736013 0.42015 -1.36489 1.56454 -1.86396e-17 4.96043 0.433981 1.6095 -8.19039 0.658872 -2.06766e-17 4.97002 0.787173 0.33959 -6.31449 2.74031 1.26863 -7.82717 7.75148 6.37976 -3.08251 5.31724 13.3291 3.34342 -3.36319 -56.3685 -6.28462 -7.95324 30.0522 0.0615366 0.141 3.59015 -0.535584 -17.5565 24.9344 0.0510561 0.116988 -171.117 -87.3566 -172.628 -1.26863 -7.82715 7.75138 -3.89088 -3.41126 -4.06654 -13.3291 3.34342 -3.36319 41.207 -30.5291 -2.51423 -30.0522 0.0615366 0.141 -4.90565 -1.03096 24.3172 -24.9344 0.0510559 0.116988 6.26628 -79.6377 2.48679 9.50369 -4.32711 2.09145 13.0363 -23.3987 -1.62634 -0.876987 -39.8926 -0.674123 -3.5362 13.062 0.175881 -2.39345 -41.5694 -6.22357 -6.35854 -2.36305 16.2927 0.801613 -10.1701 12.8571 4.22417e-16 -7.82715e-16 2.88531e-33 -9.50369 -4.32711 2.09145 0.338543 -19.4477 13.6891 0.876987 -39.8926 -0.674123 2.65889 9.87913 -0.0569447 2.39345 -41.5694 -6.22357 -0.3167 -0.988681 -15.243 -0.801613 -10.1701 12.8571 -9.9308e-16 -5.46697e-16 -1.27223e-14 
16.1691 108.993 -112.204 -2.12652 13.4702 -3.02818 0 5.22546 -1.18466 0.630444 -7.17013 -0.0236983 0 5.77894 1.10239 0.631483 -5.23087 0.0952631 -1.0557e-17 6.16289 0.118334 0.528711 -2.05154 0.164407 -1.13649e-17 6.69386 -0.456341 0.465118 3.10738 0.210877 -2.02997e-17 7.82529 -1.54945 0.396076 5.67998 0.120781 -2.60628e-17 9.77186 -0.940923 0.284659 6.94906 -0.0184066 -2.98794e-17 10.8563 1.62248 0.0775204 0.0040901 0.162908 -1.32927e-17 4.92478 0.736013 0.269816 0.653867 1.23729 -1.86396e-17 4.96043 0.433981 1.60052 -9.8269 0.503306 -2.06766e-17 4.97002 0.787173 0.534829 -8.73595 2.51289 1.26863 -7.82717 7.75148 8.54289 -3.83866 6.16664 13.3291 3.34342 -3.36319 -53.1116 -8.67004 -9.2234 30.0522 0.0615366 0.141 4.12239 -0.714804 -20.2582 24.9344 0.0510561 0.116988 -166.202 -88.7629 -167.073 -1.26863 -7.82715 7.75138 -6.14555 -4.13781 -5.08968 -13.3291 3.34342 -3.36319 38.3764 -33.3559 -2.05983 -30.0522 0.0615366 0.141 -5.0767 -1.1088 25.2198 -24.9344 0.0510559 0.116988 5.40505 -78.3952 1.4407 9.50369 -4.32711 2.09145 15.294 -23.0375 1.00481 -0.876987 -39.8926 -0.674123 -3.28797 12.1679 0.137284 -2.39345 -41.5694 -6.22357 -8.37338 -2.06993 16.4518 0.801613 -10.1701 12.8571 1.61386e-15 -7.33071e-16 -4.96434e-17 -9.50369 -4.32711 2.09145 -0.423091 -19.5012 13.6296 0.876987 -39.8926 -0.674123 2.39136 8.89723 -0.0304474 2.39345 -41.5694 -6.22357 1.06275 0.353965 -15.46 -0.801613 -10.1701 12.8571 -2.18537e-15 -4.97014e-16 -1.26726e-14 
16.0019 109.405 -112.413 -2.38237 13.5619 -3.25889 0 5.22546 -1.18466 0.503297 -6.64934 0.154814 0 5.77894 1.10239 0.483076 -4.84716 0.256242 -1.0557e-17 6.16289 0.118334 0.386411 -1.80201 0.312124 -1.13649e-17 6.69386 -0.456341 0.323966 3.09346 0.361494 -2.02997e-17 7.82529 -1.54945 0.302711 5.4483 0.277882 -2.60628e-17 9.77186 -0.940923 0.252372 6.64704 0.166707 -2.98794e-17 10.8563 1.62248 0.0850308 0.0045563 0.176222 -1.32927e-17 4.92478 0.736013 0.141471 2.89737 0.873295 -1.86396e-17 4.96043 0.433981 1.71478 -10.7439 0.325983 -2.06766e-17 4.97002 0.787173 1.60761 -10.1908 2.4326 1.26863 -7.82717 7.75148 11.0909 -4.35434 6.88569 13.3291 3.34342 -3.36319 -50.0932 -11.8593 -10.0301 30.0522 0.0615366 0.141 4.8111 -0.989457 -23.8226 24.9344 0.0510561 0.116988 -3.51085 -88.4738 -3.84222 -1.26863 -7.82715 7.75138 -8.80255 -4.50239 -5.95251 -13.3291 3.34342 -3.36319 36.0318 -35.1117 -1.7022 -30.0522 0.0615366 0.141 -5.03304 -1.08862 24.9888 -24.9344 0.0510559 0.116988 7.87386 -77.7598 4.20468 9.50369 -4.32711 2.09145 17.5401 -22.3287 3.46019 -0.876987 -39.8926 -0.674123 -3.23183 11.9649 0.129093 -2.39345 -41.5694 -6.22357 -10.1016 -2.6103 16.4855 0.801613 -10.1701 12.8571 2.65353e-17 -7.95073e-16 1.23581e-17 -9.50369 -4.32711 2.09145 -1.00255 -18.9447 12.9874 0.876987 -39.8926 -0.674123 2.17444 8.09784 -0.0123468 2.39345 -41.5694 -6.22357 2.336 0.617039 -15.6608 -0.801613 -10.1701 12.8571 -9.95189e-16 -5.46605e-16 -1.27222e-14 
15.951 109.356 -112.488 -2.60007 12.1188 -3.15616 0 5.22546 -1.18466 0.351834 -5.03121 0.284867 0 5.77894 1.10239 0.333062 -3.5856 0.358757 -1.0557e-17 6.16289 0.118334 0.251371 -1.14161 0.4033 -1.13649e-17 6.69386 -0.456341 0.199828 2.73912 0.450242 -2.02997e-17 7.82529 -1.54945 0.220163 4.36928 0.36935 -2.60628e-17 9.77186 -0.940923 0.222724 5.21675 0.283345 -2.98794e-17 10.8563 1.62248 0.0753362 0.111769 0.204659 -1.32927e-17 4.92478 0.736013 0.068484 4.64218 0.629097 -1.86396e-17 4.96043 0.433981 1.69851 -10.5726 0.197456 -2.06766e-17 4.97002 0.787173 2.58466 -9.93609 2.13307 1.26863 -7.82717 7.75148 13.4329 -4.09471 7.171 13.3291 3.34342 -3.36319 -47.1343 -14.9953 -9.51643 30.0522 0.0615366 0.141 5.5906 -1.36288 -27.9736 24.9344 0.0510561 0.116988 -3.27655 -85.47 -3.31615 -1.26863 -7.82715 7.75138 -11.9293 -4.01936 -6.55217 -13.3291 3.34342 -3.36319 32.9526 -34.9332 -2.59827 -30.0522 0.0615366 0.141 -5.03197 -1.08814 24.9831 -24.9344 0.0510559 0.116988 11.7566 -77.9719 8.55874 9.50369 -4.32711 2.09145 19.0763 -20.1445 4.44395 -0.876987 -39.8926 -0.674123 -3.19505 11.8318 0.123836 -2.39345 -41.5694 -6.22357 -11.6297 -3.06466 16.4428 0.801613 -10.1701 12.8571 2.48481e-17 -7.95139e-16 1.2424e-17 -9.50369 -4.32711 2.09145 -1.8622 -16.5778 11.7665 0.876987 -39.8926 -0.674123 1.97274 7.35231 0.00175212 2.39345 -41.5694 -6.22357 3.47282 0.551633 -15.8136 -0.801613 -10.1701 12.8571 -1.39107e-15 -5.34247e-16 -1.27098e-14 
16.0361 108.892 -112.413 -2.65228 10.2753 -2.98771 0 5.22546 -1.18466 0.289822 -3.15163 0.333668 0 5.77894 1.10239 0.284541 -2.15972 0.387156 -1.0557e-17 6.16289 0.118334 0.210823 -0.403203 0.423966 -1.13649e-17 6.69386 -0.456341 0.166847 2.3303 0.466823 -2.02997e-17 7.82529 -1.54945 0.202496 3.16046 0.379141 -2.60628e-17 9.77186 -0.940923 0.223016 3.57861 0.308497 -2.98794e-17 10.8563 1.62248 0.0624627 0.252901 0.222753 -1.32927e-17 4.92478 0.736013 0.0990443 6.52582 0.564374 -1.86396e-17 4.96043 0.433981 1.76642 -9.93958 0.161402 -2.06766e-17 4.97002 0.787173 2.7358 -9.88309 1.96968 1.26863 -7.82717 7.75148 16.0455 -3.6243 7.52921 13.3291 3.34342 -3.36319 -45.6912 -18.3942 -8.73813 30.0522 0.0615366 0.141 6.41395 -1.83722 -32.5312 24.9344 0.0510561 0.116988 -3.8162 -82.2194 -3.99261 -1.26863 -7.82715 7.75138 -15.8744 -3.29174 -7.44562 -13.3291 3.34342 -3.36319 30.5452 -33.5916 -3.5988 -30.0522 0.0615366 0.141 -5.30669 -1.21867 26.4435 -24.9344 0.0510559 0.116988 15.1251 -78.2586 12.5521 9.50369 -4.32711 2.09145 20.1614 -17.4766 4.36538 -0.876987 -39.8926 -0.674123 -3.1432 11.644 0.116569 -2.39345 -41.5694 -6.22357 -12.9304 -3.60131 16.2896 0.801613 -10.1701 12.8571 2.48481e-17 -7.95139e-16 1.2424e-17 -9.50369 -4.32711 2.09145 -2.72136 -13.7298 11.8589 0.876987 -39.8926 -0.674123 1.81737 6.77672 0.0108133 2.39345 -41.5694 -6.22357 4.34962 0.427408 -15.9599 -0.801613 -10.1701 12.8571 -5.97198e-16 -5.59056e-16 -1.2747e-14 
16.176 107.999 -112.298 -2.54396 8.90851 -2.85319 0 5.22546 -1.18466 0.216154 -1.4895 0.321862 0 5.77894 1.10239 0.235875 -0.949862 0.351961 -1.0557e-17 6.16289 0.118334 0.179001 0.197269 0.386721 -1.13649e-17 6.69386 -0.456341 0.150985 1.92329 0.425903 -2.02997e-17 7.82529 -1.54945 0.195639 2.08232 0.333896 -2.60628e-17 9.77186 -0.940923 0.219146 2.09913 0.277039 -2.98794e-17 10.8563 1.62248 0.0476381 0.39067 0.231613 -1.32927e-17 4.92478 0.736013 0.163877 8.02452 0.419212 -1.86396e-17 4.96043 0.433981 1.88179 -9.20777 0.0956866 -2.06766e-17 4.97002 0.787173 2.69495 -10.2735 2.23336 1.26863 -7.82717 7.75148 18.9217 -3.15816 8.14196 13.3291 3.34342 -3.36319 -45.5296 -22.6086 -7.89782 30.0522 0.0615366 0.141 7.38184 -2.51613 -38.1936 24.9344 0.0510561 0.116988 -2.95017 -77.9919 -3.15841 -1.26863 -7.82715 7.75138 -20.0845 -2.45099 -8.58184 -13.3291 3.34342 -3.36319 28.8775 -32.3854 -4.50819 -30.0522 0.0615366 0.141 -5.87856 -1.51881 29.543 -24.9344 0.0510559 0.116988 17.022 -78.0829 15.0325 9.50369 -4.32711 2.09145 21.0038 -15.2528 3.53954 -0.876987 -39.8926 -0.674123 -3.06968 11.3772 0.106557 -2.39345 -41.5694 -6.22357 -14.2077 -4.25993 16.0271 0.801613 -10.1701 12.8571 2.48481e-17 -7.95139e-16 1.2424e-17 -9.50369 -4.32711 2.09145 -3.38353 -11.5904 13.8307 0.876987 -39.8926 -0.674123 1.8199 6.78608 0.0106786 2.39345 -41.5694 -6.22357 5.17173 0.196584 -16.1088 -0.801613 -10.1701 12.8571 -2.18493e-15 -4.97028e-16 -1.26726e-14 
16.267 106.74 -112.253 -2.27098 7.98104 -2.80968 0 5.22546 -1.18466 0.0564392 -0.0856859 0.299128 0 5.77894 1.10239 0.113601 0.0345336 0.295022 -1.0557e-17 6.16289 0.118334 0.0957415 0.659234 0.33791 -1.13649e-17 6.69386 -0.456341 0.100489 1.51326 0.37657 -2.02997e-17 7.82529 -1.54945 0.175685 1.13537 0.288024 -2.60628e-17 9.77186 -0.940923 0.219021 0.788953 0.239814 -2.98794e-17 10.8563 1.62248 0.0364169 0.518446 0.242583 -1.32927e-17 4.92478 0.736013 0.252222 8.94015 0.249377 -1.86396e-17 4.96043 0.433981 2.10452 -8.36583 0.0304888 -2.06766e-17 4.97002 0.787173 2.64553 -10.5167 2.58336 1.26863 -7.82717 7.75148 21.7969 -2.66883 8.91171 13.3291 3.34342 -3.36319 -45.7965 -27.1194 -7.02922 30.0522 0.0615366 0.141 8.47233 -3.4752 -45.1367 24.9344 0.0510561 0.116988 -1.90369 -72.7916 -2.04399 -1.26863 -7.82715 7.75138 -23.9726 -1.50689 -9.71862 -13.3291 3.34342 -3.36319 27.4453 -32.3135 -5.45371 -30.0522 0.0615366 0.141 -6.74188 -2.05134 34.4058 -24.9344 0.0510559 0.116988 13.7192 -76.8701 12.1989 9.50369 -4.32711 2.09145 21.6661 -13.6958 2.25542 -0.876987 -39.8926 -0.674123 -3.04492 11.2873 0.103262 -2.39345 -41.5694 -6.22357 -15.4967 -4.55007 15.817 0.801613 -10.1701 12.8571 2.48481e-17 -7.95139e-16 1.2424e-17 -9.50369 -4.32711 2.09145 -3.83518 -10.2819 16.6987 0.876987 -39.8926 -0.674123 2.03159 7.57004 -0.00208916 2.39345 -41.5694 -6.22357 6.07755 0.0970424 -16.2932 -0.801613 -10.1701 12.8571 9.90511e-16 -6.3348e-16 -1.2809e-14 
16.2817 105.141 -112.244 -1.84198 7.10584 -2.86501 0 5.22546 -1.18466 -0.19759 0.98081 0.298177 0 5.77894 1.10239 -0.0945023 0.76815 0.244835 -1.0557e-17 6.16289 0.118334 -0.0506056 0.998035 0.309195 -1.13649e-17 6.69386 -0.456341 0.00394201 1.17975 0.351771 -2.02997e-17 7.82529 -1.54945 0.142531 0.424544 0.274732 -2.60628e-17 9.77186 -0.940923 0.236825 -0.225924 0.226965 -2.98794e-17 10.8563 1.62248 0.0359662 0.624185 0.253671 -1.32927e-17 4.92478 0.736013 0.367249 9.68207 0.203679 -1.86396e-17 4.96043 0.433981 2.43763 -7.43987 0.033502 -2.06766e-17 4.97002 0.787173 2.46756 -10.4863 2.67829 1.26863 -7.82717 7.75148 24.613 -2.28066 9.80967 13.3291 3.34342 -3.36319 -46.7291 -31.5257 -6.82615 30.0522 0.0615366 0.141 9.51565 -4.65567 -52.6552 24.9344 0.0510561 0.116988 -0.838693 -66.9376 -1.05656 -1.26863 -7.82715 7.75138 -27.3524 -0.733833 -10.8096 -13.3291 3.34342 -3.36319 26.2355 -34.2863 -6.19791 -30.0522 0.0615366 0.141 -7.79702 -2.85397 40.7514 -24.9344 0.0510559 0.116988 5.82501 -73.3566 4.47529 9.50369 -4.32711 2.09145 22.1026 -12.5348 0.474687 -0.876987 -39.8926 -0.674123 -3.13656 11.6199 0.115651 -2.39345 -41.5694 -6.22357 -16.6414 -4.44855 15.7364 0.801613 -10.1701 12.8571 -3.72295e-16 -8.07549e-16 2.48348e-17 -9.50369 -4.32711 2.09145 -4.09946 -9.28812 19.8312 0.876987 -39.8926 -0.674123 2.42238 9.01129 -0.0332832 2.39345 -41.5694 -6.22357 6.82665 0.219964 -16.4986 -0.801613 -10.1701 12.8571 1.99638e-16 -5.96394e-16 -1.2772e-14 
16.2263 103.211 -112.236 -1.31807 6.35231 -2.89649 0 5.22546 -1.18466 -0.531369 1.66264 0.317222 0 5.77894 1.10239 -0.375439 1.21781 0.195309 -1.0557e-17 6.16289 0.118334 -0.250409 1.18631 0.292407 -1.13649e-17 6.69386 -0.456341 -0.131362 0.916684 0.34237 -2.02997e-17 7.82529 -1.54945 0.0967176 -0.0618561 0.285924 -2.60628e-17 9.77186 -0.940923 0.267666 -0.942617 0.232841 -2.98794e-17 10.8563 1.62248 0.0476493 0.706714 0.260436 -1.32927e-17 4.92478 0.736013 0.488807 10.3698 0.370659 -1.86396e-17 4.96043 0.433981 2.78011 -6.68865 0.140544 -2.06766e-17 4.97002 0.787173 2.2265 -10.3324 2.34096 1.26863 -7.82717 7.75148 27.125 -2.06358 10.777 13.3291 3.34342 -3.36319 -48.2957 -35.7324 -7.79983 30.0522 0.0615366 0.141 10.4081 -5.98147 -60.2728 24.9344 0.0510561 0.116988 -0.461022 -61.523 -0.934442 -1.26863 -7.82715 7.75138 -29.947 -0.275367 -11.8144 -13.3291 3.34342 -3.36319 25.1096 -38.4097 -6.48786 -30.0522 0.0615366 0.141 -8.8293 -3.84483 47.5873 -24.9344 0.0510559 0.116988 0.0371522 -67.3198 -1.54393 9.50369 -4.32711 2.09145 22.3015 -12.0206 -2.2996 -0.876987 -39.8926 -0.674123 -3.43891 12.7123 0.160292 -2.39345 -41.5694 -6.22357 -17.5603 -3.94891 15.9106 0.801613 -10.1701 12.8571 2.44215e-17 -7.95152e-16 1.24374e-17 -9.50369 -4.32711 2.09145 -4.25721 -8.24765 22.6401 0.876987 -39.8926 -0.674123 2.85735 10.6045 -0.0795686 2.39345 -41.5694 -6.22357 7.4855 0.266659 -16.7506 -0.801613 -10.1701 12.8571 9.9307e-16 -6.33586e-16 -1.28091e-14 
16.1548 100.955 -112.303 -0.69311 5.74795 -2.88548 0 5.22546 -1.18466 -0.930444 2.06536 0.359389 0 5.77894 1.10239 -0.726807 1.43531 0.153436 -1.0557e-17 6.16289 0.118334 -0.510316 1.23426 0.287404 -1.13649e-17 6.69386 -0.456341 -0.319823 0.682064 0.347281 -2.02997e-17 7.82529 -1.54945 0.00996254 -0.431373 0.320483 -2.60628e-17 9.77186 -0.940923 0.274009 -1.47333 0.26057 -2.98794e-17 10.8563 1.62248 0.0722354 0.790563 0.262998 -1.32927e-17 4.92478 0.736013 0.546497 11.2296 0.820607 -1.86396e-17 4.96043 0.433981 3.03077 -6.30846 0.375688 -2.06766e-17 4.97002 0.787173 2.19539 -10.236 1.53389 1.26863 -7.82717 7.75148 29.1538 -2.01179 11.8094 13.3291 3.34342 -3.36319 -50.1925 -39.227 -10.3497 30.0522 0.0615366 0.141 11.0883 -7.34276 -67.5256 24.9344 0.0510561 0.116988 -0.760266 -56.9232 -1.59479 -1.26863 -7.82715 7.75138 -31.6889 -0.106273 -12.7661 -13.3291 3.34342 -3.36319 23.8704 -43.9239 -6.16068 -30.0522 0.0615366 0.141 -9.65705 -4.84196 53.768 -24.9344 0.0510559 0.116988 -1.4606 -59.908 -3.37812 9.50369 -4.32711 2.09145 22.0087 -12.2368 -6.62276 -0.876987 -39.8926 -0.674123 -3.98368 14.6592 0.255182 -2.39345 -41.5694 -6.22357 -18.2619 -3.32165 16.502 0.801613 -10.1701 12.8571 -1.16658e-15 -8.44782e-16 6.20669e-17 -9.50369 -4.32711 2.09145 -4.88821 -6.76968 22.73 0.876987 -39.8926 -0.674123 3.22966 11.9571 -0.128782 2.39345 -41.5694 -6.22357 8.18526 -0.881439 -16.972 -0.801613 -10.1701 12.8571 -9.91791e-16 -5.46751e-16 -1.27223e-14 
16.103 98.4002 -112.274 0.00183634 4.92537 -3.01616 0 5.22546 -1.18466 -1.25777 1.96992 0.430744 0 5.77894 1.10239 -0.996671 1.33162 0.12962 -1.0557e-17 6.16289 0.118334 -0.692981 1.16872 0.301599 -1.13649e-17 6.69386 -0.456341 -0.439344 0.664632 0.366996 -2.02997e-17 7.82529 -1.54945 -0.0215632 -0.366834 0.365518 -2.60628e-17 9.77186 -0.940923 0.323762 -1.41994 0.286416 -2.98794e-17 10.8563 1.62248 0.0988208 0.826506 0.254107 -1.32927e-17 4.92478 0.736013 0.697338 11.9318 1.25606 -1.86396e-17 4.96043 0.433981 3.4632 -6.42297 0.605669 -2.06766e-17 4.97002 0.787173 1.4772 -10.3846 0.72858 1.26863 -7.82717 7.75148 30.4101 -2.1783 12.9346 13.3291 3.34342 -3.36319 -52.0641 -41.9231 -14.528 30.0522 0.0615366 0.141 11.5797 -8.73641 -74.5779 24.9344 0.0510561 0.116988 0.290992 -52.7486 -0.668989 -1.26863 -7.82715 7.75138 -32.6132 -0.317055 -13.8612 -13.3291 3.34342 -3.36319 22.8729 -50.4265 -3.83494 -30.0522 0.0615366 0.141 -10.2573 -5.72889 58.8705 -24.9344 0.0510559 0.116988 -0.465697 -51.3838 -2.24751 9.50369 -4.32711 2.09145 20.9603 -12.1734 -12.4819 -0.876987 -39.8926 -0.674123 -4.64316 16.9744 0.394488 -2.39345 -41.5694 -6.22357 -17.9824 -3.46506 17.3102 0.801613 -10.1701 12.8571 4.20711e-16 -7.82781e-16 6.66478e-20 -9.50369 -4.32711 2.09145 -5.2051 -5.49178 23.4878 0.876987 -39.8926 -0.674123 3.88303 14.3017 -0.236261 2.39345 -41.5694 -6.22357 7.14662 -2.98214 -16.9264 -0.801613 -10.1701 12.8571 -5.96781e-16 -5.59069e-16 -1.2747e-14 
16.0571 95.488 -112.098 0.499388 3.53191 -3.52957 0 5.22546 -1.18466 -1.45547 1.78702 0.443906 0 5.77894 1.10239 -1.13931 1.18424 0.0573821 -1.0557e-17 6.16289 0.118334 -0.770239 1.09583 0.259946 -1.13649e-17 6.69386 -0.456341 -0.468233 0.70978 0.320289 -2.02997e-17 7.82529 -1.54945 -0.00923474 -0.190915 0.344692 -2.60628e-17 9.77186 -0.940923 0.370796 -1.20353 0.251944 -2.98794e-17 10.8563 1.62248 0.108843 0.856898 0.231022 -1.32927e-17 4.92478 0.736013 0.802003 12.4321 1.26127 -1.86396e-17 4.96043 0.433981 3.57124 -6.83231 0.626461 -2.06766e-17 4.97002 0.787173 0.97111 -10.6692 1.10877 1.26863 -7.82717 7.75148 31.362 -2.32533 13.9855 13.3291 3.34342 -3.36319 -54.1394 -43.9202 -19.5895 30.0522 0.0615366 0.141 11.8656 -9.99523 -80.7537 24.9344 0.0510561 0.116988 1.6887 -48.2988 0.168272 -1.26863 -7.82715 7.75138 -33.0597 -0.687979 -14.9936 -13.3291 3.34342 -3.36319 23.5356 -57.4868 1.61697 -30.0522 0.0615366 0.141 -10.7795 -6.67104 64.0021 -24.9344 0.0510559 0.116988 1.73617 -43.7088 -0.420489 9.50369 -4.32711 2.09145 20.0677 -10.9518 -17.0575 -0.876987 -39.8926 -0.674123 -5.42885 19.6649 0.594435 -2.39345 -41.5694 -6.22357 -17.4874 -5.04176 17.7626 0.801613 -10.1701 12.8571 2.40813e-15 -6.9584e-16 -8.6875e-17 -9.50369 -4.32711 2.09145 -4.96045 -4.63876 25.5383 0.876987 -39.8926 -0.674123 5.01003 18.2404 -0.483325 2.39345 -41.5694 -6.22357 6.21783 -6.36217 -16.9205 -0.801613 -10.1701 12.8571 -1.39064e-15 -5.3426e-16 -1.27098e-14 
15.8423 92.3749 -111.363 0.357729 1.20538 -4.0241 0 5.22546 -1.18466 -1.51363 1.58092 0.446708 0 5.77894 1.10239 -1.17098 1.03271 0.0152131 -1.0557e-17 6.16289 0.118334 -0.777088 1.0287 0.244405 -1.13649e-17 6.69386 -0.456341 -0.462052 0.7624 0.299585 -2.02997e-17 7.82529 -1.54945 0.00199502 -0.0176518 0.345137 -2.60628e-17 9.77186 -0.940923 0.389653 -0.962346 0.238183 -2.98794e-17 10.8563 1.62248 0.111654 0.902037 0.20747 -1.32927e-17 4.92478 0.736013 0.810252 12.8332 1.17512 -1.86396e-17 4.96043 0.433981 3.43994 -7.10933 0.596715 -2.06766e-17 4.97002 0.787173 0.967597 -10.1471 1.38845 1.26863 -7.82717 7.75148 32.0599 -2.50835 14.7498 13.3291 3.34342 -3.36319 -56.9571 -44.7815 -26.246 30.0522 0.0615366 0.141 11.9967 -11.0448 -85.8294 24.9344 0.0510561 0.116988 1.89414 -43.8996 -0.186953 -1.26863 -7.82715 7.75138 -33.2042 -1.02916 -15.9433 -13.3291 3.34342 -3.36319 27.8351 -63.5128 11.2856 -30.0522 0.0615366 0.141 -11.2445 -7.73022 69.5158 -24.9344 0.0510559 0.116988 4.01547 -37.9251 0.976021 9.50369 -4.32711 2.09145 19.8502 -8.52501 -20.3226 -0.876987 -39.8926 -0.674123 -6.3447 22.6962 0.872351 -2.39345 -41.5694 -6.22357 -16.8599 -7.89642 17.661 0.801613 -10.1701 12.8571 -3.69735e-16 -8.07443e-16 2.47281e-17 -9.50369 -4.32711 2.09145 -4.17415 -3.77466 27.2914 0.876987 -39.8926 -0.674123 6.69133 23.8118 -0.989649 2.39345 -41.5694 -6.22357 2.85967 -14.7197 -16.5949 -0.801613 -10.1701 12.8571 -5.97207e-16 -5.59055e-16 -1.2747e-14 
15.6889 89.4135 -110.491 -0.716175 -1.43445 -3.61338 0 5.22546 -1.18466 -1.28605 1.40712 0.362775 0 5.77894 1.10239 -0.946352 0.930203 -0.04434 -1.0557e-17 6.16289 0.118334 -0.591874 1.02963 0.213399 -1.13649e-17 6.69386 -0.456341 -0.319516 0.895428 0.269507 -2.02997e-17 7.82529 -1.54945 0.0640076 0.242668 0.312675 -2.60628e-17 9.77186 -0.940923 0.38238 -0.563119 0.187173 -2.98794e-17 10.8563 1.62248 0.105212 0.943315 0.209645 -1.32927e-17 4.92478 0.736013 0.797287 13.2434 0.552082 -1.86396e-17 4.96043 0.433981 3.08803 -6.47749 0.313145 -2.06766e-17 4.97002 0.787173 1.49036 -8.51174 2.02265 1.26863 -7.82717 7.75148 32.0815 -2.83286 15.4557 13.3291 3.34342 -3.36319 -60.0292 -44.0401 -34.549 30.0522 0.0615366 0.141 12.0336 -11.9584 -90.2309 24.9344 0.0510561 0.116988 1.20541 -41.2316 -1.1387 -1.26863 -7.82715 7.75138 -32.9062 -1.36902 -16.4731 -13.3291 3.34342 -3.36319 33.1078 -66.4794 22.1466 -30.0522 0.0615366 0.141 -11.6188 -8.87695 75.2739 -24.9344 0.0510559 0.116988 3.5448 -35.4209 1.70739 9.50369 -4.32711 2.09145 20.8501 -6.74082 -22.2742 -0.876987 -39.8926 -0.674123 -7.46421 26.233 1.27413 -2.39345 -41.5694 -6.22357 -15.8011 -13.6295 16.6315 0.801613 -10.1701 12.8571 -3.72721e-16 -8.07563e-16 2.48481e-17 -9.50369 -4.32711 2.09145 -2.91814 -2.11229 27.2005 0.876987 -39.8926 -0.674123 8.25102 28.6007 -1.59488 2.39345 -41.5694 -6.22357 0.673893 -20.8708 -16.6486 -0.801613 -10.1701 12.8571 1.97932e-16 -5.96314e-16 -1.27719e-14 
15.6082 87.6632 -109.977 -0.967075 -5.41719 -2.95457 0 5.22546 -1.18466 -1.15728 0.802565 0.346206 0 5.77894 1.10239 -0.826638 0.66524 -0.0391353 -1.0557e-17 6.16289 0.118334 -0.504642 1.21752 0.237582 -1.13649e-17 6.69386 -0.456341 -0.265431 1.72314 0.298387 -2.02997e-17 7.82529 -1.54945 0.0614975 1.48035 0.340581 -2.60628e-17 9.77186 -0.940923 0.348134 1.09699 0.197003 -2.98794e-17 10.8563 1.62248 0.10345 0.85706 0.186514 -1.32927e-17 4.92478 0.736013 0.79493 13.9867 -0.142806 -1.86396e-17 4.96043 0.433981 2.94224 -6.3946 -0.00451352 -2.06766e-17 4.97002 0.787173 1.33272 -6.80508 2.55882 1.26863 -7.82717 7.75148 31.3503 -3.89069 16.1191 13.3291 3.34342 -3.36319 -63.6007 -41.3272 -44.4258 30.0522 0.0615366 0.141 11.9993 -12.8631 -94.604 24.9344 0.0510561 0.116988 0.471969 -38.5697 -0.397124 -1.26863 -7.82715 7.75138 -32.318 -2.29723 -16.9756 -13.3291 3.34342 -3.36319 40.4346 -66.4833 35.1174 -30.0522 0.0615366 0.141 -11.8907 -10.1481 81.4954 -24.9344 0.0510559 0.116988 1.29139 -34.2663 1.23306 9.50369 -4.32711 2.09145 21.1039 -3.36434 -23.6552 -0.876987 -39.8926 -0.674123 -7.94253 27.6842 1.46549 -2.39345 -41.5694 -6.22357 -15.6983 -16.4639 16.1931 0.801613 -10.1701 12.8571 1.21585e-15 -7.45509e-16 -3.72055e-17 -9.50369 -4.32711 2.09145 -2.74844 0.759103 26.4154 0.876987 -39.8926 -0.674123 9.57926 32.3687 -2.20267 2.39345 -41.5694 -6.22357 -1.10516 -24.2021 -16.9288 -0.801613 -10.1701 12.8571 -5.95501e-16 -5.59122e-16 -1.27471e-14 
15.3188 86.501 -109.365 -0.511034 -3.70718 -3.27927 0 5.22546 -1.18466 -0.950149 -1.72916 0.374659 0 5.77894 1.10239 -0.686499 -1.06004 0.0456729 -1.0557e-17 6.16289 0.118334 -0.413752 0.540245 0.316056 -1.13649e-17 6.69386 -0.456341 -0.235003 2.7748 0.374767 -2.02997e-17 7.82529 -1.54945 0.022058 3.62298 0.409686 -2.60628e-17 9.77186 -0.940923 0.270073 4.00627 0.275558 -2.98794e-17 10.8563 1.62248 0.109889 0.490424 0.137055 -1.32927e-17 4.92478 0.736013 0.665538 14.4095 -0.409558 -1.86396e-17 4.96043 0.433981 2.69193 -6.49136 -0.127067 -2.06766e-17 4.97002 0.787173 0.802514 -9.70934 2.8869 1.26863 -7.82717 7.75148 30.4014 -5.27585 16.901 13.3291 3.34342 -3.36319 -64.2508 -40.2521 -49.8802 30.0522 0.0615366 0.141 11.8316 -14.1214 -100.763 24.9344 0.0510561 0.116988 2.38057 -37.0001 1.67106 -1.26863 -7.82715 7.75138 -31.1662 -3.70648 -17.5146 -13.3291 3.34342 -3.36319 46.3034 -65.9314 47.2061 -30.0522 0.0615366 0.141 -12.0178 -11.3639 87.3667 -24.9344 0.0510559 0.116988 -1.75909 -32.195 0.245108 9.50369 -4.32711 2.09145 21.2131 -5.15299 -22.1286 -0.876987 -39.8926 -0.674123 -8.38079 28.9815 1.65068 -2.39345 -41.5694 -6.22357 -15.9703 -18.3739 15.756 0.801613 -10.1701 12.8571 2.80613e-15 -6.70978e-16 -1.11736e-16 -9.50369 -4.32711 2.09145 -2.77858 -2.51293 26.4594 0.876987 -39.8926 -0.674123 11.0023 36.085 -2.93782 2.39345 -41.5694 -6.22357 -2.06452 -27.0636 -17.4948 -0.801613 -10.1701 12.8571 -1.99211e-16 -5.83903e-16 -1.27595e-14 
14.743 86.0193 -108.536 0.31924 -1.55958 -4.06223 0 5.22546 -1.18466 -1.18126 -3.95433 0.45918 0 5.77894 1.10239 -0.943472 -2.74167 0.118467 -1.0557e-17 6.16289 0.118334 -0.640031 -0.331533 0.365227 -1.13649e-17 6.69386 -0.456341 -0.435048 3.24143 0.408271 -2.02997e-17 7.82529 -1.54945 -0.128833 4.90133 0.471861 -2.60628e-17 9.77186 -0.940923 0.187485 5.82977 0.356878 -2.98794e-17 10.8563 1.62248 0.120784 0.196714 0.0674372 -1.32927e-17 4.92478 0.736013 0.535419 14.3924 -0.133741 -1.86396e-17 4.96043 0.433981 2.91794 -6.88506 0.0110711 -2.06766e-17 4.97002 0.787173 0.980881 -11.1898 2.89751 1.26863 -7.82717 7.75148 29.5561 -6.08453 16.5831 13.3291 3.34342 -3.36319 -63.0789 -41.4951 -52.3631 30.0522 0.0615366 0.141 11.6279 -14.9991 -105.152 24.9344 0.0510561 0.116988 1.87458 -36.8787 2.20434 -1.26863 -7.82715 7.75138 -30.0019 -4.67076 -17.5427 -13.3291 3.34342 -3.36319 50.9242 -64.9582 55.9646 -30.0522 0.0615366 0.141 -12.0289 -12.3065 91.9104 -24.9344 0.0510559 0.116988 -2.52753 -29.9749 -1.94418 9.50369 -4.32711 2.09145 21.4006 -6.37201 -18.9482 -0.876987 -39.8926 -0.674123 -8.32049 28.8049 1.62465 -2.39345 -41.5694 -6.22357 -16.4342 -19.3052 15.2551 0.801613 -10.1701 12.8571 -2.75217e-15 -9.19112e-16 1.36398e-16 -9.50369 -4.32711 2.09145 -3.2896 -5.48987 26.9521 0.876987 -39.8926 -0.674123 11.7215 37.8389 -3.33917 2.39345 -41.5694 -6.22357 -1.79577 -28.9595 -17.7976 -0.801613 -10.1701 12.8571 -1.39021e-15 -5.34287e-16 -1.27098e-14 
14.1122 85.9999 -107.576 0.941415 -2.05111 -3.93616 0 5.22546 -1.18466 -1.38533 -4.84936 0.526444 0 5.77894 1.10239 -1.16434 -3.4177 0.176552 -1.0557e-17 6.16289 0.118334 -0.842131 -0.7162 0.394851 -1.13649e-17 6.69386 -0.456341 -0.619568 3.32131 0.426878 -2.02997e-17 7.82529 -1.54945 -0.259963 5.23487 0.516077 -2.60628e-17 9.77186 -0.940923 0.120313 6.32919 0.429475 -2.98794e-17 10.8563 1.62248 0.105114 0.0545743 0.0702357 -1.32927e-17 4.92478 0.736013 0.373975 13.6783 -0.201701 -1.86396e-17 4.96043 0.433981 2.82119 -6.78203 -0.0324564 -2.06766e-17 4.97002 0.787173 1.6122 -9.75913 2.5262 1.26863 -7.82717 7.75148 28.9492 -6.21913 15.6309 13.3291 3.34342 -3.36319 -60.0389 -43.1651 -52.1012 30.0522 0.0615366 0.141 11.5307 -15.3326 -106.847 24.9344 0.0510561 0.116988 1.7755 -39.155 3.04241 -1.26863 -7.82715 7.75138 -29.0591 -5.11589 -16.8092 -13.3291 3.34342 -3.36319 48.0905 -64.5842 55.9837 -30.0522 0.0615366 0.141 -12.0313 -12.2091 91.4399 -24.9344 0.0510559 0.116988 -1.4847 -30.7914 -1.58808 9.50369 -4.32711 2.09145 21.1584 -5.78805 -17.8006 -0.876987 -39.8926 -0.674123 -8.29914 28.7422 1.61548 -2.39345 -41.5694 -6.22357 -16.7218 -18.2607 15.1865 0.801613 -10.1701 12.8571 3.99321e-15 -6.21526e-16 -1.61189e-16 -9.50369 -4.32711 2.09145 -4.0286 -5.05182 26.5477 0.876987 -39.8926 -0.674123 11.8261 38.0872 -3.3991 2.39345 -41.5694 -6.22357 -1.56451 -29.1228 -17.7009 -0.801613 -10.1701 12.8571 -1.39149e-15 -5.34234e-16 -1.27098e-14 
13.3983 86.6885 -107.155 1.02144 -2.6754 -3.80011 0 5.22546 -1.18466 -1.41761 -5.58231 0.598375 0 5.77894 1.10239 -1.21553 -3.91064 0.240901 -1.0557e-17 6.16289 0.118334 -0.903028 -0.867754 0.433864 -1.13649e-17 6.69386 -0.456341 -0.693533 3.64886 0.460207 -2.02997e-17 7.82529 -1.54945 -0.319848 5.88608 0.559122 -2.60628e-17 9.77186 -0.940923 0.0892336 7.15448 0.488026 -2.98794e-17 10.8563 1.62248 0.0999798 -0.100433 0.0599063 -1.32927e-17 4.92478 0.736013 0.243292 13.365 0.244551 -1.86396e-17 4.96043 0.433981 2.60698 -6.80771 0.150922 -2.06766e-17 4.97002 0.787173 1.96468 -8.9919 1.61679 1.26863 -7.82717 7.75148 28.0724 -6.74613 14.7969 13.3291 3.34342 -3.36319 -57.5403 -45.109 -51.8683 30.0522 0.0615366 0.141 11.6076 -15.0721 -105.522 24.9344 0.0510561 0.116988 1.2804 -41.2499 3.65929 -1.26863 -7.82715 7.75138 -28.2073 -5.83872 -16.0736 -13.3291 3.34342 -3.36319 46.9281 -63.7641 55.8796 -30.0522 0.0615366 0.141 -12.0293 -11.6516 88.7523 -24.9344 0.0510559 0.116988 0.236291 -29.1459 -0.953334 9.50369 -4.32711 2.09145 20.8869 -4.8697 -18.2913 -0.876987 -39.8926 -0.674123 -7.90239 27.5638 1.449 -2.39345 -41.5694 -6.22357 -16.3351 -15.627 15.9963 0.801613 -10.1701 12.8571 -2.35367e-15 -8.94234e-16 1.1152e-16 -9.50369 -4.32711 2.09145 -4.15435 -4.06602 25.8539 0.876987 -39.8926 -0.674123 11.2511 36.7008 -3.07448 2.39345 -41.5694 -6.22357 -1.83633 -27.5818 -17.634 -0.801613 -10.1701 12.8571 1.38847e-15 -6.45929e-16 -1.28339e-14 
12.8024 88.0445 -107.245 0.649413 -2.06051 -3.99594 0 5.22546 -1.18466 -1.35233 -6.53321 0.60499 0 5.77894 1.10239 -1.15739 -4.62714 0.253974 -1.0557e-17 6.16289 0.118334 -0.862383 -1.16494 0.43196 -1.13649e-17 6.69386 -0.456341 -0.670498 3.95176 0.460148 -2.02997e-17 7.82529 -1.54945 -0.312442 6.61782 0.550925 -2.60628e-17 9.77186 -0.940923 0.0788395 8.12644 0.480918 -2.98794e-17 10.8563 1.62248 0.101665 -0.211707 0.0409372 -1.32927e-17 4.92478 0.736013 0.240684 13.4095 0.780333 -1.86396e-17 4.96043 0.433981 2.68903 -6.59637 0.376996 -2.06766e-17 4.97002 0.787173 1.84473 -9.94349 1.30922 1.26863 -7.82717 7.75148 27.1756 -7.44592 14.541 13.3291 3.34342 -3.36319 -55.0231 -45.1977 -50.8666 30.0522 0.0615366 0.141 11.7692 -14.4262 -102.276 24.9344 0.0510561 0.116988 1.74819 -40.9246 5.26911 -1.26863 -7.82715 7.75138 -27.6572 -6.46078 -15.5255 -13.3291 3.34342 -3.36319 43.0992 -61.8602 51.1685 -30.0522 0.0615366 0.141 -11.9631 -10.6895 84.1153 -24.9344 0.0510559 0.116988 -0.223561 -28.2561 -0.804238 9.50369 -4.32711 2.09145 21.0995 -4.50136 -18.2356 -0.876987 -39.8926 -0.674123 -7.05934 24.9762 1.12122 -2.39345 -41.5694 -6.22357 -16.4137 -11.6238 16.972 0.801613 -10.1701 12.8571 -7.72016e-16 -8.32478e-16 4.97636e-17 -9.50369 -4.32711 2.09145 -3.75605 -3.88613 25.4108 0.876987 -39.8926 -0.674123 10.0834 33.723 -2.45369 2.39345 -41.5694 -6.22357 -1.54095 -24.6458 -17.4599 -0.801613 -10.1701 12.8571 -9.91336e-16 -5.46766e-16 -1.27223e-14 
12.5767 89.9969 -107.833 0.176531 -2.15141 -3.91517 0 5.22546 -1.18466 -1.3091 -7.1104 0.524038 0 5.77894 1.10239 -1.10117 -5.0366 0.178507 -1.0557e-17 6.16289 0.118334 -0.823009 -1.31853 0.334198 -1.13649e-17 6.69386 -0.456341 -0.639789 4.09712 0.356165 -2.02997e-17 7.82529 -1.54945 -0.312293 6.9983 0.442114 -2.60628e-17 9.77186 -0.940923 0.0285123 8.62477 0.389367 -2.98794e-17 10.8563 1.62248 0.0874305 -0.273535 0.0439535 -1.32927e-17 4.92478 0.736013 0.225587 12.9458 1.17946 -1.86396e-17 4.96043 0.433981 2.4396 -6.44608 0.530265 -2.06766e-17 4.97002 0.787173 2.1646 -9.53082 1.3068 1.26863 -7.82717 7.75148 25.8984 -7.88685 13.6753 13.3291 3.34342 -3.36319 -50.6 -44.6706 -47.5743 30.0522 0.0615366 0.141 11.9764 -13.1216 -95.8601 24.9344 0.0510561 0.116988 2.26729 -41.0695 5.49611 -1.26863 -7.82715 7.75138 -27.0203 -6.82344 -14.5781 -13.3291 3.34342 -3.36319 34.5852 -58.6188 41.2286 -30.0522 0.0615366 0.141 -11.6554 -9.01494 75.956 -24.9344 0.0510559 0.116988 -1.52903 -30.8218 1.30346 9.50369 -4.32711 2.09145 21.2254 -3.21307 -17.9802 -0.876987 -39.8926 -0.674123 -5.8499 21.0732 0.71634 -2.39345 -41.5694 -6.22357 -16.9285 -5.39907 18.2668 0.801613 -10.1701 12.8571 -8.71305e-15 -1.17991e-15 3.84781e-16 -9.50369 -4.32711 2.09145 -3.72413 -2.17427 24.444 0.876987 -39.8926 -0.674123 8.28564 28.7025 -1.60969 2.39345 -41.5694 -6.22357 0.22115 -20.2606 -17.1439 -0.801613 -10.1701 12.8571 -9.93923e-16 -5.46658e-16 -1.27222e-14 
12.7026 92.344 -108.875 -0.301422 -2.71056 -3.37067 0 5.22546 -1.18466 -1.23739 -7.50412 0.416356 0 5.77894 1.10239 -1.01249 -5.25736 0.100318 -1.0557e-17 6.16289 0.118334 -0.761565 -1.29283 0.234903 -1.13649e-17 6.69386 -0.456341 -0.593629 4.36316 0.252932 -2.02997e-17 7.82529 -1.54945 -0.306629 7.49763 0.327565 -2.60628e-17 9.77186 -0.940923 -0.0295331 9.2391 0.294128 -2.98794e-17 10.8563 1.62248 0.0795831 -0.349634 0.0509694 -1.32927e-17 4.92478 0.736013 0.273611 12.0724 1.34441 -1.86396e-17 4.96043 0.433981 2.22008 -6.37321 0.566229 -2.06766e-17 4.97002 0.787173 2.39589 -8.4822 1.22453 1.26863 -7.82717 7.75148 23.8689 -8.47759 12.5274 13.3291 3.34342 -3.36319 -44.9411 -43.328 -44.245 30.0522 0.0615366 0.141 12.0069 -11.1825 -86.493 24.9344 0.0510561 0.116988 3.51409 -42.6308 4.87467 -1.26863 -7.82715 7.75138 -26.1608 -7.29281 -13.3245 -13.3291 3.34342 -3.36319 27.7442 -54.6831 32.4866 -30.0522 0.0615366 0.141 -11.1036 -7.37889 67.7116 -24.9344 0.0510559 0.116988 -2.37885 -33.6971 2.92972 9.50369 -4.32711 2.09145 21.203 -1.51819 -17.6896 -0.876987 -39.8926 -0.674123 -4.43186 16.238 0.346978 -2.39345 -41.5694 -6.22357 -17.8154 3.0675 20.2753 0.801613 -10.1701 12.8571 -2.36747e-15 -8.94841e-16 1.12113e-16 -9.50369 -4.32711 2.09145 -3.86807 0.390273 22.9655 0.876987 -39.8926 -0.674123 6.33086 22.6513 -0.867802 2.39345 -41.5694 -6.22357 2.70728 -13.7784 -16.9674 -0.801613 -10.1701 12.8571 -5.96785e-16 -5.59068e-16 -1.2747e-14 
13.1433 94.8462 -110.393 -0.68154 -2.27443 -2.89309 0 5.22546 -1.18466 -1.07746 -7.99838 0.329355 0 5.77894 1.10239 -0.859519 -5.58977 0.081269 -1.0557e-17 6.16289 0.118334 -0.655971 -1.33534 0.201445 -1.13649e-17 6.69386 -0.456341 -0.523718 4.65732 0.22472 -2.02997e-17 7.82529 -1.54945 -0.285568 8.08941 0.276578 -2.60628e-17 9.77186 -0.940923 -0.0794614 9.99743 0.257283 -2.98794e-17 10.8563 1.62248 0.0786119 -0.428738 0.0608285 -1.32927e-17 4.92478 0.736013 0.325277 11.3293 1.25897 -1.86396e-17 4.96043 0.433981 2.15879 -6.08365 0.494014 -2.06766e-17 4.97002 0.787173 2.32943 -8.14447 1.33748 1.26863 -7.82717 7.75148 21.6168 -9.18779 11.5411 13.3291 3.34342 -3.36319 -40.3391 -41.4375 -42.0777 30.0522 0.0615366 0.141 11.6609 -9.03633 -76.0622 24.9344 0.0510561 0.116988 4.99576 -44.6784 4.33249 -1.26863 -7.82715 7.75138 -25.1207 -7.80045 -12.0918 -13.3291 3.34342 -3.36319 23.998 -51.89 26.4747 -30.0522 0.0615366 0.141 -10.5397 -6.2136 61.5422 -24.9344 0.0510559 0.116988 -3.04908 -35.045 1.72866 9.50369 -4.32711 2.09145 21.0699 -0.768475 -16.2116 -0.876987 -39.8926 -0.674123 -2.90839 10.7905 0.0857945 -2.39345 -41.5694 -6.22357 -19.2727 13.6078 23.1173 0.801613 -10.1701 12.8571 5.58219e-15 -5.59446e-16 -2.23269e-16 -9.50369 -4.32711 2.09145 -4.00612 1.4807 21.2272 0.876987 -39.8926 -0.674123 4.65707 17.0228 -0.397711 2.39345 -41.5694 -6.22357 5.66592 -5.46429 -17.2657 -0.801613 -10.1701 12.8571 -2.18491e-15 -4.97029e-16 -1.26726e-14 
13.9385 97.3318 -112.274 -0.709743 -0.516652 -2.74607 0 5.22546 -1.18466 -0.901091 -8.45038 0.259771 0 5.77894 1.10239 -0.707103 -5.94759 0.0925086 -1.0557e-17 6.16289 0.118334 -0.55631 -1.5362 0.198455 -1.13649e-17 6.69386 -0.456341 -0.46545 4.67146 0.227442 -2.02997e-17 7.82529 -1.54945 -0.269812 8.25222 0.256974 -2.60628e-17 9.77186 -0.940923 -0.125613 10.2573 0.247944 -2.98794e-17 10.8563 1.62248 0.0752369 -0.468098 0.0774388 -1.32927e-17 4.92478 0.736013 0.339087 10.2807 1.2622 -1.86396e-17 4.96043 0.433981 2.15354 -5.46165 0.477665 -2.06766e-17 4.97002 0.787173 1.99885 -7.65707 1.33275 1.26863 -7.82717 7.75148 19.5131 -9.50986 10.6075 13.3291 3.34342 -3.36319 -35.8039 -39.3224 -39.3006 30.0522 0.0615366 0.141 10.906 -6.93331 -65.3902 24.9344 0.0510561 0.116988 5.91958 -47.954 3.46068 -1.26863 -7.82715 7.75138 -23.8702 -7.9517 -10.93 -13.3291 3.34342 -3.36319 21.0568 -48.9783 21.0715 -30.0522 0.0615366 0.141 -9.92603 -5.21866 55.9731 -24.9344 0.0510559 0.116988 -4.07503 -35.9457 0.123197 9.50369 -4.32711 2.09145 20.7492 -2.05778 -12.6008 -0.876987 -39.8926 -0.674123 -1.85573 6.9189 -0.0087218 -2.39345 -41.5694 -6.22357 -20.3821 21.218 24.9055 0.801613 -10.1701 12.8571 1.11011e-14 4.70995e-16 -1.26612e-15 -9.50369 -4.32711 2.09145 -4.42891 0.541369 19.2434 0.876987 -39.8926 -0.674123 3.26305 12.0778 -0.133624 2.39345 -41.5694 -6.22357 8.55277 4.15506 -18.0636 -0.801613 -10.1701 12.8571 1.38761e-15 -6.45888e-16 -1.28339e-14 
14.8791 99.848 -113.901 -0.45385 2.2606 -3.07616 0 5.22546 -1.18466 -0.725883 -8.92976 0.197276 0 5.77894 1.10239 -0.566835 -6.3634 0.108659 -1.0557e-17 6.16289 0.118334 -0.468757 -1.86579 0.197749 -1.13649e-17 6.69386 -0.456341 -0.418861 4.51688 0.231535 -2.02997e-17 7.82529 -1.54945 -0.26309 8.17486 0.245047 -2.60628e-17 9.77186 -0.940923 -0.174924 10.2478 0.247787 -2.98794e-17 10.8563 1.62248 0.0658935 -0.491497 0.0945672 -1.32927e-17 4.92478 0.736013 0.319834 8.62511 1.34559 -1.86396e-17 4.96043 0.433981 2.04592 -4.91641 0.505816 -2.06766e-17 4.97002 0.787173 1.59525 -6.69618 1.43892 1.26863 -7.82717 7.75148 17.2651 -9.52625 9.5641 13.3291 3.34342 -3.36319 -31.7347 -37.3328 -35.8677 30.0522 0.0615366 0.141 9.96519 -5.27629 -56.3065 24.9344 0.0510561 0.116988 6.62158 -51.7261 3.43343 -1.26863 -7.82715 7.75138 -22.1157 -7.97917 -9.76017 -13.3291 3.34342 -3.36319 19.2853 -46.5427 16.736 -30.0522 0.0615366 0.141 -9.3278 -4.41893 51.2132 -24.9344 0.0510559 0.116988 -5.18342 -36.5946 -1.12196 9.50369 -4.32711 2.09145 20.6802 -5.14483 -7.25039 -0.876987 -39.8926 -0.674123 -1.86132 6.93965 -0.00840854 -2.39345 -41.5694 -6.22357 -18.8985 15.1791 22.0209 0.801613 -10.1701 12.8571 8.37677e-15 -4.33858e-16 -3.48871e-16 -9.50369 -4.32711 2.09145 -4.9789 -2.20318 17.0752 0.876987 -39.8926 -0.674123 2.03628 7.58738 -0.00240479 2.39345 -41.5694 -6.22357 11.6247 15.9453 -19.3884 -0.801613 -10.1701 12.8571 -2.18275e-15 -4.97123e-16 -1.26727e-14 
15.6353 102.316 -115.386 -0.298502 5.49127 -3.52769 0 5.22546 -1.18466 -0.527782 -9.42133 0.160992 0 5.77894 1.10239 -0.416228 -6.80614 0.136312 -1.0557e-17 6.16289 0.118334 -0.376233 -2.24118 0.203326 -1.13649e-17 6.69386 -0.456341 -0.374539 4.34533 0.241061 -2.02997e-17 7.82529 -1.54945 -0.266561 8.08579 0.24628 -2.60628e-17 9.77186 -0.940923 -0.237854 10.2172 0.267261 -2.98794e-17 10.8563 1.62248 0.0425172 -0.518475 0.106294 -1.32927e-17 4.92478 0.736013 0.266601 6.05283 1.79523 -1.86396e-17 4.96043 0.433981 1.68169 -4.58511 0.712328 -2.06766e-17 4.97002 0.787173 1.43066 -5.18124 0.903612 1.26863 -7.82717 7.75148 14.9578 -9.26976 8.31925 13.3291 3.34342 -3.36319 -28.4842 -35.9583 -31.9279 30.0522 0.0615366 0.141 9.03723 -4.07562 -49.0706 24.9344 0.0510561 0.116988 6.86119 -55.2135 3.98842 -1.26863 -7.82715 7.75138 -19.8675 -7.82739 -8.4798 -13.3291 3.34342 -3.36319 17.7829 -43.9371 12.6372 -30.0522 0.0615366 0.141 -8.67717 -3.68338 46.5288 -24.9344 0.0510559 0.116988 -5.60014 -38.0001 -1.55582 9.50369 -4.32711 2.09145 20.216 -8.71038 -3.65295 -0.876987 -39.8926 -0.674123 -1.85234 6.90636 -0.00891007 -2.39345 -41.5694 -6.22357 -17.3971 9.65563 19.5836 0.801613 -10.1701 12.8571 -3.54034e-15 -9.56085e-16 1.6096e-16 -9.50369 -4.32711 2.09145 -5.30342 -6.12127 15.8283 0.876987 -39.8926 -0.674123 1.30536 4.87321 0.0295598 2.39345 -41.5694 -6.22357 13.0995 23.2196 -19.9478 -0.801613 -10.1701 12.8571 3.3733e-15 -7.32762e-16 -1.29083e-14 
16.0711 104.655 -116.261 -0.309099 8.0662 -3.43335 0 5.22546 -1.18466 -0.385482 -9.76786 0.127757 0 5.77894 1.10239 -0.315453 -7.11091 0.140833 -1.0557e-17 6.16289 0.118334 -0.318872 -2.50078 0.181543 -1.13649e-17 6.69386 -0.456341 -0.350131 4.27764 0.21886 -2.02997e-17 7.82529 -1.54945 -0.288937 8.12417 0.225392 -2.60628e-17 9.77186 -0.940923 -0.322097 10.3115 0.270867 -2.98794e-17 10.8563 1.62248 0.00429516 -0.53756 0.110939 -1.32927e-17 4.92478 0.736013 0.218502 3.02134 2.08071 -1.86396e-17 4.96043 0.433981 1.12849 -4.54936 0.837875 -2.06766e-17 4.97002 0.787173 1.72973 -3.34201 0.21557 1.26863 -7.82717 7.75148 12.4241 -8.8341 6.92803 13.3291 3.34342 -3.36319 -25.5358 -34.6193 -28.2929 30.0522 0.0615366 0.141 7.98114 -3.01418 -41.9194 24.9344 0.0510561 0.116988 5.72382 -58.6319 3.24881 -1.26863 -7.82715 7.75138 -17.2765 -7.51583 -7.1704 -13.3291 3.34342 -3.36319 16.5264 -40.6804 8.84448 -30.0522 0.0615366 0.141 -7.95365 -2.98972 41.7416 -24.9344 0.0510559 0.116988 -5.26705 -40.5473 -1.445 9.50369 -4.32711 2.09145 18.9058 -12.2416 -4.06835 -0.876987 -39.8926 -0.674123 -1.84832 6.89147 -0.00913279 -2.39345 -41.5694 -6.22357 -16.1517 8.40298 18.8899 0.801613 -10.1701 12.8571 -3.76172e-16 -8.07724e-16 2.49963e-17 -9.50369 -4.32711 2.09145 -5.56872 -9.179 15.2572 0.876987 -39.8926 -0.674123 1.38337 5.16378 0.0278066 2.39345 -41.5694 -6.22357 10.083 14.4912 -18.2029 -0.801613 -10.1701 12.8571 9.96511e-16 -6.33734e-16 -1.28093e-14 
16.4794 106.659 -116.765 -0.338645 9.68685 -2.80106 0 5.22546 -1.18466 -0.313096 -9.94306 0.10315 0 5.77894 1.10239 -0.279899 -7.24713 0.142372 -1.0557e-17 6.16289 0.118334 -0.307725 -2.60282 0.159373 -1.13649e-17 6.69386 -0.456341 -0.351076 4.33519 0.196224 -2.02997e-17 7.82529 -1.54945 -0.321889 8.28942 0.208779 -2.60628e-17 9.77186 -0.940923 -0.400251 10.5304 0.276365 -2.98794e-17 10.8563 1.62248 -0.0292823 -0.537335 0.114214 -1.32927e-17 4.92478 0.736013 0.175667 0.583106 2.18507 -1.86396e-17 4.96043 0.433981 0.744778 -4.88808 0.887218 -2.06766e-17 4.97002 0.787173 2.21162 -1.87388 -0.601407 1.26863 -7.82717 7.75148 9.72639 -8.33373 5.52026 13.3291 3.34342 -3.36319 -22.6689 -32.2607 -25.5354 30.0522 0.0615366 0.141 6.71673 -2.03451 -34.2625 24.9344 0.0510561 0.116988 3.35656 -62.9561 1.15699 -1.26863 -7.82715 7.75138 -14.47 -7.17077 -5.8643 -13.3291 3.34342 -3.36319 16.1433 -37.7247 5.74622 -30.0522 0.0615366 0.141 -7.20215 -2.37896 37.1101 -24.9344 0.0510559 0.116988 -3.92641 -43.7628 -1.06681 9.50369 -4.32711 2.09145 16.9552 -14.9163 -6.0896 -0.876987 -39.8926 -0.674123 -1.7945 6.69187 -0.0120147 -2.39345 -41.5694 -6.22357 -15.2144 8.47155 18.7799 0.801613 -10.1701 12.8571 6.37863e-15 -5.2212e-16 -2.60595e-16 -9.50369 -4.32711 2.09145 -5.54485 -10.7851 13.4506 0.876987 -39.8926 -0.674123 1.29947 4.85128 0.0296759 2.39345 -41.5694 -6.22357 7.67484 7.6345 -17.0534 -0.801613 -10.1701 12.8571 -1.3889e-15 -5.34342e-16 -1.27099e-14 
16.9182 108.167 -117.232 -0.468461 10.7664 -2.3898 0 5.22546 -1.18466 -0.170847 -10.0078 0.135685 0 5.77894 1.10239 -0.182423 -7.26236 0.203453 -1.0557e-17 6.16289 0.118334 -0.239437 -2.57549 0.199894 -1.13649e-17 6.69386 -0.456341 -0.29961 4.51615 0.236946 -2.02997e-17 7.82529 -1.54945 -0.293087 8.58006 0.247104 -2.60628e-17 9.77186 -0.940923 -0.385787 10.8657 0.313695 -2.98794e-17 10.8563 1.62248 -0.0465514 -0.534743 0.117221 -1.32927e-17 4.92478 0.736013 0.263654 -1.32923 2.4096 -1.86396e-17 4.96043 0.433981 0.753993 -5.59407 1.01804 -2.06766e-17 4.97002 0.787173 2.00881 -1.22186 -1.5833 1.26863 -7.82717 7.75148 7.06342 -7.66081 4.0265 13.3291 3.34342 -3.36319 -20.1697 -28.7669 -23.2765 30.0522 0.0615366 0.141 5.42037 -1.27536 -27.0549 24.9344 0.0510561 0.116988 0.41089 -69.0842 -1.33267 -1.26863 -7.82715 7.75138 -11.4661 -6.77055 -4.54346 -13.3291 3.34342 -3.36319 16.5649 -35.7865 3.90265 -30.0522 0.0615366 0.141 -6.28805 -1.75882 31.8184 -24.9344 0.0510559 0.116988 -1.43828 -47.4639 0.369579 9.50369 -4.32711 2.09145 14.9922 -16.9372 -8.31688 -0.876987 -39.8926 -0.674123 -1.82726 6.81338 -0.0102829 -2.39345 -41.5694 -6.22357 -14.0374 8.21153 18.5245 0.801613 -10.1701 12.8571 4.40027e-15 -6.08684e-16 -1.74031e-16 -9.50369 -4.32711 2.09145 -4.7463 -12.1763 12.6931 0.876987 -39.8926 -0.674123 1.32061 4.93005 0.0292482 2.39345 -41.5694 -6.22357 5.62195 5.54841 -16.407 -0.801613 -10.1701 12.8571 -1.39149e-15 -5.34234e-16 -1.27098e-14 
17.3114 109.15 -117.657 -0.71903 11.3895 -2.67563 0 5.22546 -1.18466 0.0392431 -9.62028 0.234977 0 5.77894 1.10239 -0.0255977 -6.87538 0.321774 -1.0557e-17 6.16289 0.118334 -0.120898 -2.32078 0.299621 -1.13649e-17 6.69386 -0.456341 -0.208224 4.65382 0.332789 -2.02997e-17 7.82529 -1.54945 -0.214175 8.63416 0.334136 -2.60628e-17 9.77186 -0.940923 -0.284458 10.8547 0.383979 -2.98794e-17 10.8563 1.62248 -0.05495 -0.512502 0.122705 -1.32927e-17 4.92478 0.736013 0.422097 -3.53102 2.47112 -1.86396e-17 4.96043 0.433981 0.775236 -6.17408 1.07563 -2.06766e-17 4.97002 0.787173 1.38933 -0.709414 -1.90764 1.26863 -7.82717 7.75148 4.51673 -6.50098 2.29826 13.3291 3.34342 -3.36319 -17.9229 -24.081 -20.6051 30.0522 0.0615366 0.141 4.21175 -0.747669 -20.716 24.9344 0.0510561 0.116988 -5.59479 -76.857 -6.93534 -1.26863 -7.82715 7.75138 -8.35841 -5.99716 -3.09221 -13.3291 3.34342 -3.36319 17.6205 -34.0933 3.12647 -30.0522 0.0615366 0.141 -5.25912 -1.19544 26.189 -24.9344 0.0510559 0.116988 1.71867 -51.7276 2.78636 9.50369 -4.32711 2.09145 13.2766 -18.1941 -10.3007 -0.876987 -39.8926 -0.674123 -1.94551 7.25151 -0.00345298 -2.39345 -41.5694 -6.22357 -12.4599 7.21959 18.0166 0.801613 -10.1701 12.8571 -3.67546e-16 -8.07347e-16 2.46324e-17 -9.50369 -4.32711 2.09145 -3.16151 -13.5909 14.4392 0.876987 -39.8926 -0.674123 1.53592 5.73147 0.0232317 2.39345 -41.5694 -6.22357 3.91513 5.35847 -15.9626 -0.801613 -10.1701 12.8571 5.94198e-16 -6.21108e-16 -1.27967e-14 
17.6491 109.63 -117.941 -0.8845 11.1534 -3.24631 0 5.22546 -1.18466 0.177976 -8.76592 0.371125 0 5.77894 1.10239 0.0609383 -6.08303 0.454304 -1.0557e-17 6.16289 0.118334 -0.0569319 -1.83252 0.422814 -1.13649e-17 6.69386 -0.456341 -0.159257 4.74081 0.450609 -2.02997e-17 7.82529 -1.54945 -0.152103 8.4393 0.448729 -2.60628e-17 9.77186 -0.940923 -0.160651 10.4941 0.476972 -2.98794e-17 10.8563 1.62248 -0.0583469 -0.460707 0.128663 -1.32927e-17 4.92478 0.736013 0.586013 -5.62632 2.45432 -1.86396e-17 4.96043 0.433981 0.775751 -6.29905 1.09448 -2.06766e-17 4.97002 0.787173 0.9823 0.245305 -1.89614 1.26863 -7.82717 7.75148 2.0884 -5.01004 0.467559 13.3291 3.34342 -3.36319 -16.7367 -18.9845 -18.1673 30.0522 0.0615366 0.141 3.16698 -0.41266 -15.4356 24.9344 0.0510561 0.116988 -24.0994 -83.5004 -25.0103 -1.26863 -7.82715 7.75138 -5.30143 -4.86856 -1.5807 -13.3291 3.34342 -3.36319 19.3209 -32.0171 2.94546 -30.0522 0.0615366 0.141 -4.25425 -0.763426 20.9321 -24.9344 0.0510559 0.116988 5.26894 -55.6853 5.51225 9.50369 -4.32711 2.09145 11.5016 -18.3233 -11.6876 -0.876987 -39.8926 -0.674123 -2.09959 7.82142 0.0068077 -2.39345 -41.5694 -6.22357 -10.67 5.66961 17.3964 0.801613 -10.1701 12.8571 3.20148e-15 -6.58638e-16 -1.24077e-16 -9.50369 -4.32711 2.09145 -1.34269 -14.1643 17.1086 0.876987 -39.8926 -0.674123 1.83542 6.84364 0.00984125 2.39345 -41.5694 -6.22357 2.38957 5.48434 -15.5088 -0.801613 -10.1701 12.8571 -2.58071e-15 -4.84688e-16 -1.26602e-14 
17.9449 109.619 -118.057 -1.01992 10.269 -3.74134 0 5.22546 -1.18466 0.254511 -7.60451 0.48578 0 5.77894 1.10239 0.105351 -5.05011 0.549307 -1.0557e-17 6.16289 0.118334 -0.0134016 -1.21137 0.519896 -1.13649e-17 6.69386 -0.456341 -0.11192 4.76941 0.542879 -2.02997e-17 7.82529 -1.54945 -0.0751276 8.05469 0.538756 -2.60628e-17 9.77186 -0.940923 -0.00841216 9.88764 0.532069 -2.98794e-17 10.8563 1.62248 -0.0597416 -0.379412 0.135621 -1.32927e-17 4.92478 0.736013 0.798226 -7.63246 2.4078 -1.86396e-17 4.96043 0.433981 0.984593 -6.07777 1.09861 -2.06766e-17 4.97002 0.787173 0.637834 1.6703 -1.74051 1.26863 -7.82717 7.75148 -0.149404 -3.37831 -1.24899 13.3291 3.34342 -3.36319 -17.1086 -14.2332 -16.3135 30.0522 0.0615366 0.141 2.37571 -0.227338 -11.5215 24.9344 0.0510561 0.116988 -78.9931 -86.6252 -79.5363 -1.26863 -7.82715 7.75138 -2.44355 -3.46992 -0.18808 -13.3291 3.34342 -3.36319 21.6186 -29.0962 3.0842 -30.0522 0.0615366 0.141 -3.40216 -0.478722 16.6097 -24.9344 0.0510559 0.116988 8.87603 -59.9696 8.33755 9.50369 -4.32711 2.09145 9.71255 -17.6304 -12.3903 -0.876987 -39.8926 -0.674123 -2.29693 8.54955 0.0221944 -2.39345 -41.5694 -6.22357 -8.60681 3.80361 16.7631 0.801613 -10.1701 12.8571 2.83363e-17 -7.94989e-16 1.22742e-17 -9.50369 -4.32711 2.09145 0.525676 -13.8312 19.9189 0.876987 -39.8926 -0.674123 2.14202 7.97816 -0.00990308 2.39345 -41.5694 -6.22357 0.685771 5.50584 -14.9845 -0.801613 -10.1701 12.8571 -2.01401e-16 -5.83821e-16 -1.27594e-14 
18.2192 109.063 -118.069 -1.28428 9.58511 -4.05845 0 5.22546 -1.18466 0.315775 -6.31032 0.547234 0 5.77894 1.10239 0.159375 -3.97114 0.58343 -1.0557e-17 6.16289 0.118334 0.049583 -0.618604 0.565951 -1.13649e-17 6.69386 -0.456341 -0.0361972 4.65152 0.584684 -2.02997e-17 7.82529 -1.54945 0.0262636 7.43338 0.575928 -2.60628e-17 9.77186 -0.940923 0.151094 9.01888 0.5276 -2.98794e-17 10.8563 1.62248 -0.0591371 -0.267468 0.141087 -1.32927e-17 4.92478 0.736013 0.987873 -9.66436 2.242 -1.86396e-17 4.96043 0.433981 1.22998 -5.63933 1.03611 -2.06766e-17 4.97002 0.787173 0.299514 3.16741 -1.31076 1.26863 -7.82717 7.75148 -1.95949 -1.74529 -2.61508 13.3291 3.34342 -3.36319 -18.9734 -9.88318 -14.9903 30.0522 0.0615366 0.141 1.83023 -0.132228 -8.8537 24.9344 0.0510561 0.116988 -133.942 -84.914 -134.293 -1.26863 -7.82715 7.75138 0.189686 -1.87497 0.924255 -13.3291 3.34342 -3.36319 24.7274 -25.4202 3.46921 -30.0522 0.0615366 0.141 -2.78242 -0.315305 13.5241 -24.9344 0.0510559 0.116988 12.661 -65.4481 11.7654 9.50369 -4.32711 2.09145 8.24045 -17.1796 -12.3841 -0.876987 -39.8926 -0.674123 -2.6449 9.8279 0.0554458 -2.39345 -41.5694 -6.22357 -6.44564 1.52662 16.2175 0.801613 -10.1701 12.8571 4.21981e-16 -7.82728e-16 1.36258e-20 -9.50369 -4.32711 2.09145 2.50789 -13.4046 22.7021 0.876987 -39.8926 -0.674123 2.44491 9.09415 -0.0353829 2.39345 -41.5694 -6.22357 -0.981265 5.05299 -14.5346 -0.801613 -10.1701 12.8571 1.98349e-16 -5.9634e-16 -1.27719e-14 
18.4542 108.009 -118.026 -1.69218 9.41159 -4.22457 0 5.22546 -1.18466 0.389056 -5.07815 0.577505 0 5.77894 1.10239 0.237377 -3.01897 0.589789 -1.0557e-17 6.16289 0.118334 0.131216 -0.168108 0.591193 -1.13649e-17 6.69386 -0.456341 0.0510646 4.3698 0.607321 -2.02997e-17 7.82529 -1.54945 0.1243 6.625 0.591974 -2.60628e-17 9.77186 -0.940923 0.28289 7.96486 0.506685 -2.98794e-17 10.8563 1.62248 -0.0548428 -0.130934 0.145911 -1.32927e-17 4.92478 0.736013 1.0966 -11.6168 2.0081 -1.86396e-17 4.96043 0.433981 1.36624 -5.12867 0.92865 -2.06766e-17 4.97002 0.787173 0.000959368 4.46089 -0.915926 1.26863 -7.82717 7.75148 -3.2665 -0.283193 -3.51449 13.3291 3.34342 -3.36319 -22.1566 -6.04888 -14.0951 30.0522 0.0615366 0.141 1.4924 -0.0863399 -7.21071 24.9344 0.0510561 0.116988 -149.058 -81.8963 -149.369 -1.26863 -7.82715 7.75138 2.58374 -0.186532 1.74759 -13.3291 3.34342 -3.36319 28.6719 -21.1229 4.00569 -30.0522 0.0615366 0.141 -2.35253 -0.222595 11.4061 -24.9344 0.0510559 0.116988 16.6909 -71.4692 15.9791 9.50369 -4.32711 2.09145 7.11737 -17.3296 -12.3122 -0.876987 -39.8926 -0.674123 -3.16289 11.7153 0.119308 -2.39345 -41.5694 -6.22357 -4.48922 -0.949985 15.861 0.801613 -10.1701 12.8571 2.52841e-17 -7.95125e-16 1.24104e-17 -9.50369 -4.32711 2.09145 4.4859 -13.2623 24.8143 0.876987 -39.8926 -0.674123 2.71496 10.0843 -0.0630814 2.39345 -41.5694 -6.22357 -2.44979 4.10195 -14.2303 -0.801613 -10.1701 12.8571 -5.95482e-16 -5.59123e-16 -1.27471e-14 
18.6485 106.534 -118.053 -2.15427 9.27223 -4.27735 0 5.22546 -1.18466 0.476851 -3.92868 0.58512 0 5.77894 1.10239 0.33064 -2.1809 0.585522 -1.0557e-17 6.16289 0.118334 0.217285 0.191333 0.607568 -1.13649e-17 6.69386 -0.456341 0.129849 4.01484 0.62158 -2.02997e-17 7.82529 -1.54945 0.197425 5.76615 0.598366 -2.60628e-17 9.77186 -0.940923 0.365914 6.87664 0.48518 -2.98794e-17 10.8563 1.62248 -0.0520571 0.0158386 0.15074 -1.32927e-17 4.92478 0.736013 1.08974 -13.1743 1.68904 -1.86396e-17 4.96043 0.433981 1.3459 -4.65587 0.77335 -2.06766e-17 4.97002 0.787173 -0.12272 5.52259 -0.546051 1.26863 -7.82717 7.75148 -4.21053 0.969506 -4.09866 13.3291 3.34342 -3.36319 -26.0764 -2.47338 -13.4162 30.0522 0.0615366 0.141 1.30907 -0.0655528 -6.3215 24.9344 0.0510561 0.116988 -154.207 -78.8349 -154.615 -1.26863 -7.82715 7.75138 4.60334 1.50559 2.35431 -13.3291 3.34342 -3.36319 32.9644 -15.4302 4.28975 -30.0522 0.0615366 0.141 -2.03496 -0.164691 9.85114 -24.9344 0.0510559 0.116988 25.5416 -77.4652 25.2388 9.50369 -4.32711 2.09145 6.21318 -17.5867 -12.3313 -0.876987 -39.8926 -0.674123 -3.78339 13.9467 0.218148 -2.39345 -41.5694 -6.22357 -2.67469 -3.37726 15.65 0.801613 -10.1701 12.8571 2.48481e-17 -7.95139e-16 1.2424e-17 -9.50369 -4.32711 2.09145 6.24325 -13.2128 25.8877 0.876987 -39.8926 -0.674123 3.00805 11.1533 -0.0984275 2.39345 -41.5694 -6.22357 -3.8618 2.85558 -14.0247 -0.801613 -10.1701 12.8571 5.95046e-16 -6.21134e-16 -1.27967e-14 
18.7893 104.696 -118.165 -2.49142 8.92187 -4.22317 0 5.22546 -1.18466 0.519702 -2.74765 0.558841 0 5.77894 1.10239 0.384219 -1.3486 0.555277 -1.0557e-17 6.16289 0.118334 0.268277 0.542826 0.597311 -1.13649e-17 6.69386 -0.456341 0.176603 3.6331 0.610138 -2.02997e-17 7.82529 -1.54945 0.234537 4.88254 0.57976 -2.60628e-17 9.77186 -0.940923 0.4012 5.76431 0.445768 -2.98794e-17 10.8563 1.62248 -0.0550798 0.166285 0.155976 -1.32927e-17 4.92478 0.736013 1.02959 -14.1557 1.44937 -1.86396e-17 4.96043 0.433981 1.21982 -4.23676 0.651741 -2.06766e-17 4.97002 0.787173 -0.00569322 6.33766 -0.224632 1.26863 -7.82717 7.75148 -4.91594 2.09881 -4.53925 13.3291 3.34342 -3.36319 -30.3737 0.970865 -12.7568 30.0522 0.0615366 0.141 1.26353 -0.0608356 -6.10081 24.9344 0.0510561 0.116988 -157.276 -75.7479 -158.083 -1.26863 -7.82715 7.75138 6.16067 3.16652 2.91794 -13.3291 3.34342 -3.36319 37.3166 -8.13572 4.28909 -30.0522 0.0615366 0.141 -1.81273 -0.129437 8.76708 -24.9344 0.0510559 0.116988 54.8348 -82.3976 54.931 9.50369 -4.32711 2.09145 5.31578 -17.6398 -12.6184 -0.876987 -39.8926 -0.674123 -4.41948 16.1947 0.344278 -2.39345 -41.5694 -6.22357 -1.29193 -5.53022 15.572 0.801613 -10.1701 12.8571 2.48481e-17 -7.95139e-16 1.2424e-17 -9.50369 -4.32711 2.09145 7.43762 -13.1176 25.5608 0.876987 -39.8926 -0.674123 3.34334 12.3678 -0.145557 2.39345 -41.5694 -6.22357 -4.93808 1.36793 -13.9732 -0.801613 -10.1701 12.8571 -5.95046e-16 -5.5915e-16 -1.27471e-14 
18.8993 102.531 -118.377 -2.63944 8.30891 -4.11505 0 5.22546 -1.18466 0.527622 -1.62499 0.506571 0 5.77894 1.10239 0.412952 -0.563843 0.504502 -1.0557e-17 6.16289 0.118334 0.303369 0.890717 0.565103 -1.13649e-17 6.69386 -0.456341 0.213863 3.29766 0.579227 -2.02997e-17 7.82529 -1.54945 0.266226 4.1043 0.539625 -2.60628e-17 9.77186 -0.940923 0.425588 4.78115 0.38111 -2.98794e-17 10.8563 1.62248 -0.0615126 0.306512 0.161604 -1.32927e-17 4.92478 0.736013 0.995468 -14.6442 1.32329 -1.86396e-17 4.96043 0.433981 1.1455 -3.86735 0.583412 -2.06766e-17 4.97002 0.787173 0.0620387 6.75035 0.153199 1.26863 -7.82717 7.75148 -5.42004 3.05859 -4.8215 13.3291 3.34342 -3.36319 -34.877 4.41951 -12.258 30.0522 0.0615366 0.141 1.31911 -0.0666183 -6.37016 24.9344 0.0510561 0.116988 -159.947 -72.6744 -161.159 -1.26863 -7.82715 7.75138 7.32426 4.65401 3.42297 -13.3291 3.34342 -3.36319 41.6949 -0.41761 4.32241 -30.0522 0.0615366 0.141 -1.68964 -0.11176 8.16798 -24.9344 0.0510559 0.116988 109.944 -82.2283 110.701 9.50369 -4.32711 2.09145 4.47066 -17.419 -12.9827 -0.876987 -39.8926 -0.674123 -5.03789 18.3359 0.4904 -2.39345 -41.5694 -6.22357 -0.314147 -7.20695 15.5482 0.801613 -10.1701 12.8571 2.48481e-17 -7.95139e-16 1.2424e-17 -9.50369 -4.32711 2.09145 8.09411 -12.9949 24.6617 0.876987 -39.8926 -0.674123 3.74012 13.7923 -0.210474 2.39345 -41.5694 -6.22357 -5.84951 -0.0604837 -14.0036 -0.801613 -10.1701 12.8571 1.97913e-16 -5.96313e-16 -1.27719e-14 
19.0138 100.041 -118.616 -2.64504 7.52872 -4.27558 0 5.22546 -1.18466 0.53569 -0.697713 0.466623 0 5.77894 1.10239 0.451524 0.0914095 0.466754 -1.0557e-17 6.16289 0.118334 0.352158 1.20069 0.542828 -1.13649e-17 6.69386 -0.456341 0.26664 3.04691 0.559673 -2.02997e-17 7.82529 -1.54945 0.322254 3.52693 0.507425 -2.60628e-17 9.77186 -0.940923 0.474991 4.03923 0.313635 -2.98794e-17 10.8563 1.62248 -0.0691702 0.419278 0.16455 -1.32927e-17 4.92478 0.736013 1.03908 -15.0439 1.33858 -1.86396e-17 4.96043 0.433981 1.15434 -3.59132 0.578142 -2.06766e-17 4.97002 0.787173 -0.173744 6.79625 0.677569 1.26863 -7.82717 7.75148 -5.65972 3.81095 -4.89057 13.3291 3.34342 -3.36319 -39.7267 7.93787 -11.9031 30.0522 0.0615366 0.141 1.43726 -0.0797865 -6.94311 24.9344 0.0510561 0.116988 -162.46 -69.7001 -164.009 -1.26863 -7.82715 7.75138 8.1757 5.84611 3.75447 -13.3291 3.34342 -3.36319 45.9534 6.47588 4.78272 -30.0522 0.0615366 0.141 -1.64786 -0.106057 7.96482 -24.9344 0.0510559 0.116988 137.937 -78.077 139.59 9.50369 -4.32711 2.09145 3.79536 -16.9612 -13.2318 -0.876987 -39.8926 -0.674123 -5.7371 20.6983 0.682692 -2.39345 -41.5694 -6.22357 0.422105 -8.60035 15.5488 0.801613 -10.1701 12.8571 2.48481e-17 -7.95139e-16 1.2424e-17 -9.50369 -4.32711 2.09145 8.69654 -12.711 25.2181 0.876987 -39.8926 -0.674123 4.28143 15.7105 -0.3148 2.39345 -41.5694 -6.22357 -6.48336 -1.24889 -14.1004 -0.801613 -10.1701 12.8571 -5.95482e-16 -5.59123e-16 -1.27471e-14 
19.2647 97.24 -118.927 -2.70095 6.05438 -4.76348 0 5.22546 -1.18466 0.418489 0.4781 0.430245 0 5.77894 1.10239 0.376071 0.89765 0.414663 -1.0557e-17 6.16289 0.118334 0.311735 1.60661 0.500468 -1.13649e-17 6.69386 -0.456341 0.258259 2.8065 0.519957 -2.02997e-17 7.82529 -1.54945 0.334271 2.90835 0.463657 -2.60628e-17 9.77186 -0.940923 0.498962 3.22248 0.243935 -2.98794e-17 10.8563 1.62248 -0.0881302 0.529437 0.166922 -1.32927e-17 4.92478 0.736013 1.0103 -14.9297 1.38488 -1.86396e-17 4.96043 0.433981 0.978954 -3.74285 0.580069 -2.06766e-17 4.97002 0.787173 0.324702 6.30979 1.26097 1.26863 -7.82717 7.75148 -5.70158 4.55954 -4.91637 13.3291 3.34342 -3.36319 -44.841 10.5879 -11.0001 30.0522 0.0615366 0.141 1.59246 -0.0989057 -7.6967 24.9344 0.0510561 0.116988 -164.282 -67.3574 -166.542 -1.26863 -7.82715 7.75138 8.74858 6.93052 4.29372 -13.3291 3.34342 -3.36319 50.1389 11.409 5.48487 -30.0522 0.0615366 0.141 -1.62564 -0.103086 7.85684 -24.9344 0.0510559 0.116988 147.786 -74.3352 149.555 9.50369 -4.32711 2.09145 3.02548 -16.7935 -14.4621 -0.876987 -39.8926 -0.674123 -7.14203 25.235 1.15176 -2.39345 -41.5694 -6.22357 0.21605 -9.12194 15.6412 0.801613 -10.1701 12.8571 4.21981e-16 -7.82728e-16 1.36258e-20 -9.50369 -4.32711 2.09145 8.86108 -12.101 24.7593 0.876987 -39.8926 -0.674123 5.46728 19.7944 -0.605141 2.39345 -41.5694 -6.22357 -5.31052 -2.6258 -14.4241 -0.801613 -10.1701 12.8571 -1.99221e-16 -5.83903e-16 -1.27595e-14 
19.6517 94.0638 -118.782 -2.58097 3.80997 -5.32104 0 5.22546 -1.18466 0.32969 1.40175 0.508134 0 5.77894 1.10239 0.321857 1.5755 0.478779 -1.0557e-17 6.16289 0.118334 0.275501 2.03657 0.572168 -1.13649e-17 6.69386 -0.456341 0.227228 2.76083 0.596066 -2.02997e-17 7.82529 -1.54945 0.342662 2.61508 0.539072 -2.60628e-17 9.77186 -0.940923 0.546837 2.80564 0.290778 -2.98794e-17 10.8563 1.62248 -0.0936943 0.614963 0.159974 -1.32927e-17 4.92478 0.736013 0.991884 -14.7098 1.29418 -1.86396e-17 4.96043 0.433981 1.09938 -4.25836 0.527916 -2.06766e-17 4.97002 0.787173 0.0578891 5.02211 1.28666 1.26863 -7.82717 7.75148 -5.67792 5.17237 -5.02674 13.3291 3.34342 -3.36319 -49.4052 14.1279 -10.5695 30.0522 0.0615366 0.141 1.67417 -0.109806 -8.09394 24.9344 0.0510561 0.116988 -165.887 -64.3611 -168.086 -1.26863 -7.82715 7.75138 8.89176 7.69508 4.25869 -13.3291 3.34342 -3.36319 54.2138 17.058 6.07212 -30.0522 0.0615366 0.141 -1.53726 -0.09169 7.42744 -24.9344 0.0510559 0.116988 155.109 -68.9841 157.06 9.50369 -4.32711 2.09145 2.16965 -16.3179 -16.6988 -0.876987 -39.8926 -0.674123 -8.8592 30.3619 1.86322 -2.39345 -41.5694 -6.22357 1.61423 -12.4017 15.7927 0.801613 -10.1701 12.8571 8.19551e-16 -7.57894e-16 -2.48208e-17 -9.50369 -4.32711 2.09145 9.64898 -10.3991 26.9281 0.876987 -39.8926 -0.674123 6.69428 23.8212 -0.990675 2.39345 -41.5694 -6.22357 -6.72656 -4.42959 -14.6266 -0.801613 -10.1701 12.8571 -5.95918e-16 -5.59109e-16 -1.27471e-14 
19.9042 90.9137 -118.9 -2.50461 0.863762 -6.04717 0 5.22546 -1.18466 -0.0579981 2.92718 0.537174 0 5.77894 1.10239 0.0250347 2.65355 0.449615 -1.0557e-17 6.16289 0.118334 0.0615101 2.69553 0.548842 -1.13649e-17 6.69386 -0.456341 0.0892289 2.66286 0.573853 -2.02997e-17 7.82529 -1.54945 0.294747 2.07758 0.535291 -2.60628e-17 9.77186 -0.940923 0.582154 2.02879 0.264222 -2.98794e-17 10.8563 1.62248 -0.0993222 0.729898 0.146255 -1.32927e-17 4.92478 0.736013 0.83055 -13.8045 0.923712 -1.86396e-17 4.96043 0.433981 1.18904 -4.88056 0.359934 -2.06766e-17 4.97002 0.787173 0.833164 3.69014 2.43403 1.26863 -7.82717 7.75148 -5.28429 5.91309 -5.27112 13.3291 3.34342 -3.36319 -53.5468 17.9251 -10.0265 30.0522 0.0615366 0.141 1.70614 -0.114229 -8.24944 24.9344 0.0510561 0.116988 -167.785 -60.2615 -169.645 -1.26863 -7.82715 7.75138 8.6004 8.50287 4.61779 -13.3291 3.34342 -3.36319 59.1602 21.3958 6.67538 -30.0522 0.0615366 0.141 -1.40841 -0.0762827 6.80209 -24.9344 0.0510559 0.116988 158.192 -64.8082 160.255 9.50369 -4.32711 2.09145 1.329 -16.5281 -17.6602 -0.876987 -39.8926 -0.674123 -11.5782 37.4959 3.25768 -2.39345 -41.5694 -6.22357 2.82588 -15.8972 15.999 0.801613 -10.1701 12.8571 8.19987e-16 -7.57867e-16 -2.48481e-17 -9.50369 -4.32711 2.09145 10.8854 -9.77326 28.6281 0.876987 -39.8926 -0.674123 9.00841 30.7848 -1.93166 2.39345 -41.5694 -6.22357 -7.13915 -7.39558 -15.1696 -0.801613 -10.1701 12.8571 -5.96354e-16 -5.59082e-16 -1.27471e-14 
20.1823 88.441 -118.793 -1.97179 -3.30671 -5.8848 0 5.22546 -1.18466 -0.616474 4.65211 0.488927 0 5.77894 1.10239 -0.397157 3.89157 0.313686 -1.0557e-17 6.16289 0.118334 -0.247932 3.53066 0.412822 -1.13649e-17 6.69386 -0.456341 -0.113274 2.73925 0.436312 -2.02997e-17 7.82529 -1.54945 0.191004 1.68123 0.427002 -2.60628e-17 9.77186 -0.940923 0.563839 1.4055 0.150181 -2.98794e-17 10.8563 1.62248 -0.111049 0.830873 0.130977 -1.32927e-17 4.92478 0.736013 0.678715 -11.8959 0.738908 -1.86396e-17 4.96043 0.433981 1.06965 -4.67118 0.269518 -2.06766e-17 4.97002 0.787173 2.02989 2.97423 3.1345 1.26863 -7.82717 7.75148 -4.78809 6.60625 -5.60507 13.3291 3.34342 -3.36319 -57.8999 21.3555 -9.48683 30.0522 0.0615366 0.141 1.71649 -0.115683 -8.29982 24.9344 0.0510561 0.116988 -170.416 -56.8398 -172.126 -1.26863 -7.82715 7.75138 8.12218 9.09208 5.13132 -13.3291 3.34342 -3.36319 63.2481 24.9455 7.10207 -30.0522 0.0615366 0.141 -1.28372 -0.0627301 6.19762 -24.9344 0.0510559 0.116988 160.635 -62.1175 161.828 9.50369 -4.32711 2.09145 -0.138913 -15.6416 -18.5074 -0.876987 -39.8926 -0.674123 -14.5147 43.9072 5.06133 -2.39345 -41.5694 -6.22357 2.26665 -17.7065 15.9803 0.801613 -10.1701 12.8571 1.21712e-15 -7.45456e-16 -3.72585e-17 -9.50369 -4.32711 2.09145 11.2204 -7.68572 28.5547 0.876987 -39.8926 -0.674123 11.1102 36.3534 -2.99682 2.39345 -41.5694 -6.22357 -7.69185 -9.55549 -15.5189 -0.801613 -10.1701 12.8571 -5.96354e-16 -5.59082e-16 -1.27471e-14 
20.1224 86.9103 -118.413 -1.23221 -6.47701 -6.30778 0 5.22546 -1.18466 -1.03995 5.29288 0.417856 0 5.77894 1.10239 -0.708707 4.46609 0.173028 -1.0557e-17 6.16289 0.118334 -0.47325 4.07532 0.272881 -1.13649e-17 6.69386 -0.456341 -0.253126 3.17724 0.294913 -2.02997e-17 7.82529 -1.54945 0.120192 2.03764 0.310553 -2.60628e-17 9.77186 -0.940923 0.560668 1.75751 0.0286613 -2.98794e-17 10.8563 1.62248 -0.110666 0.819459 0.104459 -1.32927e-17 4.92478 0.736013 0.76779 -10.5668 1.1677 -1.86396e-17 4.96043 0.433981 1.13023 -4.58034 0.471228 -2.06766e-17 4.97002 0.787173 2.00837 1.84518 3.81773 1.26863 -7.82717 7.75148 -4.76243 6.75251 -5.69781 13.3291 3.34342 -3.36319 -61.8613 24.096 -9.23896 30.0522 0.0615366 0.141 1.63425 -0.104415 -7.89979 24.9344 0.0510561 0.116988 -172.939 -53.1673 -173.673 -1.26863 -7.82715 7.75138 7.99518 9.05317 5.41681 -13.3291 3.34342 -3.36319 65.7809 27.2635 8.25169 -30.0522 0.0615366 0.141 -1.15127 -0.0497894 5.55621 -24.9344 0.0510559 0.116988 163.064 -62.3273 163.513 9.50369 -4.32711 2.09145 -1.30648 -15.3693 -18.2133 -0.876987 -39.8926 -0.674123 -17.0635 48.5177 6.8197 -2.39345 -41.5694 -6.22357 0.879761 -17.2852 15.7513 0.801613 -10.1701 12.8571 4.23299e-16 -7.82673e-16 -4.13212e-20 -9.50369 -4.32711 2.09145 11.5637 -8.17239 28.5799 0.876987 -39.8926 -0.674123 14.6663 44.2047 -5.16141 2.39345 -41.5694 -6.22357 -10.1272 -15.6379 -16.6232 -0.801613 -10.1701 12.8571 1.97903e-16 -5.96313e-16 -1.27719e-14 
19.7944 85.6246 -117.647 -0.808875 -2.82023 -7.04998 0 5.22546 -1.18466 -0.917309 3.55647 0.195911 0 5.77894 1.10239 -0.580566 3.34493 -0.0338805 -1.0557e-17 6.16289 0.118334 -0.354658 3.37586 0.0612592 -1.13649e-17 6.69386 -0.456341 -0.138149 3.27959 0.0730066 -2.02997e-17 7.82529 -1.54945 0.163803 2.6698 0.0640677 -2.60628e-17 9.77186 -0.940923 0.511822 2.56118 -0.213992 -2.98794e-17 10.8563 1.62248 -0.0939578 0.675363 0.0749848 -1.32927e-17 4.92478 0.736013 1.25326 -11.6546 2.62985 -1.86396e-17 4.96043 0.433981 1.42967 -4.57179 1.12028 -2.06766e-17 4.97002 0.787173 0.778915 0.0799945 4.08791 1.26863 -7.82717 7.75148 -4.43664 6.10266 -4.96204 13.3291 3.34342 -3.36319 -66.5575 25.1675 -8.33899 30.0522 0.0615366 0.141 1.6266 -0.103392 -7.86259 24.9344 0.0510561 0.116988 -173.081 -51.3498 -172.65 -1.26863 -7.82715 7.75138 7.72452 8.19704 4.81694 -13.3291 3.34342 -3.36319 67.1031 29.1508 9.38009 -30.0522 0.0615366 0.141 -1.17239 -0.0517518 5.65849 -24.9344 0.0510559 0.116988 163.474 -64.8637 163.734 9.50369 -4.32711 2.09145 -0.681654 -21.861 -16.3574 -0.876987 -39.8926 -0.674123 -20.1928 53.1763 9.16324 -2.39345 -41.5694 -6.22357 0.92575 -17.2687 15.7008 0.801613 -10.1701 12.8571 4.22417e-16 -7.82715e-16 2.88531e-33 -9.50369 -4.32711 2.09145 12.6188 -13.6444 29.5839 0.876987 -39.8926 -0.674123 16.7538 48 -6.59807 2.39345 -41.5694 -6.22357 -9.84341 -16.3255 -16.8261 -0.801613 -10.1701 12.8571 -1.78686e-15 -5.09482e-16 -1.26975e-14 
19.376 85.1811 -116.661 -0.5268 -3.54037 -7.15724 0 5.22546 -1.18466 -1.14173 1.85301 0.1106 0 5.77894 1.10239 -0.784573 2.25068 -0.141092 -1.0557e-17 6.16289 0.118334 -0.533239 2.86066 -0.0561302 -1.13649e-17 6.69386 -0.456341 -0.287795 3.68679 -0.0499142 -2.02997e-17 7.82529 -1.54945 0.0118931 3.68638 -0.0344573 -2.60628e-17 9.77186 -0.940923 0.363614 3.90071 -0.27873 -2.98794e-17 10.8563 1.62248 -0.0862359 0.555965 0.0380563 -1.32927e-17 4.92478 0.736013 1.25968 -14.2257 2.60933 -1.86396e-17 4.96043 0.433981 0.899047 -4.94557 1.08592 -2.06766e-17 4.97002 0.787173 2.6019 1.43285 4.33134 1.26863 -7.82717 7.75148 -6.05001 5.78915 -4.99031 13.3291 3.34342 -3.36319 -67.4178 24.4766 -8.13248 30.0522 0.0615366 0.141 1.43883 -0.0799736 -6.95072 24.9344 0.0510561 0.116988 -176.521 -53.1515 -175.274 -1.26863 -7.82715 7.75138 7.69696 7.16145 4.20266 -13.3291 3.34342 -3.36319 67.9548 28.7582 8.86271 -30.0522 0.0615366 0.141 -1.26375 -0.0606861 6.10087 -24.9344 0.0510559 0.116988 165.921 -68.5675 164.226 9.50369 -4.32711 2.09145 -0.647931 -21.2529 -15.2628 -0.876987 -39.8926 -0.674123 -20.5349 53.628 9.42954 -2.39345 -41.5694 -6.22357 1.47579 -17.9618 15.7691 0.801613 -10.1701 12.8571 -1.1661e-15 -8.44766e-16 6.20513e-17 -9.50369 -4.32711 2.09145 12.3237 -13.3954 29.3518 0.876987 -39.8926 -0.674123 17.5493 49.308 -7.17151 2.39345 -41.5694 -6.22357 -10.4359 -17.3394 -16.8678 -0.801613 -10.1701 12.8571 -5.97676e-16 -5.59027e-16 -1.2747e-14 
18.7731 85.4113 -116.018 -0.320074 -4.55833 -6.8195 0 5.22546 -1.18466 -1.26376 0.479854 -0.00945393 0 5.77894 1.10239 -0.883921 1.41714 -0.285592 -1.0557e-17 6.16289 0.118334 -0.605886 2.59731 -0.208133 -1.13649e-17 6.69386 -0.456341 -0.321231 4.32311 -0.210498 -2.02997e-17 7.82529 -1.54945 -0.0221098 4.9079 -0.181786 -2.60628e-17 9.77186 -0.940923 0.314895 5.40588 -0.412102 -2.98794e-17 10.8563 1.62248 -0.0746115 0.437779 -0.00426081 -1.32927e-17 4.92478 0.736013 1.43926 -13.7808 2.99006 -1.86396e-17 4.96043 0.433981 1.044 -5.26203 1.27745 -2.06766e-17 4.97002 0.787173 2.43968 1.14399 4.41145 1.26863 -7.82717 7.75148 -6.36732 4.671 -4.00372 13.3291 3.34342 -3.36319 -67.8822 22.9568 -8.40178 30.0522 0.0615366 0.141 1.31023 -0.0656803 -6.3271 24.9344 0.0510561 0.116988 -178.303 -57.2516 -176.16 -1.26863 -7.82715 7.75138 7.23356 5.4001 3.12838 -13.3291 3.34342 -3.36319 67.7557 24.0791 8.73968 -30.0522 0.0615366 0.141 -1.42616 -0.0783294 6.8882 -24.9344 0.0510559 0.116988 164.264 -74.4835 161.519 9.50369 -4.32711 2.09145 -1.13788 -19.9542 -16.0066 -0.876987 -39.8926 -0.674123 -20.0472 52.9809 9.05049 -2.39345 -41.5694 -6.22357 0.659471 -17.5785 15.6323 0.801613 -10.1701 12.8571 -3.73603e-16 -8.07604e-16 2.48894e-17 -9.50369 -4.32711 2.09145 11.8462 -11.9038 28.6668 0.876987 -39.8926 -0.674123 16.8417 48.148 -6.66076 2.39345 -41.5694 -6.22357 -11.5191 -17.7337 -16.9808 -0.801613 -10.1701 12.8571 1.97903e-16 -5.96313e-16 -1.27719e-14 
17.7957 86.4803 -115.602 -0.0605906 -3.23139 -6.35402 0 5.22546 -1.18466 -1.36049 -1.74468 -0.167858 0 5.77894 1.10239 -0.956758 -0.110548 -0.454095 -1.0557e-17 6.16289 0.118334 -0.643771 1.92894 -0.385507 -1.13649e-17 6.69386 -0.456341 -0.302117 5.00259 -0.396123 -2.02997e-17 7.82529 -1.54945 -0.00430382 6.47895 -0.367281 -2.60628e-17 9.77186 -0.940923 0.305814 7.3571 -0.596194 -2.98794e-17 10.8563 1.62248 -0.0657055 0.220671 -0.0711992 -1.32927e-17 4.92478 0.736013 1.60509 -11.7607 3.38272 -1.86396e-17 4.96043 0.433981 1.5058 -6.22903 1.49378 -2.06766e-17 4.97002 0.787173 2.00318 -1.20493 4.76074 1.26863 -7.82717 7.75148 -5.72824 2.75575 -2.41708 13.3291 3.34342 -3.36319 -68.5918 19.6591 -8.66936 30.0522 0.0615366 0.141 1.24106 -0.0585755 -5.99199 24.9344 0.0510561 0.116988 -177.436 -63.707 -175.528 -1.26863 -7.82715 7.75138 5.93487 2.93711 1.4778 -13.3291 3.34342 -3.36319 68.6252 18.8186 8.73045 -30.0522 0.0615366 0.141 -1.6559 -0.107153 8.00399 -24.9344 0.0510559 0.116988 158.795 -79.3085 157.037 9.50369 -4.32711 2.09145 -1.43869 -20.8408 -16.8399 -0.876987 -39.8926 -0.674123 -19.0246 51.5525 8.26797 -2.39345 -41.5694 -6.22357 0.161494 -14.9336 15.5862 0.801613 -10.1701 12.8571 -2.35836e-15 -8.94435e-16 1.1172e-16 -9.50369 -4.32711 2.09145 11.4714 -10.9526 29.3214 0.876987 -39.8926 -0.674123 14.431 43.7417 -5.00636 2.39345 -41.5694 -6.22357 -11.5452 -18.7212 -16.9729 -0.801613 -10.1701 12.8571 -3.7725e-15 -4.2261e-16 -1.26106e-14 
16.7932 88.1799 -115.727 -0.04585 -2.06563 -5.83002 0 5.22546 -1.18466 -1.47176 -3.7907 -0.283692 0 5.77894 1.10239 -1.05442 -1.64072 -0.568667 -1.0557e-17 6.16289 0.118334 -0.704693 1.15517 -0.502615 -1.13649e-17 6.69386 -0.456341 -0.306867 5.40662 -0.516081 -2.02997e-17 7.82529 -1.54945 0.000861438 7.67187 -0.481358 -2.60628e-17 9.77186 -0.940923 0.299138 8.8778 -0.712905 -2.98794e-17 10.8563 1.62248 -0.0569163 0.0604784 -0.1187 -1.32927e-17 4.92478 0.736013 1.53238 -9.61001 3.16673 -1.86396e-17 4.96043 0.433981 1.82115 -6.80116 1.42491 -2.06766e-17 4.97002 0.787173 2.36947 -2.92914 5.31598 1.26863 -7.82717 7.75148 -5.16742 1.14022 -1.03511 13.3291 3.34342 -3.36319 -68.0354 15.6494 -8.76818 30.0522 0.0615366 0.141 1.2312 -0.0575938 -5.94422 24.9344 0.0510561 0.116988 -177.015 -69.7754 -175.55 -1.26863 -7.82715 7.75138 4.63988 0.85727 -0.0217869 -13.3291 3.34342 -3.36319 69.0686 12.3152 7.6451 -30.0522 0.0615366 0.141 -2.07279 -0.171132 10.0363 -24.9344 0.0510559 0.116988 153.289 -83.8387 151.942 9.50369 -4.32711 2.09145 -1.64749 -20.1549 -17.8253 -0.876987 -39.8926 -0.674123 -16.5628 47.675 6.46237 -2.39345 -41.5694 -6.22357 0.631186 -12.5556 15.6943 0.801613 -10.1701 12.8571 4.19332e-16 -7.82839e-16 1.23965e-19 -9.50369 -4.32711 2.09145 10.8088 -9.29471 29.7226 0.876987 -39.8926 -0.674123 11.6378 37.639 -3.29149 2.39345 -41.5694 -6.22357 -10.6112 -17.7831 -16.5715 -0.801613 -10.1701 12.8571 9.88634e-16 -6.33392e-16 -1.2809e-14 
16.2321 90.2688 -116.401 -0.438651 -1.32963 -5.30399 0 5.22546 -1.18466 -1.37709 -5.08073 -0.392906 0 5.77894 1.10239 -0.966853 -2.67835 -0.651159 -1.0557e-17 6.16289 0.118334 -0.61763 0.559857 -0.581542 -1.13649e-17 6.69386 -0.456341 -0.207037 5.52298 -0.594481 -2.02997e-17 7.82529 -1.54945 0.0826393 8.24719 -0.572869 -2.60628e-17 9.77186 -0.940923 0.336522 9.61119 -0.819437 -2.98794e-17 10.8563 1.62248 -0.0484991 -0.0231438 -0.140624 -1.32927e-17 4.92478 0.736013 1.49896 -7.12266 3.04231 -1.86396e-17 4.96043 0.433981 2.20009 -7.11492 1.39509 -2.06766e-17 4.97002 0.787173 2.08852 -4.15776 5.45787 1.26863 -7.82717 7.75148 -4.32288 -0.0492671 0.123326 13.3291 3.34342 -3.36319 -67.3809 12.2784 -8.63193 30.0522 0.0615366 0.141 1.3181 -0.0665065 -6.36522 24.9344 0.0510561 0.116988 -177.309 -73.9978 -176.468 -1.26863 -7.82715 7.75138 3.11227 -0.608087 -1.14295 -13.3291 3.34342 -3.36319 68.5724 5.98697 6.2181 -30.0522 0.0615366 0.141 -2.55547 -0.264299 12.4044 -24.9344 0.0510559 0.116988 143.629 -87.7741 142.498 9.50369 -4.32711 2.09145 -1.57035 -17.9782 -18.8123 -0.876987 -39.8926 -0.674123 -13.5231 41.8831 4.42253 -2.39345 -41.5694 -6.22357 1.17946 -10.2809 15.7268 0.801613 -10.1701 12.8571 2.52888e-17 -7.95125e-16 1.24103e-17 -9.50369 -4.32711 2.09145 10.2695 -7.95864 29.5245 0.876987 -39.8926 -0.674123 9.46985 32.0693 -2.14963 2.39345 -41.5694 -6.22357 -8.50933 -13.7348 -15.7872 -0.801613 -10.1701 12.8571 -1.97462e-16 -5.83985e-16 -1.27595e-14 
16.2108 92.7292 -117.515 -0.995248 -0.453044 -5.37174 0 5.22546 -1.18466 -1.07348 -5.87309 -0.433791 0 5.77894 1.10239 -0.714202 -3.38205 -0.638384 -1.0557e-17 6.16289 0.118334 -0.418562 0.0550313 -0.56719 -1.13649e-17 6.69386 -0.456341 -0.0563119 5.38629 -0.577424 -2.02997e-17 7.82529 -1.54945 0.176605 8.31357 -0.578569 -2.60628e-17 9.77186 -0.940923 0.356528 9.71758 -0.82453 -2.98794e-17 10.8563 1.62248 -0.0413225 -0.0625401 -0.137081 -1.32927e-17 4.92478 0.736013 1.3997 -4.7087 2.95808 -1.86396e-17 4.96043 0.433981 2.39073 -7.15292 1.36664 -2.06766e-17 4.97002 0.787173 1.47856 -5.0143 5.41922 1.26863 -7.82717 7.75148 -3.08586 -0.925411 1.08756 13.3291 3.34342 -3.36319 -67.1652 8.84206 -8.16495 30.0522 0.0615366 0.141 1.47213 -0.0838957 -7.11231 24.9344 0.0510561 0.116988 -177.786 -78.0663 -177.775 -1.26863 -7.82715 7.75138 1.50772 -1.60489 -1.9553 -13.3291 3.34342 -3.36319 66.8362 0.703679 4.8165 -30.0522 0.0615366 0.141 -2.99533 -0.367442 14.5799 -24.9344 0.0510559 0.116988 12.3463 -88.7385 11.0862 9.50369 -4.32711 2.09145 -0.902449 -15.1891 -18.5874 -0.876987 -39.8926 -0.674123 -10.3718 34.4791 2.60204 -2.39345 -41.5694 -6.22357 1.07646 -6.82662 15.5723 0.801613 -10.1701 12.8571 2.48481e-17 -7.95139e-16 1.2424e-17 -9.50369 -4.32711 2.09145 9.56743 -7.12102 28.2577 0.876987 -39.8926 -0.674123 7.53894 26.4621 -1.30327 2.39345 -41.5694 -6.22357 -5.97393 -7.18473 -14.8429 -0.801613 -10.1701 12.8571 -9.93042e-16 -5.46699e-16 -1.27223e-14 
16.5264 95.3855 -119.237 -1.35332 0.231954 -5.80073 0 5.22546 -1.18466 -0.763755 -6.62029 -0.374707 0 5.77894 1.10239 -0.475911 -4.04631 -0.521601 -1.0557e-17 6.16289 0.118334 -0.249849 -0.389732 -0.45097 -1.13649e-17 6.69386 -0.456341 0.0398853 5.31362 -0.457585 -2.02997e-17 7.82529 -1.54945 0.218179 8.4413 -0.474768 -2.60628e-17 9.77186 -0.940923 0.347422 9.90821 -0.699212 -2.98794e-17 10.8563 1.62248 -0.0294462 -0.111323 -0.124326 -1.32927e-17 4.92478 0.736013 1.21381 -2.10222 2.75885 -1.86396e-17 4.96043 0.433981 2.44689 -7.18831 1.27607 -2.06766e-17 4.97002 0.787173 0.979756 -5.78283 5.34599 1.26863 -7.82717 7.75148 -1.56135 -1.85486 1.93721 13.3291 3.34342 -3.36319 -66.798 5.52532 -8.19822 30.0522 0.0615366 0.141 1.64577 -0.105944 -7.95584 24.9344 0.0510561 0.116988 178.522 -82.2516 177.679 -1.26863 -7.82715 7.75138 -0.0532924 -2.54879 -2.67883 -13.3291 3.34342 -3.36319 64.4295 -3.47568 3.89604 -30.0522 0.0615366 0.141 -3.2962 -0.448254 16.0796 -24.9344 0.0510559 0.116988 -1.72282 -86.1952 -3.18892 9.50369 -4.32711 2.09145 -0.182349 -12.3364 -17.3343 -0.876987 -39.8926 -0.674123 -7.57882 26.584 1.31894 -2.39345 -41.5694 -6.22357 -0.24842 -0.919907 15.272 0.801613 -10.1701 12.8571 -3.7228e-16 -8.07549e-16 2.48343e-17 -9.50369 -4.32711 2.09145 8.62273 -6.15457 26.3121 0.876987 -39.8926 -0.674123 5.62986 20.3402 -0.651372 2.39345 -41.5694 -6.22357 -3.32079 1.28509 -13.8165 -0.801613 -10.1701 12.8571 -1.99666e-16 -5.83889e-16 -1.27594e-14 
17.2335 97.932 -121.428 -1.38505 1.25528 -5.90122 0 5.22546 -1.18466 -0.501053 -7.00039 -0.32941 0 5.77894 1.10239 -0.273824 -4.46002 -0.418208 -1.0557e-17 6.16289 0.118334 -0.109634 -0.773225 -0.343695 -1.13649e-17 6.69386 -0.456341 0.114618 5.02819 -0.34492 -2.02997e-17 7.82529 -1.54945 0.240817 8.17044 -0.376382 -2.60628e-17 9.77186 -0.940923 0.324092 9.61709 -0.577337 -2.98794e-17 10.8563 1.62248 -0.0114473 -0.120999 -0.0956541 -1.32927e-17 4.92478 0.736013 0.98673 0.294426 2.26757 -1.86396e-17 4.96043 0.433981 2.41848 -6.94904 1.03494 -2.06766e-17 4.97002 0.787173 0.617061 -6.03729 5.50198 1.26863 -7.82717 7.75148 0.320072 -2.51083 2.74347 13.3291 3.34342 -3.36319 -66.3467 3.09865 -8.25747 30.0522 0.0615366 0.141 1.88607 -0.140757 -9.12586 24.9344 0.0510561 0.116988 170.779 -85.524 169.198 -1.26863 -7.82715 7.75138 -1.72201 -3.17962 -3.2141 -13.3291 3.34342 -3.36319 61.4024 -7.2741 2.64636 -30.0522 0.0615366 0.141 -3.59828 -0.537978 17.596 -24.9344 0.0510559 0.116988 1.82187 -83.9815 -0.248601 9.50369 -4.32711 2.09145 0.590047 -11.4803 -15.444 -0.876987 -39.8926 -0.674123 -5.87203 21.1465 0.723025 -2.39345 -41.5694 -6.22357 -1.85231 3.28311 15.2193 0.801613 -10.1701 12.8571 -3.72721e-16 -8.07563e-16 2.48481e-17 -9.50369 -4.32711 2.09145 7.42915 -6.18808 23.5085 0.876987 -39.8926 -0.674123 4.04768 14.886 -0.267536 2.39345 -41.5694 -6.22357 0.616276 10.7213 -13.3441 -0.801613 -10.1701 12.8571 3.37537e-15 -7.32853e-16 -1.29084e-14 
18.4981 100.426 -123.249 -1.44053 3.32764 -5.65938 0 5.22546 -1.18466 -0.175665 -7.2183 -0.303943 0 5.77894 1.10239 -0.00176772 -4.78152 -0.326 -1.0557e-17 6.16289 0.118334 0.0911249 -1.19444 -0.243966 -1.13649e-17 6.69386 -0.456341 0.239208 4.51681 -0.239354 -2.02997e-17 7.82529 -1.54945 0.302646 7.54283 -0.293275 -2.60628e-17 9.77186 -0.940923 0.325622 8.90894 -0.484896 -2.98794e-17 10.8563 1.62248 0.0124093 -0.10298 -0.0519169 -1.32927e-17 4.92478 0.736013 0.830142 1.84792 1.88373 -1.86396e-17 4.96043 0.433981 2.46161 -6.41521 0.841097 -2.06766e-17 4.97002 0.787173 -0.0162235 -5.65461 5.24083 1.26863 -7.82717 7.75148 2.48908 -2.86774 3.45887 13.3291 3.34342 -3.36319 -65.7983 1.57602 -8.36218 30.0522 0.0615366 0.141 2.21382 -0.196365 -10.7275 24.9344 0.0510561 0.116988 160.245 -87.5892 158.131 -1.26863 -7.82715 7.75138 -3.2743 -3.44342 -3.6506 -13.3291 3.34342 -3.36319 57.8638 -10.463 1.16808 -30.0522 0.0615366 0.141 -3.99765 -0.670149 19.6198 -24.9344 0.0510559 0.116988 6.26226 -82.5639 3.71044 9.50369 -4.32711 2.09145 2.55649 -13.9829 -12.5119 -0.876987 -39.8926 -0.674123 -5.56114 20.11 0.631647 -2.39345 -41.5694 -6.22357 -0.233966 -1.95769 15.3253 0.801613 -10.1701 12.8571 2.44073e-17 -7.95152e-16 1.24378e-17 -9.50369 -4.32711 2.09145 6.51521 -8.40093 21.2836 0.876987 -39.8926 -0.674123 3.25072 12.0332 -0.131827 2.39345 -41.5694 -6.22357 2.28693 15.1041 -13.3261 -0.801613 -10.1701 12.8571 -5.35749e-15 -3.6071e-16 -1.25363e-14 
19.3116 102.934 -123.979 -1.71334 6.65784 -5.16931 0 5.22546 -1.18466 0.172317 -7.76784 -0.295631 0 5.77894 1.10239 0.298968 -5.40193 -0.250403 -1.0557e-17 6.16289 0.118334 0.315856 -1.79393 -0.162504 -1.13649e-17 6.69386 -0.456341 0.388074 4.02736 -0.150843 -2.02997e-17 7.82529 -1.54945 0.379024 7.07783 -0.226593 -2.60628e-17 9.77186 -0.940923 0.328078 8.43278 -0.409277 -2.98794e-17 10.8563 1.62248 0.0334944 -0.108388 -0.00681247 -1.32927e-17 4.92478 0.736013 0.655188 2.63906 1.48335 -1.86396e-17 4.96043 0.433981 2.35206 -5.92688 0.636029 -2.06766e-17 4.97002 0.787173 -0.366826 -5.1985 4.9388 1.26863 -7.82717 7.75148 4.82692 -3.28567 4.23755 13.3291 3.34342 -3.36319 -65.0086 -0.23866 -8.85065 30.0522 0.0615366 0.141 2.64953 -0.28502 -12.8693 24.9344 0.0510561 0.116988 105.744 -89.1997 103.3 -1.26863 -7.82715 7.75138 -4.59006 -3.72581 -4.06619 -13.3291 3.34342 -3.36319 54.0337 -13.759 0.26534 -30.0522 0.0615366 0.141 -4.47416 -0.848744 22.0665 -24.9344 0.0510559 0.116988 7.9078 -81.2467 4.7962 9.50369 -4.32711 2.09145 5.42123 -18.1313 -9.29188 -0.876987 -39.8926 -0.674123 -5.25487 19.076 0.54704 -2.39345 -41.5694 -6.22357 0.882645 -6.83808 15.5916 0.801613 -10.1701 12.8571 2.48481e-17 -7.95139e-16 1.2424e-17 -9.50369 -4.32711 2.09145 5.5657 -13.0729 20.1331 0.876987 -39.8926 -0.674123 3.57315 13.1946 -0.181955 2.39345 -41.5694 -6.22357 -0.763108 5.97337 -13.9297 -0.801613 -10.1701 12.8571 -2.04515e-16 -5.83682e-16 -1.27592e-14 
19.6699 105.221 -124.238 -1.8143 9.57793 -4.68605 0 5.22546 -1.18466 0.397289 -8.57053 -0.23138 0 5.77894 1.10239 0.473116 -6.22263 -0.139329 -1.0557e-17 6.16289 0.118334 0.425549 -2.4194 -0.050148 -1.13649e-17 6.69386 -0.456341 0.428423 3.75661 -0.0269569 -2.02997e-17 7.82529 -1.54945 0.364725 7.0124 -0.10695 -2.60628e-17 9.77186 -0.940923 0.268985 8.49009 -0.258917 -2.98794e-17 10.8563 1.62248 0.0494977 -0.133251 0.0297854 -1.32927e-17 4.92478 0.736013 0.418913 3.33286 1.39075 -1.86396e-17 4.96043 0.433981 1.89906 -5.82354 0.574251 -2.06766e-17 4.97002 0.787173 -0.145505 -4.98147 3.91088 1.26863 -7.82717 7.75148 6.53562 -3.8948 5.01234 13.3291 3.34342 -3.36319 -63.0628 -2.8581 -9.84275 30.0522 0.0615366 0.141 3.15708 -0.409973 -15.3862 24.9344 0.0510561 0.116988 19.9248 -87.3373 17.5144 -1.26863 -7.82715 7.75138 -5.54745 -4.16157 -4.48848 -13.3291 3.34342 -3.36319 50.163 -17.5939 -0.00132667 -30.0522 0.0615366 0.141 -4.94267 -1.04754 24.5121 -24.9344 0.0510559 0.116988 6.54072 -79.4167 2.94948 9.50369 -4.32711 2.09145 7.41887 -21.4763 -8.79398 -0.876987 -39.8926 -0.674123 -4.74328 17.3216 0.417937 -2.39345 -41.5694 -6.22357 -0.5314 -7.44142 15.7806 0.801613 -10.1701 12.8571 2.48481e-17 -7.95139e-16 1.2424e-17 -9.50369 -4.32711 2.09145 3.94857 -16.7097 18.4993 0.876987 -39.8926 -0.674123 3.54888 13.1075 -0.177955 2.39345 -41.5694 -6.22357 -2.09234 -1.04611 -14.7396 -0.801613 -10.1701 12.8571 -1.39017e-15 -5.34289e-16 -1.27098e-14 
19.9428 107.098 -124.379 -1.79672 11.1825 -4.6433 0 5.22546 -1.18466 0.606777 -9.09697 -0.120038 0 5.77894 1.10239 0.627329 -6.76949 0.00971728 -1.0557e-17 6.16289 0.118334 0.515173 -2.78971 0.0951699 -1.13649e-17 6.69386 -0.456341 0.439905 3.64325 0.13043 -2.02997e-17 7.82529 -1.54945 0.33417 7.06176 0.0467244 -2.60628e-17 9.77186 -0.940923 0.207596 8.67772 -0.0715708 -2.98794e-17 10.8563 1.62248 0.064021 -0.145951 0.0591117 -1.32927e-17 4.92478 0.736013 0.240921 3.75557 1.24213 -1.86396e-17 4.96043 0.433981 1.49391 -6.73036 0.492566 -2.06766e-17 4.97002 0.787173 -0.00316996 -5.77539 2.78692 1.26863 -7.82717 7.75148 7.63806 -4.4977 5.72242 13.3291 3.34342 -3.36319 -59.8 -4.96212 -11.0849 30.0522 0.0615366 0.141 3.67702 -0.562934 -17.9947 24.9344 0.0510561 0.116988 13.0888 -85.8818 11.265 -1.26863 -7.82715 7.75138 -6.50714 -4.61319 -5.0419 -13.3291 3.34342 -3.36319 46.3335 -21.3929 0.0462646 -30.0522 0.0615366 0.141 -5.42523 -1.27766 27.0793 -24.9344 0.0510559 0.116988 4.85985 -77.3067 0.883456 9.50369 -4.32711 2.09145 8.94724 -22.7826 -8.7599 -0.876987 -39.8926 -0.674123 -4.15348 15.2599 0.288514 -2.39345 -41.5694 -6.22357 -2.58821 -6.4346 15.86 0.801613 -10.1701 12.8571 2.48481e-17 -7.95139e-16 1.2424e-17 -9.50369 -4.32711 2.09145 2.3762 -18.4102 16.7744 0.876987 -39.8926 -0.674123 3.22985 11.9578 -0.128808 2.39345 -41.5694 -6.22357 -1.82577 -2.76765 -15.0565 -0.801613 -10.1701 12.8571 -9.94369e-16 -5.46644e-16 -1.27222e-14 
20.1545 108.419 -124.511 -1.80269 11.6986 -4.86232 0 5.22546 -1.18466 0.722576 -9.28878 -0.000906101 0 5.77894 1.10239 0.70129 -6.97955 0.14926 -1.0557e-17 6.16289 0.118334 0.551655 -2.84844 0.225996 -1.13649e-17 6.69386 -0.456341 0.428755 3.7507 0.270187 -2.02997e-17 7.82529 -1.54945 0.314275 7.27177 0.181265 -2.60628e-17 9.77186 -0.940923 0.183524 8.9956 0.0855571 -2.98794e-17 10.8563 1.62248 0.081967 -0.170442 0.0720904 -1.32927e-17 4.92478 0.736013 0.153792 5.00867 0.862053 -1.86396e-17 4.96043 0.433981 1.40777 -8.37752 0.311129 -2.06766e-17 4.97002 0.787173 0.161684 -7.94313 2.37611 1.26863 -7.82717 7.75148 9.13834 -5.21771 6.53731 13.3291 3.34342 -3.36319 -56.5298 -6.54905 -12.8559 30.0522 0.0615366 0.141 4.20288 -0.744357 -20.6704 24.9344 0.0510561 0.116988 14.1218 -85.6044 12.8796 -1.26863 -7.82715 7.75138 -8.13494 -5.2835 -5.86783 -13.3291 3.34342 -3.36319 43.5006 -24.8725 0.854809 -30.0522 0.0615366 0.141 -5.78582 -1.46742 29.0346 -24.9344 0.0510559 0.116988 3.97515 -74.9638 -0.194722 9.50369 -4.32711 2.09145 10.8482 -22.9955 -6.59921 -0.876987 -39.8926 -0.674123 -3.85057 14.1862 0.230293 -2.39345 -41.5694 -6.22357 -4.76754 -5.63002 15.9008 0.801613 -10.1701 12.8571 2.48481e-17 -7.95139e-16 1.2424e-17 -9.50369 -4.32711 2.09145 1.17027 -19.0348 15.6895 0.876987 -39.8926 -0.674123 2.94871 10.9374 -0.090828 2.39345 -41.5694 -6.22357 -0.962416 -1.95527 -15.1805 -0.801613 -10.1701 12.8571 -5.968e-16 -5.59068e-16 -1.2747e-14 
20.2768 109.07 -124.568 -1.93729 11.6436 -5.02597 0 5.22546 -1.18466 0.667323 -8.94725 0.131067 0 5.77894 1.10239 0.628699 -6.70891 0.270055 -1.0557e-17 6.16289 0.118334 0.481348 -2.62713 0.337876 -1.13649e-17 6.69386 -0.456341 0.35489 3.81943 0.386778 -2.02997e-17 7.82529 -1.54945 0.272267 7.22767 0.298875 -2.60628e-17 9.77186 -0.940923 0.178566 8.93678 0.218756 -2.98794e-17 10.8563 1.62248 0.0965221 -0.175206 0.081432 -1.32927e-17 4.92478 0.736013 0.12069 6.84437 0.576397 -1.86396e-17 4.96043 0.433981 1.51933 -9.3508 0.175993 -2.06766e-17 4.97002 0.787173 0.77655 -9.46569 2.29093 1.26863 -7.82717 7.75148 11.179 -5.77442 7.29806 13.3291 3.34342 -3.36319 -53.6469 -8.54324 -14.3675 30.0522 0.0615366 0.141 4.83571 -1.0002 -23.9516 24.9344 0.0510561 0.116988 15.9926 -85.0232 15.1568 -1.26863 -7.82715 7.75138 -10.3212 -5.80653 -6.67655 -13.3291 3.34342 -3.36319 41.4615 -27.7265 2.13312 -30.0522 0.0615366 0.141 -5.91052 -1.53676 29.719 -24.9344 0.0510559 0.116988 4.21884 -72.738 0.415173 9.50369 -4.32711 2.09145 12.9027 -22.6438 -3.79371 -0.876987 -39.8926 -0.674123 -3.78935 13.968 0.219215 -2.39345 -41.5694 -6.22357 -6.68642 -5.67732 15.9215 0.801613 -10.1701 12.8571 4.21972e-16 -7.82729e-16 1.3922e-20 -9.50369 -4.32711 2.09145 0.338394 -18.9994 15.1019 0.876987 -39.8926 -0.674123 2.73813 10.1691 -0.065676 2.39345 -41.5694 -6.22357 0.188758 -0.906014 -15.3162 -0.801613 -10.1701 12.8571 -1.3906e-15 -5.34262e-16 -1.27098e-14 
20.3999 109.229 -124.4 -2.17413 11.033 -5.04958 0 5.22546 -1.18466 0.563026 -7.91254 0.237903 0 5.77894 1.10239 0.527123 -5.85805 0.347807 -1.0557e-17 6.16289 0.118334 0.393626 -2.16523 0.408863 -1.13649e-17 6.69386 -0.456341 0.277995 3.61502 0.457697 -2.02997e-17 7.82529 -1.54945 0.229814 6.56349 0.370672 -2.60628e-17 9.77186 -0.940923 0.175858 8.05805 0.305441 -2.98794e-17 10.8563 1.62248 0.098551 -0.119045 0.0978015 -1.32927e-17 4.92478 0.736013 0.106289 8.23934 0.550893 -1.86396e-17 4.96043 0.433981 1.51391 -9.32972 0.158047 -2.06766e-17 4.97002 0.787173 1.44269 -9.56979 2.12871 1.26863 -7.82717 7.75148 13.3553 -5.82369 7.8075 13.3291 3.34342 -3.36319 -51.2287 -11.0653 -14.7334 30.0522 0.0615366 0.141 5.56856 -1.35135 -27.8542 24.9344 0.0510561 0.116988 13.3607 -83.2445 12.6034 -1.26863 -7.82715 7.75138 -12.9545 -5.80303 -7.33169 -13.3291 3.34342 -3.36319 39.3901 -29.6754 2.74322 -30.0522 0.0615366 0.141 -5.96964 -1.57031 30.045 -24.9344 0.0510559 0.116988 5.21515 -70.9138 2.23988 9.50369 -4.32711 2.09145 14.6955 -21.5144 -1.94318 -0.876987 -39.8926 -0.674123 -3.7499 13.8272 0.212199 -2.39345 -41.5694 -6.22357 -8.20574 -5.787 15.92 0.801613 -10.1701 12.8571 2.52936e-17 -7.95125e-16 1.24101e-17 -9.50369 -4.32711 2.09145 -0.280656 -18.0584 14.9585 0.876987 -39.8926 -0.674123 2.51065 9.33561 -0.0416937 2.39345 -41.5694 -6.22357 1.3892 0.156328 -15.443 -0.801613 -10.1701 12.8571 -2.18574e-15 -4.97003e-16 -1.26726e-14 
20.5725 108.955 -124.047 -2.34395 9.69964 -4.96185 0 5.22546 -1.18466 0.469345 -6.45741 0.284097 0 5.77894 1.10239 0.454936 -4.67992 0.359746 -1.0557e-17 6.16289 0.118334 0.341441 -1.55669 0.417844 -1.13649e-17 6.69386 -0.456341 0.245225 3.28303 0.464255 -2.02997e-17 7.82529 -1.54945 0.222445 5.5893 0.373776 -2.60628e-17 9.77186 -0.940923 0.194702 6.74179 0.317792 -2.98794e-17 10.8563 1.62248 0.0924823 -0.0227849 0.108013 -1.32927e-17 4.92478 0.736013 0.151338 9.53315 0.608354 -1.86396e-17 4.96043 0.433981 1.55357 -8.8326 0.18062 -2.06766e-17 4.97002 0.787173 1.78788 -9.2701 2.0604 1.26863 -7.82717 7.75148 15.6725 -5.56142 8.21778 13.3291 3.34342 -3.36319 -49.9229 -14.2179 -14.5134 30.0522 0.0615366 0.141 6.30715 -1.77068 -31.9282 24.9344 0.0510561 0.116988 9.41147 -79.7254 8.44058 -1.26863 -7.82715 7.75138 -16.2345 -5.46391 -8.09476 -13.3291 3.34342 -3.36319 37.6071 -30.6845 2.74742 -30.0522 0.0615366 0.141 -6.19862 -1.70453 31.3175 -24.9344 0.0510559 0.116988 5.38867 -69.7883 3.36083 9.50369 -4.32711 2.09145 16.057 -19.6225 -1.39083 -0.876987 -39.8926 -0.674123 -3.73588 13.7772 0.20973 -2.39345 -41.5694 -6.22357 -9.49889 -5.90097 15.8856 0.801613 -10.1701 12.8571 2.48481e-17 -7.95139e-16 1.2424e-17 -9.50369 -4.32711 2.09145 -0.851762 -16.2733 15.7726 0.876987 -39.8926 -0.674123 2.35975 8.78092 -0.0276207 2.39345 -41.5694 -6.22357 2.35911 0.882256 -15.5609 -0.801613 -10.1701 12.8571 -1.78951e-15 -5.09372e-16 -1.26973e-14 
20.7736 108.198 -123.602 -2.46248 8.25561 -4.89277 0 5.22546 -1.18466 0.371156 -4.83711 0.279122 0 5.77894 1.10239 0.389922 -3.41637 0.318206 -1.0557e-17 6.16289 0.118334 0.304239 -0.931828 0.377822 -1.13649e-17 6.69386 -0.456341 0.235613 2.87174 0.422379 -2.02997e-17 7.82529 -1.54945 0.232314 4.48834 0.328777 -2.60628e-17 9.77186 -0.940923 0.218919 5.23929 0.278819 -2.98794e-17 10.8563 1.62248 0.0843033 0.0978223 0.112546 -1.32927e-17 4.92478 0.736013 0.217178 10.5722 0.707408 -1.86396e-17 4.96043 0.433981 1.62288 -8.30004 0.225646 -2.06766e-17 4.97002 0.787173 1.88128 -9.11512 2.02619 1.26863 -7.82717 7.75148 18.2445 -5.12196 8.71249 13.3291 3.34342 -3.36319 -49.5476 -17.8382 -13.9989 30.0522 0.0615366 0.141 7.08273 -2.29092 -36.4022 24.9344 0.0510561 0.116988 5.91019 -75.4897 4.72971 -1.26863 -7.82715 7.75138 -19.8358 -4.86078 -8.96532 -13.3291 3.34342 -3.36319 36.2808 -31.4242 2.41362 -30.0522 0.0615366 0.141 -6.67075 -2.00356 33.9955 -24.9344 0.0510559 0.116988 4.84305 -69.3771 3.5173 9.50369 -4.32711 2.09145 17.276 -17.7706 -1.86868 -0.876987 -39.8926 -0.674123 -3.83146 14.1181 0.22681 -2.39345 -41.5694 -6.22357 -10.8271 -6.37615 15.7905 0.801613 -10.1701 12.8571 2.48481e-17 -7.95139e-16 1.2424e-17 -9.50369 -4.32711 2.09145 -1.3367 -14.3945 17.4359 0.876987 -39.8926 -0.674123 2.34375 8.72202 -0.0262146 2.39345 -41.5694 -6.22357 3.32323 0.852883 -15.7132 -0.801613 -10.1701 12.8571 -9.94814e-16 -5.46616e-16 -1.27222e-14 
20.9556 106.986 -123.183 -2.54127 7.04822 -4.80076 0 5.22546 -1.18466 0.24294 -3.27238 0.25432 0 5.77894 1.10239 0.300441 -2.24563 0.253617 -1.0557e-17 6.16289 0.118334 0.25163 -0.379604 0.319808 -1.13649e-17 6.69386 -0.456341 0.216535 2.42559 0.364807 -2.02997e-17 7.82529 -1.54945 0.236363 3.40096 0.27212 -2.60628e-17 9.77186 -0.940923 0.236998 3.75082 0.226312 -2.98794e-17 10.8563 1.62248 0.0774353 0.229889 0.120344 -1.32927e-17 4.92478 0.736013 0.285217 11.2749 0.799301 -1.86396e-17 4.96043 0.433981 1.73344 -7.64386 0.271094 -2.06766e-17 4.97002 0.787173 1.86538 -9.00588 2.0094 1.26863 -7.82717 7.75148 20.9055 -4.6075 9.30891 13.3291 3.34342 -3.36319 -49.4919 -21.8112 -13.3164 30.0522 0.0615366 0.141 7.95084 -2.98737 -41.7261 24.9344 0.0510561 0.116988 3.30125 -71.1634 2.23 -1.26863 -7.82715 7.75138 -23.3162 -4.07626 -9.83686 -13.3291 3.34342 -3.36319 34.9959 -32.5393 1.79612 -30.0522 0.0615366 0.141 -7.32948 -2.47552 37.8751 -24.9344 0.0510559 0.116988 3.48693 -68.9826 2.48311 9.50369 -4.32711 2.09145 18.4287 -16.3837 -3.10762 -0.876987 -39.8926 -0.674123 -4.02091 14.7911 0.262338 -2.39345 -41.5694 -6.22357 -12.2272 -7.01514 15.6569 0.801613 -10.1701 12.8571 -7.694e-16 -8.32369e-16 4.96544e-17 -9.50369 -4.32711 2.09145 -1.74675 -12.8913 19.3026 0.876987 -39.8926 -0.674123 2.4981 9.28953 -0.0404672 2.39345 -41.5694 -6.22357 4.18848 0.37297 -15.8563 -0.801613 -10.1701 12.8571 -1.99676e-16 -5.83888e-16 -1.27594e-14 
21.0794 105.374 -122.82 -2.55642 5.85689 -4.6944 0 5.22546 -1.18466 0.0819439 -1.84429 0.219197 0 5.77894 1.10239 0.186751 -1.20537 0.172338 -1.0557e-17 6.16289 0.118334 0.186783 0.105902 0.252648 -1.13649e-17 6.69386 -0.456341 0.193614 2.00695 0.29963 -2.02997e-17 7.82529 -1.54945 0.24721 2.43104 0.211719 -2.60628e-17 9.77186 -0.940923 0.269213 2.40805 0.163581 -2.98794e-17 10.8563 1.62248 0.0764518 0.36475 0.131951 -1.32927e-17 4.92478 0.736013 0.380746 11.7646 0.962009 -1.86396e-17 4.96043 0.433981 1.93691 -6.79442 0.357514 -2.06766e-17 4.97002 0.787173 1.73012 -8.6343 2.04106 1.26863 -7.82717 7.75148 23.4718 -4.06917 9.96985 13.3291 3.34342 -3.36319 -49.5764 -25.6846 -12.7919 30.0522 0.0615366 0.141 8.84555 -3.86255 -47.7036 24.9344 0.0510561 0.116988 1.90814 -66.6346 1.0221 -1.26863 -7.82715 7.75138 -26.4474 -3.2675 -10.6633 -13.3291 3.34342 -3.36319 33.7309 -34.4436 1.1982 -30.0522 0.0615366 0.141 -8.129 -3.14744 42.8686 -24.9344 0.0510559 0.116988 0.862552 -67.802 -0.0591956 9.50369 -4.32711 2.09145 19.4478 -15.1295 -4.78808 -0.876987 -39.8926 -0.674123 -4.23871 15.5603 0.305912 -2.39345 -41.5694 -6.22357 -13.5253 -7.67297 15.5043 0.801613 -10.1701 12.8571 1.21533e-15 -7.4554e-16 -3.71747e-17 -9.50369 -4.32711 2.09145 -2.04969 -11.574 21.3401 0.876987 -39.8926 -0.674123 2.82868 10.4999 -0.0761449 2.39345 -41.5694 -6.22357 4.8895 -0.207984 -15.9977 -0.801613 -10.1701 12.8571 5.95463e-16 -6.2116e-16 -1.27967e-14 
21.145 103.412 -122.46 -2.49243 4.62017 -4.58122 0 5.22546 -1.18466 -0.115036 -0.673503 0.174389 0 5.77894 1.10239 0.0441413 -0.364608 0.0727304 -1.0557e-17 6.16289 0.118334 0.105018 0.501558 0.174592 -1.13649e-17 6.69386 -0.456341 0.164227 1.6731 0.223594 -2.02997e-17 7.82529 -1.54945 0.262838 1.67629 0.146491 -2.60628e-17 9.77186 -0.940923 0.313708 1.34018 0.0922262 -2.98794e-17 10.8563 1.62248 0.0808022 0.487273 0.142984 -1.32927e-17 4.92478 0.736013 0.487389 12.2225 1.14554 -1.86396e-17 4.96043 0.433981 2.14924 -5.89078 0.458148 -2.06766e-17 4.97002 0.787173 1.46672 -8.11931 2.09185 1.26863 -7.82717 7.75148 25.8924 -3.60858 10.7186 13.3291 3.34342 -3.36319 -50.0996 -29.3036 -12.9197 30.0522 0.0615366 0.141 9.67064 -4.86041 -53.8787 24.9344 0.0510561 0.116988 1.30491 -61.6466 0.397927 -1.26863 -7.82715 7.75138 -29.0795 -2.63255 -11.4817 -13.3291 3.34342 -3.36319 32.6647 -37.526 1.0589 -30.0522 0.0615366 0.141 -8.97095 -4.00064 48.5917 -24.9344 0.0510559 0.116988 -1.92953 -65.2494 -3.17462 9.50369 -4.32711 2.09145 20.3812 -14.0244 -6.4183 -0.876987 -39.8926 -0.674123 -4.56065 16.6875 0.375616 -2.39345 -41.5694 -6.22357 -14.6987 -8.09069 15.4257 0.801613 -10.1701 12.8571 -7.68063e-16 -8.32313e-16 4.95987e-17 -9.50369 -4.32711 2.09145 -2.22457 -10.3434 23.6677 0.876987 -39.8926 -0.674123 3.34721 12.3818 -0.146142 2.39345 -41.5694 -6.22357 5.54307 -0.689803 -16.1839 -0.801613 -10.1701 12.8571 -1.38927e-15 -5.34331e-16 -1.27099e-14 
21.1613 101.139 -122.178 -2.34135 3.43626 -4.43075 0 5.22546 -1.18466 -0.37085 0.188244 0.143383 0 5.77894 1.10239 -0.158091 0.235456 -0.0222534 -1.0557e-17 6.16289 0.118334 -0.024429 0.778189 0.105457 -1.13649e-17 6.69386 -0.456341 0.0975687 1.42167 0.157027 -2.02997e-17 7.82529 -1.54945 0.256711 1.13004 0.100049 -2.60628e-17 9.77186 -0.940923 0.352259 0.560136 0.0385606 -2.98794e-17 10.8563 1.62248 0.0912832 0.591924 0.150953 -1.32927e-17 4.92478 0.736013 0.553949 12.6693 1.42192 -1.86396e-17 4.96043 0.433981 2.29803 -5.33624 0.604501 -2.06766e-17 4.97002 0.787173 1.3299 -7.63425 1.86183 1.26863 -7.82717 7.75148 28.0452 -3.2781 11.5034 13.3291 3.34342 -3.36319 -50.7421 -32.5888 -14.0185 30.0522 0.0615366 0.141 10.3724 -5.92053 -59.9367 24.9344 0.0510561 0.116988 0.719739 -57.0991 -0.177512 -1.26863 -7.82715 7.75138 -31.0254 -2.22207 -12.2839 -13.3291 3.34342 -3.36319 31.7602 -41.7449 1.74208 -30.0522 0.0615366 0.141 -9.70878 -4.91208 54.1832 -24.9344 0.0510559 0.116988 -3.16062 -61.3119 -5.08462 9.50369 -4.32711 2.09145 21.1379 -13.496 -8.62106 -0.876987 -39.8926 -0.674123 -5.12483 18.6331 0.512762 -2.39345 -41.5694 -6.22357 -15.8992 -7.91615 15.6676 0.801613 -10.1701 12.8571 -1.16741e-15 -8.44821e-16 6.21063e-17 -9.50369 -4.32711 2.09145 -2.55922 -8.85381 25.3013 0.876987 -39.8926 -0.674123 3.97083 14.6136 -0.252731 2.39345 -41.5694 -6.22357 6.46257 -1.8404 -16.4379 -0.801613 -10.1701 12.8571 1.97003e-16 -5.96284e-16 -1.27718e-14 
21.2029 98.5484 -121.874 -1.96378 2.08763 -4.26155 0 5.22546 -1.18466 -0.666528 0.615585 0.157435 0 5.77894 1.10239 -0.397091 0.53276 -0.0849093 -1.0557e-17 6.16289 0.118334 -0.182293 0.939736 0.0712555 -1.13649e-17 6.69386 -0.456341 0.00513164 1.349 0.125183 -2.02997e-17 7.82529 -1.54945 0.239929 0.941665 0.094146 -2.60628e-17 9.77186 -0.940923 0.398691 0.267827 0.0198949 -2.98794e-17 10.8563 1.62248 0.107527 0.659685 0.153595 -1.32927e-17 4.92478 0.736013 0.643648 13.0813 1.72385 -1.86396e-17 4.96043 0.433981 2.56478 -5.2147 0.767512 -2.06766e-17 4.97002 0.787173 1.01352 -7.45612 1.32547 1.26863 -7.82717 7.75148 29.5858 -3.17378 12.3337 13.3291 3.34342 -3.36319 -51.2579 -35.4666 -16.5792 30.0522 0.0615366 0.141 10.9343 -6.99433 -65.7106 24.9344 0.0510561 0.116988 0.557654 -53.6043 -0.114916 -1.26863 -7.82715 7.75138 -32.2025 -2.09638 -13.1807 -13.3291 3.34342 -3.36319 31.0865 -46.9778 3.97844 -30.0522 0.0615366 0.141 -10.259 -5.73168 58.8862 -24.9344 0.0510559 0.116988 -2.28397 -55.9263 -4.74107 9.50369 -4.32711 2.09145 21.1507 -13.1768 -12.3032 -0.876987 -39.8926 -0.674123 -5.92474 21.3209 0.739061 -2.39345 -41.5694 -6.22357 -16.5456 -7.60542 16.3027 0.801613 -10.1701 12.8571 2.35116e-17 -7.95194e-16 1.24797e-17 -9.50369 -4.32711 2.09145 -2.821 -6.87642 26.7037 0.876987 -39.8926 -0.674123 4.72443 17.2563 -0.413477 2.39345 -41.5694 -6.22357 5.56912 -4.38737 -16.4743 -0.801613 -10.1701 12.8571 1.98785e-16 -5.96354e-16 -1.27719e-14 
21.252 95.643 -121.676 -1.59329 0.489986 -4.13972 0 5.22546 -1.18466 -0.943309 0.810902 0.164187 0 5.77894 1.10239 -0.611403 0.664078 -0.165987 -1.0557e-17 6.16289 0.118334 -0.316441 1.052 0.0159288 -1.13649e-17 6.69386 -0.456341 -0.0674584 1.42125 0.0705144 -2.02997e-17 7.82529 -1.54945 0.224811 1.03057 0.070048 -2.60628e-17 9.77186 -0.940923 0.43527 0.348777 -0.0126944 -2.98794e-17 10.8563 1.62248 0.116375 0.694122 0.148286 -1.32927e-17 4.92478 0.736013 0.70535 13.3914 1.94896 -1.86396e-17 4.96043 0.433981 2.73061 -5.60768 0.89275 -2.06766e-17 4.97002 0.787173 0.788262 -7.65733 1.00079 1.26863 -7.82717 7.75148 30.5874 -3.24534 13.2322 13.3291 3.34342 -3.36319 -51.8745 -38.1835 -20.7836 30.0522 0.0615366 0.141 11.3423 -7.99507 -70.8629 24.9344 0.0510561 0.116988 0.86472 -50.5343 0.574304 -1.26863 -7.82715 7.75138 -32.5922 -2.23025 -14.1106 -13.3291 3.34342 -3.36319 31.3761 -53.0178 8.9646 -30.0522 0.0615366 0.141 -10.6642 -6.44522 62.7946 -24.9344 0.0510559 0.116988 -0.180575 -49.7393 -3.18021 9.50369 -4.32711 2.09145 20.0374 -12.8087 -18.5537 -0.876987 -39.8926 -0.674123 -7.09443 25.0862 1.13414 -2.39345 -41.5694 -6.22357 -16.4266 -7.99323 17.2385 0.801613 -10.1701 12.8571 -3.72276e-16 -8.07549e-16 2.48342e-17 -9.50369 -4.32711 2.09145 -2.81536 -5.25212 27.8848 0.876987 -39.8926 -0.674123 5.77563 20.8266 -0.694104 2.39345 -41.5694 -6.22357 4.64982 -8.033 -16.5464 -0.801613 -10.1701 12.8571 -9.92587e-16 -5.46714e-16 -1.27223e-14 
21.1917 92.4186 -120.958 -1.53892 -1.68593 -3.98854 0 5.22546 -1.18466 -1.14744 0.921163 0.177572 0 5.77894 1.10239 -0.765744 0.734004 -0.216587 -1.0557e-17 6.16289 0.118334 -0.416119 1.13665 -0.00865364 -1.13649e-17 6.69386 -0.456341 -0.129853 1.50059 0.0466746 -2.02997e-17 7.82529 -1.54945 0.197897 1.15583 0.0747401 -2.60628e-17 9.77186 -0.940923 0.449003 0.505759 -0.0209307 -2.98794e-17 10.8563 1.62248 0.125401 0.747279 0.144031 -1.32927e-17 4.92478 0.736013 0.735867 13.7713 1.86967 -1.86396e-17 4.96043 0.433981 2.80366 -5.71903 0.867413 -2.06766e-17 4.97002 0.787173 0.987417 -7.56273 1.00986 1.26863 -7.82717 7.75148 31.185 -3.42734 14.0325 13.3291 3.34342 -3.36319 -52.9578 -39.9652 -26.7346 30.0522 0.0615366 0.141 11.5961 -8.79469 -74.8671 24.9344 0.0510561 0.116988 0.734995 -47.1277 0.641711 -1.26863 -7.82715 7.75138 -32.6209 -2.39583 -14.9489 -13.3291 3.34342 -3.36319 33.2103 -58.4733 15.6781 -30.0522 0.0615366 0.141 -11.0479 -7.24829 67.035 -24.9344 0.0510559 0.116988 2.36418 -44.169 -1.44445 9.50369 -4.32711 2.09145 19.0046 -11.1884 -23.9561 -0.876987 -39.8926 -0.674123 -8.35649 28.9104 1.64017 -2.39345 -41.5694 -6.22357 -15.6548 -10.2726 17.5915 0.801613 -10.1701 12.8571 -1.16696e-15 -8.44793e-16 6.2078e-17 -9.50369 -4.32711 2.09145 -2.44273 -3.96429 28.1356 0.876987 -39.8926 -0.674123 7.24104 25.5434 -1.1888 2.39345 -41.5694 -6.22357 1.65776 -15.1176 -16.5314 -0.801613 -10.1701 12.8571 -5.96804e-16 -5.59068e-16 -1.2747e-14 
21.0016 89.2469 -120.087 -2.43521 -4.33104 -3.71196 0 5.22546 -1.18466 -1.0198 0.892697 0.131946 0 5.77894 1.10239 -0.62652 0.732721 -0.250929 -1.0557e-17 6.16289 0.118334 -0.291952 1.21971 -0.0118624 -1.13649e-17 6.69386 -0.456341 -0.0297435 1.66943 0.0505207 -2.02997e-17 7.82529 -1.54945 0.254385 1.43638 0.0791538 -2.60628e-17 9.77186 -0.940923 0.469689 0.904703 -0.045313 -2.98794e-17 10.8563 1.62248 0.132824 0.810037 0.146447 -1.32927e-17 4.92478 0.736013 0.791733 14.2456 1.34551 -1.86396e-17 4.96043 0.433981 2.80261 -5.35031 0.636551 -2.06766e-17 4.97002 0.787173 1.45959 -6.50715 1.66281 1.26863 -7.82717 7.75148 31.3978 -3.85729 14.9487 13.3291 3.34342 -3.36319 -55.9174 -39.7243 -34.5947 30.0522 0.0615366 0.141 11.795 -9.61841 -78.9184 24.9344 0.0510561 0.116988 1.03355 -42.2642 1.07707 -1.26863 -7.82715 7.75138 -32.5513 -2.64477 -15.6742 -13.3291 3.34342 -3.36319 36.4367 -61.692 23.3881 -30.0522 0.0615366 0.141 -11.4392 -8.27777 72.2875 -24.9344 0.0510559 0.116988 3.58151 -40.2907 -0.062096 9.50369 -4.32711 2.09145 19.2985 -9.87755 -26.4909 -0.876987 -39.8926 -0.674123 -9.95022 33.3693 2.38634 -2.39345 -41.5694 -6.22357 -14.1897 -15.1626 16.8955 0.801613 -10.1701 12.8571 2.34974e-17 -7.95195e-16 1.24803e-17 -9.50369 -4.32711 2.09145 -1.32111 -2.05158 27.5832 0.876987 -39.8926 -0.674123 8.72297 29.9727 -1.80161 2.39345 -41.5694 -6.22357 -1.35473 -21.2299 -16.7817 -0.801613 -10.1701 12.8571 1.97884e-16 -5.96312e-16 -1.27719e-14 
21.0382 87.3599 -119.692 -3.47311 -9.01705 -3.25551 0 5.22546 -1.18466 -0.756613 0.727642 0.0849314 0 5.77894 1.10239 -0.384093 0.776074 -0.253076 -1.0557e-17 6.16289 0.118334 -0.0963979 1.6057 0.0166229 -1.13649e-17 6.69386 -0.456341 0.115746 2.47649 0.0929089 -2.02997e-17 7.82529 -1.54945 0.330214 2.55207 0.11012 -2.60628e-17 9.77186 -0.940923 0.491615 2.36623 -0.0472187 -2.98794e-17 10.8563 1.62248 0.133709 0.775244 0.135603 -1.32927e-17 4.92478 0.736013 0.837184 14.987 0.588551 -1.86396e-17 4.96043 0.433981 2.77481 -5.7 0.308819 -2.06766e-17 4.97002 0.787173 1.48581 -4.97487 2.28915 1.26863 -7.82717 7.75148 30.7741 -5.00305 15.6523 13.3291 3.34342 -3.36319 -61.4872 -37.8246 -44.8467 30.0522 0.0615366 0.141 11.9393 -10.4896 -83.1498 24.9344 0.0510561 0.116988 0.138972 -35.6251 1.79379 -1.26863 -7.82715 7.75138 -31.9957 -3.49506 -16.2595 -13.3291 3.34342 -3.36319 42.4951 -62.6462 33.7713 -30.0522 0.0615366 0.141 -11.7859 -9.57404 78.7011 -24.9344 0.0510559 0.116988 2.97292 -36.6793 0.419726 9.50369 -4.32711 2.09145 19.8918 -6.60028 -27.9069 -0.876987 -39.8926 -0.674123 -11.0433 36.1871 2.96017 -2.39345 -41.5694 -6.22357 -13.7734 -17.3818 16.7626 0.801613 -10.1701 12.8571 -1.16651e-15 -8.44779e-16 6.20639e-17 -9.50369 -4.32711 2.09145 -0.553923 1.97774 26.4115 0.876987 -39.8926 -0.674123 9.67968 32.6418 -2.25182 2.39345 -41.5694 -6.22357 -3.4934 -24.1657 -17.1357 -0.801613 -10.1701 12.8571 1.98785e-16 -5.96354e-16 -1.27719e-14 
20.9481 86.3189 -118.979 -3.94745 -6.59984 -3.50156 0 5.22546 -1.18466 -0.237009 -1.91139 0.071404 0 5.77894 1.10239 0.0445025 -1.05052 -0.166849 -1.0557e-17 6.16289 0.118334 0.236031 0.910621 0.116876 -1.13649e-17 6.69386 -0.456341 0.330506 3.58871 0.202021 -2.02997e-17 7.82529 -1.54945 0.415794 4.86455 0.184483 -2.60628e-17 9.77186 -0.940923 0.474153 5.48844 0.00927185 -2.98794e-17 10.8563 1.62248 0.144679 0.411453 0.0949114 -1.32927e-17 4.92478 0.736013 0.76697 15.9107 0.234867 -1.86396e-17 4.96043 0.433981 2.4641 -5.71287 0.157455 -2.06766e-17 4.97002 0.787173 0.820746 -8.75771 2.63536 1.26863 -7.82717 7.75148 29.6414 -6.68341 16.8834 13.3291 3.34342 -3.36319 -64.8209 -36.7246 -51.0482 30.0522 0.0615366 0.141 12.0337 -11.9739 -90.3056 24.9344 0.0510561 0.116988 1.10556 -32.5131 3.16637 -1.26863 -7.82715 7.75138 -30.9014 -5.02231 -17.0213 -13.3291 3.34342 -3.36319 49.0372 -62.7533 45.1958 -30.0522 0.0615366 0.141 -11.9872 -10.9314 85.2825 -24.9344 0.0510559 0.116988 -0.585251 -32.6952 -0.447667 9.50369 -4.32711 2.09145 20.8942 -9.55991 -26.0966 -0.876987 -39.8926 -0.674123 -12.0429 38.5965 3.52455 -2.39345 -41.5694 -6.22357 -13.7375 -19.5229 16.3661 0.801613 -10.1701 12.8571 8.17736e-16 -7.57965e-16 -2.47496e-17 -9.50369 -4.32711 2.09145 0.244483 -0.933138 26.5779 0.876987 -39.8926 -0.674123 10.4333 34.6386 -2.6341 2.39345 -41.5694 -6.22357 -4.94798 -26.6743 -17.7872 -0.801613 -10.1701 12.8571 -9.92573e-16 -5.46714e-16 -1.27223e-14 
20.4137 85.8498 -118.189 -3.15592 -3.55818 -4.27541 0 5.22546 -1.18466 -0.384581 -4.2065 0.177725 0 5.77894 1.10239 -0.143889 -2.84982 -0.0478056 -1.0557e-17 6.16289 0.118334 0.0557233 -0.0481251 0.227695 -1.13649e-17 6.69386 -0.456341 0.151036 3.99598 0.305857 -2.02997e-17 7.82529 -1.54945 0.269756 6.12226 0.302618 -2.60628e-17 9.77186 -0.940923 0.383492 7.33028 0.129336 -2.98794e-17 10.8563 1.62248 0.166421 0.149375 0.0216412 -1.32927e-17 4.92478 0.736013 0.705138 16.1762 0.132858 -1.86396e-17 4.96043 0.433981 2.82234 -5.96777 0.117001 -2.06766e-17 4.97002 0.787173 1.07886 -10.5994 3.35345 1.26863 -7.82717 7.75148 28.7075 -7.51716 16.9596 13.3291 3.34342 -3.36319 -63.5399 -37.7368 -52.916 30.0522 0.0615366 0.141 11.9655 -13.2262 -96.369 24.9344 0.0510561 0.116988 0.845525 -33.3033 4.42779 -1.26863 -7.82715 7.75138 -29.8864 -5.82962 -17.23 -13.3291 3.34342 -3.36319 52.3714 -61.9333 51.0051 -30.0522 0.0615366 0.141 -12.0312 -12.2139 91.4633 -24.9344 0.0510559 0.116988 -2.43985 -28.6859 -2.37523 9.50369 -4.32711 2.09145 21.7147 -12.046 -21.7611 -0.876987 -39.8926 -0.674123 -12.236 39.044 3.63764 -2.39345 -41.5694 -6.22357 -14.6462 -20.2905 15.6114 0.801613 -10.1701 12.8571 -7.6849e-16 -8.32326e-16 4.96117e-17 -9.50369 -4.32711 2.09145 -0.261296 -4.48533 27.3121 0.876987 -39.8926 -0.674123 10.8414 35.6811 -2.85063 2.39345 -41.5694 -6.22357 -4.84003 -29.2842 -18.2333 -0.801613 -10.1701 12.8571 -9.93923e-16 -5.46658e-16 -1.27222e-14 
19.5992 85.77 -117.191 -2.01874 -4.26819 -4.94904 0 5.22546 -1.18466 -0.720348 -4.7699 0.295795 0 5.77894 1.10239 -0.491324 -3.26245 0.0344493 -1.0557e-17 6.16289 0.118334 -0.247873 -0.336446 0.280088 -1.13649e-17 6.69386 -0.456341 -0.105144 3.91221 0.341622 -2.02997e-17 7.82529 -1.54945 0.109896 6.09933 0.374513 -2.60628e-17 9.77186 -0.940923 0.331282 7.34092 0.226262 -2.98794e-17 10.8563 1.62248 0.14621 0.0524739 0.0264057 -1.32927e-17 4.92478 0.736013 0.53099 15.1447 0.212196 -1.86396e-17 4.96043 0.433981 2.90709 -6.23506 0.153702 -2.06766e-17 4.97002 0.787173 1.86353 -8.78299 3.38494 1.26863 -7.82717 7.75148 28.3165 -7.18039 15.69 13.3291 3.34342 -3.36319 -59.5714 -40.0922 -49.8805 30.0522 0.0615366 0.141 11.8805 -13.846 -99.4038 24.9344 0.0510561 0.116988 1.09723 -36.1369 4.62061 -1.26863 -7.82715 7.75138 -28.9235 -6.00397 -16.4556 -13.3291 3.34342 -3.36319 50.0096 -61.7399 50.693 -30.0522 0.0615366 0.141 -12.0319 -12.1775 91.2876 -24.9344 0.0510559 0.116988 -1.55385 -28.8972 -1.52593 9.50369 -4.32711 2.09145 21.5482 -10.4813 -19.0816 -0.876987 -39.8926 -0.674123 -11.9274 38.326 3.45749 -2.39345 -41.5694 -6.22357 -15.4482 -19.4639 15.1784 0.801613 -10.1701 12.8571 -4.74148e-15 -1.00615e-15 2.23436e-16 -9.50369 -4.32711 2.09145 -1.37608 -4.34757 28.1079 0.876987 -39.8926 -0.674123 11.1609 36.4788 -3.02469 2.39345 -41.5694 -6.22357 -4.17063 -29.9219 -18.1616 -0.801613 -10.1701 12.8571 1.97434e-16 -5.96298e-16 -1.27719e-14 
18.6322 86.5257 -116.489 -1.56608 -5.30723 -5.0791 0 5.22546 -1.18466 -0.96847 -5.4852 0.348141 0 5.77894 1.10239 -0.726149 -3.71119 0.03412 -1.0557e-17 6.16289 0.118334 -0.438311 -0.41318 0.2511 -1.13649e-17 6.69386 -0.456341 -0.248189 4.352 0.297508 -2.02997e-17 7.82529 -1.54945 0.0297525 6.89676 0.359769 -2.60628e-17 9.77186 -0.940923 0.314214 8.32673 0.233681 -2.98794e-17 10.8563 1.62248 0.126987 -0.108215 -0.000159529 -1.32927e-17 4.92478 0.736013 0.441579 14.8731 0.589625 -1.86396e-17 4.96043 0.433981 2.84789 -6.83735 0.318014 -2.06766e-17 4.97002 0.787173 2.61093 -8.59249 2.85455 1.26863 -7.82717 7.75148 27.6421 -7.65382 14.8152 13.3291 3.34342 -3.36319 -57.8715 -42.8921 -49.7344 30.0522 0.0615366 0.141 11.9197 -13.5912 -98.1526 24.9344 0.0510561 0.116988 0.623534 -37.2649 4.52083 -1.26863 -7.82715 7.75138 -28.0203 -6.80109 -15.9029 -13.3291 3.34342 -3.36319 50.8093 -60.9158 52.3932 -30.0522 0.0615366 0.141 -12.0229 -11.4695 87.8751 -24.9344 0.0510559 0.116988 0.547091 -27.2423 -0.800484 9.50369 -4.32711 2.09145 20.7388 -8.68081 -19.4685 -0.876987 -39.8926 -0.674123 -11.2451 36.6862 3.07118 -2.39345 -41.5694 -6.22357 -15.0685 -16.8143 15.9193 0.801613 -10.1701 12.8571 1.60792e-15 -7.33328e-16 -4.93866e-17 -9.50369 -4.32711 2.09145 -1.62155 -3.50483 28.8093 0.876987 -39.8926 -0.674123 11.0131 36.1117 -2.94367 2.39345 -41.5694 -6.22357 -3.92766 -27.6381 -17.9349 -0.801613 -10.1701 12.8571 -1.98334e-16 -5.83944e-16 -1.27595e-14 
17.7603 87.8937 -116.114 -1.80982 -3.99897 -4.72331 0 5.22546 -1.18466 -1.04523 -6.65164 0.284916 0 5.77894 1.10239 -0.783892 -4.60699 -0.0379021 -1.0557e-17 6.16289 0.118334 -0.47874 -0.763586 0.170257 -1.13649e-17 6.69386 -0.456341 -0.267795 4.78658 0.215932 -2.02997e-17 7.82529 -1.54945 0.00780868 7.91502 0.280667 -2.60628e-17 9.77186 -0.940923 0.277596 9.6773 0.161723 -2.98794e-17 10.8563 1.62248 0.120544 -0.269883 -0.0207336 -1.32927e-17 4.92478 0.736013 0.425988 15.4265 1.16032 -1.86396e-17 4.96043 0.433981 2.86218 -6.22766 0.562006 -2.06766e-17 4.97002 0.787173 3.00443 -10.0206 2.39515 1.26863 -7.82717 7.75148 26.5189 -8.59022 14.6903 13.3291 3.34342 -3.36319 -56.7216 -43.9015 -51.2549 30.0522 0.0615366 0.141 12.0082 -12.7393 -94.0037 24.9344 0.0510561 0.116988 1.24653 -37.5522 4.99481 -1.26863 -7.82715 7.75138 -27.0743 -7.63051 -15.3761 -13.3291 3.34342 -3.36319 46.8871 -59.8579 47.669 -30.0522 0.0615366 0.141 -11.9065 -10.2517 81.9975 -24.9344 0.0510559 0.116988 -0.00603361 -27.1573 0.0247837 9.50369 -4.32711 2.09145 20.6637 -8.4774 -20.0511 -0.876987 -39.8926 -0.674123 -9.96617 33.4118 2.39437 -2.39345 -41.5694 -6.22357 -14.5152 -14.0714 16.7349 0.801613 -10.1701 12.8571 2.66491e-17 -7.95068e-16 1.23537e-17 -9.50369 -4.32711 2.09145 -1.34886 -3.82225 28.7626 0.876987 -39.8926 -0.674123 9.90868 33.2584 -2.36549 2.39345 -41.5694 -6.22357 -2.56654 -24.7188 -17.6197 -0.801613 -10.1701 12.8571 1.98334e-16 -5.9634e-16 -1.27719e-14 
17.2647 89.7759 -116.295 -1.91557 -3.93611 -4.43129 0 5.22546 -1.18466 -1.15732 -7.10732 0.22562 0 5.77894 1.10239 -0.87128 -4.91677 -0.102154 -1.0557e-17 6.16289 0.118334 -0.559633 -0.838425 0.0902467 -1.13649e-17 6.69386 -0.456341 -0.333609 4.97428 0.133374 -2.02997e-17 7.82529 -1.54945 -0.057581 8.3241 0.198537 -2.60628e-17 9.77186 -0.940923 0.1954 10.1936 0.100658 -2.98794e-17 10.8563 1.62248 0.0979567 -0.361688 -0.0122525 -1.32927e-17 4.92478 0.736013 0.436201 14.7462 1.69113 -1.86396e-17 4.96043 0.433981 2.81188 -6.36236 0.788941 -2.06766e-17 4.97002 0.787173 3.36069 -9.36708 1.90302 1.26863 -7.82717 7.75148 24.7765 -9.17178 13.7512 13.3291 3.34342 -3.36319 -53.2895 -44.5553 -50.5575 30.0522 0.0615366 0.141 12.0121 -11.2638 -86.8849 24.9344 0.0510561 0.116988 1.8718 -39.3659 4.61396 -1.26863 -7.82715 7.75138 -26.0664 -7.9235 -14.2486 -13.3291 3.34342 -3.36319 37.5303 -57.8018 37.0517 -30.0522 0.0615366 0.141 -11.5247 -8.54871 73.6434 -24.9344 0.0510559 0.116988 -1.17478 -31.3936 1.87362 9.50369 -4.32711 2.09145 20.3159 -6.76173 -20.7723 -0.876987 -39.8926 -0.674123 -8.29303 28.7243 1.61286 -2.39345 -41.5694 -6.22357 -14.885 -9.42288 17.6129 0.801613 -10.1701 12.8571 -3.72271e-16 -8.07549e-16 2.4834e-17 -9.50369 -4.32711 2.09145 -1.76824 -2.54508 28.2457 0.876987 -39.8926 -0.674123 8.34911 28.8888 -1.63698 2.39345 -41.5694 -6.22357 -0.050813 -20.4453 -17.2313 -0.801613 -10.1701 12.8571 -1.98334e-16 -5.83944e-16 -1.27595e-14 
17.1061 92.0323 -116.797 -2.16108 -4.27698 -4.12728 0 5.22546 -1.18466 -1.07952 -7.40582 0.175579 0 5.77894 1.10239 -0.79499 -5.05199 -0.114794 -1.0557e-17 6.16289 0.118334 -0.519818 -0.741447 0.0577318 -1.13649e-17 6.69386 -0.456341 -0.320746 5.30728 0.101288 -2.02997e-17 7.82529 -1.54945 -0.0764357 8.88041 0.15127 -2.60628e-17 9.77186 -0.940923 0.129147 10.8384 0.0753809 -2.98794e-17 10.8563 1.62248 0.074398 -0.468668 0.00350074 -1.32927e-17 4.92478 0.736013 0.490011 13.89 1.77269 -1.86396e-17 4.96043 0.433981 2.64818 -6.35681 0.79562 -2.06766e-17 4.97002 0.787173 3.52012 -8.5484 1.77161 1.26863 -7.82717 7.75148 22.5131 -9.7887 12.5738 13.3291 3.34342 -3.36319 -48.9159 -44.6876 -48.1862 30.0522 0.0615366 0.141 11.7904 -9.59618 -78.8099 24.9344 0.0510561 0.116988 3.03683 -42.3193 4.07195 -1.26863 -7.82715 7.75138 -24.9191 -8.30635 -12.9164 -13.3291 3.34342 -3.36319 30.5573 -54.8469 28.0546 -30.0522 0.0615366 0.141 -10.9761 -7.08586 66.189 -24.9344 0.0510559 0.116988 -1.67109 -35.5215 2.88313 9.50369 -4.32711 2.09145 20.2037 -4.23986 -20.8788 -0.876987 -39.8926 -0.674123 -6.41268 22.9164 0.89484 -2.39345 -41.5694 -6.22357 -15.6395 -2.96608 18.9923 0.801613 -10.1701 12.8571 2.43978e-17 -7.95153e-16 1.24381e-17 -9.50369 -4.32711 2.09145 -2.27278 -0.519414 27.4403 0.876987 -39.8926 -0.674123 6.57916 23.4527 -0.95098 2.39345 -41.5694 -6.22357 2.88964 -14.2401 -17.0454 -0.801613 -10.1701 12.8571 -5.95904e-16 -5.5911e-16 -1.27471e-14 
17.4569 94.4871 -117.736 -2.63572 -4.24389 -3.59225 0 5.22546 -1.18466 -0.915039 -7.65005 0.105513 0 5.77894 1.10239 -0.655328 -5.15415 -0.115626 -1.0557e-17 6.16289 0.118334 -0.435226 -0.62691 0.0362178 -1.13649e-17 6.69386 -0.456341 -0.276335 5.665 0.0826995 -2.02997e-17 7.82529 -1.54945 -0.0822618 9.46202 0.111765 -2.60628e-17 9.77186 -0.940923 0.0524915 11.5139 0.0573384 -2.98794e-17 10.8563 1.62248 0.0561297 -0.560875 0.014974 -1.32927e-17 4.92478 0.736013 0.480098 13.1758 1.91829 -1.86396e-17 4.96043 0.433981 2.52821 -6.35592 0.843269 -2.06766e-17 4.97002 0.787173 3.77872 -8.08332 1.44057 1.26863 -7.82717 7.75148 20.194 -10.3989 11.2166 13.3291 3.34342 -3.36319 -45.459 -44.3682 -46.2692 30.0522 0.0615366 0.141 11.3268 -7.95169 -70.6433 24.9344 0.0510561 0.116988 4.09155 -45.0371 4.13465 -1.26863 -7.82715 7.75138 -23.4703 -8.76226 -11.4215 -13.3291 3.34342 -3.36319 26.8942 -52.5641 21.4832 -30.0522 0.0615366 0.141 -10.524 -6.18531 61.3881 -24.9344 0.0510559 0.116988 -1.98207 -37.9749 0.77558 9.50369 -4.32711 2.09145 20.2947 -2.36295 -20.2548 -0.876987 -39.8926 -0.674123 -4.61593 16.8798 0.388215 -2.39345 -41.5694 -6.22357 -16.8642 5.26053 21.0335 0.801613 -10.1701 12.8571 -6.32906e-15 -1.06816e-15 2.85443e-16 -9.50369 -4.32711 2.09145 -2.67559 0.846236 25.4801 0.876987 -39.8926 -0.674123 4.95612 18.0555 -0.469772 2.39345 -41.5694 -6.22357 6.3889 -5.92588 -17.4179 -0.801613 -10.1701 12.8571 5.95003e-16 -6.21132e-16 -1.27967e-14 
18.3021 96.9307 -119.281 -2.9195 -2.69403 -3.01978 0 5.22546 -1.18466 -0.635872 -7.91411 0.00170289 0 5.77894 1.10239 -0.422804 -5.32589 -0.123626 -1.0557e-17 6.16289 0.118334 -0.274859 -0.687162 0.00458894 -1.13649e-17 6.69386 -0.456341 -0.16998 5.77025 0.0520284 -2.02997e-17 7.82529 -1.54945 -0.0454892 9.68199 0.0528736 -2.60628e-17 9.77186 -0.940923 -0.0039747 11.7856 0.00900211 -2.98794e-17 10.8563 1.62248 0.0389947 -0.623828 0.040181 -1.32927e-17 4.92478 0.736013 0.45536 12.1995 1.95403 -1.86396e-17 4.96043 0.433981 2.52241 -5.84645 0.850705 -2.06766e-17 4.97002 0.787173 3.53314 -7.86987 1.12218 1.26863 -7.82717 7.75148 17.816 -10.6244 9.81119 13.3291 3.34342 -3.36319 -41.8379 -43.5678 -43.2899 30.0522 0.0615366 0.141 10.6221 -6.3657 -62.3674 24.9344 0.0510561 0.116988 5.40109 -48.5512 4.0039 -1.26863 -7.82715 7.75138 -21.6578 -8.94913 -9.91371 -13.3291 3.34342 -3.36319 23.8568 -50.2632 15.8701 -30.0522 0.0615366 0.141 -9.98213 -5.3012 56.4484 -24.9344 0.0510559 0.116988 -3.05913 -40.047 -1.17719 9.50369 -4.32711 2.09145 20.2364 -2.48488 -17.8023 -0.876987 -39.8926 -0.674123 -2.97778 11.0432 0.0945234 -2.39345 -41.5694 -6.22357 -18.5877 15.3215 23.5596 0.801613 -10.1701 12.8571 8.11882e-16 -7.58218e-16 -2.44963e-17 -9.50369 -4.32711 2.09145 -3.15976 0.35231 22.5591 0.876987 -39.8926 -0.674123 3.47028 12.8251 -0.165253 2.39345 -41.5694 -6.22357 9.34708 3.89854 -18.3607 -0.801613 -10.1701 12.8571 1.99235e-16 -5.96382e-16 -1.27719e-14 
19.2367 99.3233 -121.254 -2.87936 0.104639 -2.79098 0 5.22546 -1.18466 -0.394128 -8.43344 -0.0765273 0 5.77894 1.10239 -0.232728 -5.7525 -0.109336 -1.0557e-17 6.16289 0.118334 -0.149668 -0.978516 -0.00393704 -1.13649e-17 6.69386 -0.456341 -0.0922626 5.73268 0.0445776 -2.02997e-17 7.82529 -1.54945 -0.0236053 9.7935 0.0251038 -2.60628e-17 9.77186 -0.940923 -0.0573764 11.9962 -0.0145103 -2.98794e-17 10.8563 1.62248 0.0248429 -0.673381 0.0570291 -1.32927e-17 4.92478 0.736013 0.467193 10.7406 1.76268 -1.86396e-17 4.96043 0.433981 2.64357 -5.44387 0.754845 -2.06766e-17 4.97002 0.787173 3.03128 -7.40832 1.21252 1.26863 -7.82717 7.75148 15.2203 -10.668 8.51636 13.3291 3.34342 -3.36319 -38.2137 -42.4561 -40.3061 30.0522 0.0615366 0.141 9.72208 -4.93041 -54.2926 24.9344 0.0510561 0.116988 6.26761 -52.9726 4.0226 -1.26863 -7.82715 7.75138 -19.349 -8.97995 -8.58651 -13.3291 3.34342 -3.36319 22.0199 -48.0822 11.6475 -30.0522 0.0615366 0.141 -9.36173 -4.46077 51.47 -24.9344 0.0510559 0.116988 -4.10389 -41.9816 -2.24197 9.50369 -4.32711 2.09145 20.0584 -4.85611 -13.103 -0.876987 -39.8926 -0.674123 -1.97246 7.3513 -0.00176898 -2.39345 -41.5694 -6.22357 -19.4574 21.9706 24.7099 0.801613 -10.1701 12.8571 -2.35697e-15 -8.94376e-16 1.11662e-16 -9.50369 -4.32711 2.09145 -3.70908 -2.15899 20.06 0.876987 -39.8926 -0.674123 2.46061 9.15184 -0.0368647 2.39345 -41.5694 -6.22357 10.574 10.3652 -18.8343 -0.801613 -10.1701 12.8571 -3.37529e-15 -4.47434e-16 -1.2623e-14 
19.9532 101.887 -122.379 -2.68495 3.47238 -2.8424 0 5.22546 -1.18466 -0.164142 -8.96934 -0.130579 0 5.77894 1.10239 -0.060923 -6.22713 -0.0771827 -1.0557e-17 6.16289 0.118334 -0.0423568 -1.36677 0.00228324 -1.13649e-17 6.69386 -0.456341 -0.0317258 5.58106 0.0522695 -2.02997e-17 7.82529 -1.54945 -0.014639 9.75467 0.0213849 -2.60628e-17 9.77186 -0.940923 -0.11596 12.0457 -0.0127822 -2.98794e-17 10.8563 1.62248 -0.000252375 -0.692147 0.0801248 -1.32927e-17 4.92478 0.736013 0.407385 8.62685 1.54611 -1.86396e-17 4.96043 0.433981 2.55434 -5.10788 0.643711 -2.06766e-17 4.97002 0.787173 2.67562 -6.48143 1.31008 1.26863 -7.82717 7.75148 12.6888 -10.3541 7.24386 13.3291 3.34342 -3.36319 -34.4194 -40.7133 -36.3648 30.0522 0.0615366 0.141 8.81289 -3.82726 -47.4743 24.9344 0.0510561 0.116988 7.27294 -57.9183 4.79898 -1.26863 -7.82715 7.75138 -16.5737 -8.71283 -7.25872 -13.3291 3.34342 -3.36319 20.4096 -45.3989 7.75775 -30.0522 0.0615366 0.141 -8.63907 -3.64384 46.2668 -24.9344 0.0510559 0.116988 -3.887 -44.447 -1.7379 9.50369 -4.32711 2.09145 20.2699 -8.90187 -7.08481 -0.876987 -39.8926 -0.674123 -2.14373 7.9845 0.0100313 -2.39345 -41.5694 -6.22357 -17.3867 15.5388 21.748 0.801613 -10.1701 12.8571 -2.01314e-14 -2.45817e-15 1.68786e-15 -9.50369 -4.32711 2.09145 -4.3571 -5.86529 18.6327 0.876987 -39.8926 -0.674123 2.16679 8.06963 -0.0117647 2.39345 -41.5694 -6.22357 8.6838 6.13752 -17.7519 -0.801613 -10.1701 12.8571 3.3716e-15 -7.32691e-16 -1.29083e-14 
20.5097 104.343 -122.886 -2.53012 6.67944 -3.01022 0 5.22546 -1.18466 0.00529393 -9.50369 -0.128853 0 5.77894 1.10239 0.0476757 -6.7051 -0.0200303 -1.0557e-17 6.16289 0.118334 0.0118665 -1.74819 0.0305986 -1.13649e-17 6.69386 -0.456341 -0.0173954 5.49169 0.0794622 -2.02997e-17 7.82529 -1.54945 -0.0411528 9.81631 0.0499808 -2.60628e-17 9.77186 -0.940923 -0.190223 12.1979 0.0312434 -2.98794e-17 10.8563 1.62248 -0.0277872 -0.705724 0.0945391 -1.32927e-17 4.92478 0.736013 0.274902 6.34925 1.72715 -1.86396e-17 4.96043 0.433981 2.18482 -5.05082 0.728735 -2.06766e-17 4.97002 0.787173 2.68338 -5.07209 0.917919 1.26863 -7.82717 7.75148 10.3472 -9.83349 5.98766 13.3291 3.34342 -3.36319 -31.0799 -38.414 -32.335 30.0522 0.0615366 0.141 7.82891 -2.88137 -40.9541 24.9344 0.0510561 0.116988 7.85774 -62.4426 5.16496 -1.26863 -7.82715 7.75138 -13.458 -8.33545 -6.03368 -13.3291 3.34342 -3.36319 19.8614 -42.3758 5.1634 -30.0522 0.0615366 0.141 -7.82967 -2.88187 40.9565 -24.9344 0.0510559 0.116988 -2.56425 -47.0796 -0.507538 9.50369 -4.32711 2.09145 19.9894 -12.6461 -3.04421 -0.876987 -39.8926 -0.674123 -2.27277 8.46053 0.0201756 -2.39345 -41.5694 -6.22357 -15.6378 10.1247 19.6474 0.801613 -10.1701 12.8571 3.57579e-15 -6.48126e-16 -1.34574e-16 -9.50369 -4.32711 2.09145 -4.57119 -9.92602 17.6887 0.876987 -39.8926 -0.674123 2.03057 7.56627 -0.0020207 2.39345 -41.5694 -6.22357 6.87026 2.40898 -16.9243 -0.801613 -10.1701 12.8571 5.99539e-16 -6.2133e-16 -1.27969e-14 
21.035 106.407 -123.366 -2.41843 9.15915 -2.92477 0 5.22546 -1.18466 0.106396 -9.83503 -0.087379 0 5.77894 1.10239 0.0928668 -6.9913 0.0502809 -1.0557e-17 6.16289 0.118334 0.0185371 -1.96866 0.0742648 -1.13649e-17 6.69386 -0.456341 -0.0379083 5.50995 0.119995 -2.02997e-17 7.82529 -1.54945 -0.0867222 9.97672 0.0999276 -2.60628e-17 9.77186 -0.940923 -0.258165 12.4222 0.0986333 -2.98794e-17 10.8563 1.62248 -0.0507715 -0.705942 0.101915 -1.32927e-17 4.92478 0.736013 0.179531 4.05486 2.0401 -1.86396e-17 4.96043 0.433981 1.74364 -5.34221 0.886051 -2.06766e-17 4.97002 0.787173 2.91318 -3.72009 0.0909491 1.26863 -7.82717 7.75148 7.89937 -9.17259 4.715 13.3291 3.34342 -3.36319 -27.6118 -35.4021 -28.7478 30.0522 0.0615366 0.141 6.6426 -1.985 -33.8356 24.9344 0.0510561 0.116988 6.04785 -67.6179 3.078 -1.26863 -7.82715 7.75138 -10.1819 -7.80403 -4.82676 -13.3291 3.34342 -3.36319 20.045 -39.1096 3.50367 -30.0522 0.0615366 0.141 -6.92299 -2.17636 35.4594 -24.9344 0.0510559 0.116988 -0.392548 -50.9344 1.32342 9.50369 -4.32711 2.09145 18.7407 -15.8984 -2.82657 -0.876987 -39.8926 -0.674123 -2.349 8.74132 0.0266741 -2.39345 -41.5694 -6.22357 -14.4226 8.51097 18.9993 0.801613 -10.1701 12.8571 -8.31046e-15 -1.15485e-15 3.72138e-16 -9.50369 -4.32711 2.09145 -4.26463 -13.1553 16.6044 0.876987 -39.8926 -0.674123 1.93692 7.21969 0.00398041 2.39345 -41.5694 -6.22357 6.20831 2.17007 -16.6267 -0.801613 -10.1701 12.8571 1.7877e-15 -6.70841e-16 -1.28464e-14 
21.4965 107.995 -123.822 -2.31265 10.8883 -2.92831 0 5.22546 -1.18466 0.206399 -9.87427 -0.018094 0 5.77894 1.10239 0.142621 -6.99729 0.133331 -1.0557e-17 6.16289 0.118334 0.0418643 -1.96442 0.136767 -1.13649e-17 6.69386 -0.456341 -0.0316481 5.63205 0.179392 -2.02997e-17 7.82529 -1.54945 -0.0886356 10.1869 0.165877 -2.60628e-17 9.77186 -0.940923 -0.251892 12.6502 0.167417 -2.98794e-17 10.8563 1.62248 -0.0614109 -0.699315 0.103126 -1.32927e-17 4.92478 0.736013 0.247759 1.47163 2.35694 -1.86396e-17 4.96043 0.433981 1.55225 -6.13761 1.06009 -2.06766e-17 4.97002 0.787173 2.70507 -2.95482 -0.852113 1.26863 -7.82717 7.75148 5.40107 -8.32458 3.33315 13.3291 3.34342 -3.36319 -24.2727 -31.317 -25.7927 30.0522 0.0615366 0.141 5.36272 -1.24649 -26.7454 24.9344 0.0510561 0.116988 2.2541 -73.9841 -0.721623 -1.26863 -7.82715 7.75138 -6.90303 -7.13436 -3.59541 -13.3291 3.34342 -3.36319 21.0272 -36.2494 2.92541 -30.0522 0.0615366 0.141 -6.01348 -1.59547 30.287 -24.9344 0.0510559 0.116988 2.83923 -55.7261 3.88741 9.50369 -4.32711 2.09145 16.9904 -18.3948 -4.32163 -0.876987 -39.8926 -0.674123 -2.44951 9.11104 0.0358157 -2.39345 -41.5694 -6.22357 -13.1763 8.08663 18.7013 0.801613 -10.1701 12.8571 3.19221e-15 -6.59043e-16 -1.23672e-16 -9.50369 -4.32711 2.09145 -3.33597 -15.6675 16.1007 0.876987 -39.8926 -0.674123 1.99403 7.43111 0.000388172 2.39345 -41.5694 -6.22357 5.37051 3.55394 -16.392 -0.801613 -10.1701 12.8571 -4.96188e-15 -3.73062e-16 -1.2561e-14 
21.874 109.006 -124.18 -2.1956 11.837 -3.41645 0 5.22546 -1.18466 0.273102 -9.35285 0.110497 0 5.77894 1.10239 0.163326 -6.50123 0.252747 -1.0557e-17 6.16289 0.118334 0.0515319 -1.67697 0.242065 -1.13649e-17 6.69386 -0.456341 -0.0275488 5.69226 0.280522 -2.02997e-17 7.82529 -1.54945 -0.0625903 10.0871 0.272528 -2.60628e-17 9.77186 -0.940923 -0.165003 12.4448 0.261206 -2.98794e-17 10.8563 1.62248 -0.0606783 -0.663164 0.104728 -1.32927e-17 4.92478 0.736013 0.454646 -1.49636 2.64213 -1.86396e-17 4.96043 0.433981 1.57001 -6.54775 1.22596 -2.06766e-17 4.97002 0.787173 2.1883 -1.82054 -1.53059 1.26863 -7.82717 7.75148 3.05324 -7.02968 1.70706 13.3291 3.34342 -3.36319 -21.2407 -25.9421 -22.89 30.0522 0.0615366 0.141 4.16238 -0.729417 -20.4629 24.9344 0.0510561 0.116988 -7.25377 -81.5536 -9.91749 -1.26863 -7.82715 7.75138 -3.63812 -6.09996 -2.15627 -13.3291 3.34342 -3.36319 22.8959 -33.6454 3.37472 -30.0522 0.0615366 0.141 -5.14908 -1.14272 25.6034 -24.9344 0.0510559 0.116988 6.64298 -61.0745 7.08382 9.50369 -4.32711 2.09145 15.1642 -19.9384 -5.81088 -0.876987 -39.8926 -0.674123 -2.65907 9.87981 0.0569653 -2.39345 -41.5694 -6.22357 -11.7467 7.27172 18.2332 0.801613 -10.1701 12.8571 2.01406e-15 -7.08114e-16 -7.46011e-17 -9.50369 -4.32711 2.09145 -1.8101 -17.5435 16.8867 0.876987 -39.8926 -0.674123 2.26306 8.42474 -0.0193742 2.39345 -41.5694 -6.22357 4.07194 4.93987 -16.0081 -0.801613 -10.1701 12.8571 -9.98473e-16 -5.46459e-16 -1.2722e-14 
22.2153 109.481 -124.282 -2.02581 11.7607 -4.21802 0 5.22546 -1.18466 0.286142 -8.1728 0.291181 0 5.77894 1.10239 0.135577 -5.44597 0.402892 -1.0557e-17 6.16289 0.118334 0.026725 -1.10523 0.386368 -1.13649e-17 6.69386 -0.456341 -0.048466 5.60878 0.420077 -2.02997e-17 7.82529 -1.54945 -0.0350296 9.52632 0.419906 -2.60628e-17 9.77186 -0.940923 -0.0317585 11.6377 0.383931 -2.98794e-17 10.8563 1.62248 -0.056538 -0.58072 0.113304 -1.32927e-17 4.92478 0.736013 0.747101 -5.0387 2.85511 -1.86396e-17 4.96043 0.433981 1.58861 -6.18679 1.35035 -2.06766e-17 4.97002 0.787173 1.64456 0.583031 -2.11629 1.26863 -7.82717 7.75148 0.691745 -5.18008 -0.194581 13.3291 3.34342 -3.36319 -18.9617 -19.6681 -20.0754 30.0522 0.0615366 0.141 3.14504 -0.406747 -15.3262 24.9344 0.0510561 0.116988 -90.4616 -87.2865 -92.5401 -1.26863 -7.82715 7.75138 -0.307317 -4.51176 -0.453098 -13.3291 3.34342 -3.36319 25.2186 -30.8099 4.30239 -30.0522 0.0615366 0.141 -4.3524 -0.800881 21.4374 -24.9344 0.0510559 0.116988 10.5735 -67.0659 10.7868 9.50369 -4.32711 2.09145 13.1075 -20.0936 -7.2855 -0.876987 -39.8926 -0.674123 -2.88067 10.6895 0.082393 -2.39345 -41.5694 -6.22357 -10.1326 6.003 17.6444 0.801613 -10.1701 12.8571 3.60115e-15 -6.46121e-16 -1.36593e-16 -9.50369 -4.32711 2.09145 -0.0406721 -18.0482 18.7262 0.876987 -39.8926 -0.674123 2.55713 9.50621 -0.0463244 2.39345 -41.5694 -6.22357 2.65825 5.74362 -15.5314 -0.801613 -10.1701 12.8571 -1.39104e-15 -5.34248e-16 -1.27098e-14 
22.5613 109.417 -124.183 -1.89558 11.093 -4.8312 0 5.22546 -1.18466 0.269958 -6.73063 0.440956 0 5.77894 1.10239 0.0993669 -4.21143 0.512935 -1.0557e-17 6.16289 0.118334 0.00839306 -0.432511 0.502837 -1.13649e-17 6.69386 -0.456341 -0.0490809 5.48008 0.533156 -2.02997e-17 7.82529 -1.54945 0.020787 8.81771 0.539834 -2.60628e-17 9.77186 -0.940923 0.13357 10.6438 0.467338 -2.98794e-17 10.8563 1.62248 -0.0494763 -0.473115 0.122667 -1.32927e-17 4.92478 0.736013 1.08133 -8.35038 2.97252 -1.86396e-17 4.96043 0.433981 1.67674 -5.42848 1.41893 -2.06766e-17 4.97002 0.787173 1.04704 3.22913 -2.51862 1.26863 -7.82717 7.75148 -1.38257 -3.17809 -2.01321 13.3291 3.34342 -3.36319 -18.3492 -13.2694 -18.1318 30.0522 0.0615366 0.141 2.32084 -0.216581 -11.2522 24.9344 0.0510561 0.116988 -155.078 -80.7252 -156.086 -1.26863 -7.82715 7.75138 2.80025 -2.69428 1.17232 -13.3291 3.34342 -3.36319 27.862 -27.5053 5.32546 -30.0522 0.0615366 0.141 -3.66522 -0.559025 17.9334 -24.9344 0.0510559 0.116988 15.8786 -73.6715 16.0689 9.50369 -4.32711 2.09145 10.9534 -19.4316 -8.60373 -0.876987 -39.8926 -0.674123 -3.10459 11.5039 0.111268 -2.39345 -41.5694 -6.22357 -8.18271 4.30934 16.9738 0.801613 -10.1701 12.8571 8.23172e-16 -7.57739e-16 -2.4976e-17 -9.50369 -4.32711 2.09145 1.78918 -17.5305 21.16 0.876987 -39.8926 -0.674123 2.83254 10.5139 -0.0766027 2.39345 -41.5694 -6.22357 0.93992 5.66115 -15.0229 -0.801613 -10.1701 12.8571 1.96965e-16 -5.96283e-16 -1.27718e-14 
22.9025 108.779 -123.934 -2.00118 10.5024 -5.08604 0 5.22546 -1.18466 0.253339 -5.2979 0.506679 0 5.77894 1.10239 0.0931495 -3.05042 0.537173 -1.0557e-17 6.16289 0.118334 0.0292843 0.173405 0.543705 -1.13649e-17 6.69386 -0.456341 0.00116602 5.27722 0.570435 -2.02997e-17 7.82529 -1.54945 0.117347 8.0254 0.578258 -2.60628e-17 9.77186 -0.940923 0.310846 9.57551 0.462211 -2.98794e-17 10.8563 1.62248 -0.0398333 -0.347712 0.126449 -1.32927e-17 4.92478 0.736013 1.42775 -11.0928 3.06432 -1.86396e-17 4.96043 0.433981 1.84494 -4.45734 1.46548 -2.06766e-17 4.97002 0.787173 0.540119 5.72011 -2.60616 1.26863 -7.82717 7.75148 -2.87306 -1.27471 -3.52475 13.3291 3.34342 -3.36319 -19.4175 -7.03125 -16.9253 30.0522 0.0615366 0.141 1.69283 -0.112371 -8.1847 24.9344 0.0510561 0.116988 -164.604 -72.8445 -164.133 -1.26863 -7.82715 7.75138 5.39561 -0.818882 2.4926 -13.3291 3.34342 -3.36319 30.8464 -22.6508 6.17143 -30.0522 0.0615366 0.141 -3.07985 -0.389278 15 -24.9344 0.0510559 0.116988 31.2817 -80.8893 31.7029 9.50369 -4.32711 2.09145 9.11403 -18.7702 -9.46141 -0.876987 -39.8926 -0.674123 -3.39459 12.5526 0.153388 -2.39345 -41.5694 -6.22357 -5.94856 1.95889 16.3328 0.801613 -10.1701 12.8571 2.01133e-15 -7.08227e-16 -7.44874e-17 -9.50369 -4.32711 2.09145 3.79658 -16.7129 23.8017 0.876987 -39.8926 -0.674123 3.08632 11.4376 -0.108792 2.39345 -41.5694 -6.22357 -1.13272 4.69108 -14.5616 -0.801613 -10.1701 12.8571 -1.38967e-15 -5.34305e-16 -1.27099e-14 
23.2147 107.606 -123.633 -2.25634 10.2785 -5.02439 0 5.22546 -1.18466 0.248 -3.9179 0.485521 0 5.77894 1.10239 0.119753 -2.00459 0.480852 -1.0557e-17 6.16289 0.118334 0.0820259 0.66063 0.509637 -1.13649e-17 6.69386 -0.456341 0.0846726 4.93997 0.531435 -2.02997e-17 7.82529 -1.54945 0.225944 7.08086 0.533843 -2.60628e-17 9.77186 -0.940923 0.457922 8.35782 0.37722 -2.98794e-17 10.8563 1.62248 -0.0315925 -0.203493 0.12713 -1.32927e-17 4.92478 0.736013 1.70302 -13.2964 3.09091 -1.86396e-17 4.96043 0.433981 1.90483 -3.48942 1.4682 -2.06766e-17 4.97002 0.787173 0.27226 7.93109 -2.34685 1.26863 -7.82717 7.75148 -3.71593 0.468547 -4.69508 13.3291 3.34342 -3.36319 -21.9427 -0.94966 -16.1329 30.0522 0.0615366 0.141 1.2597 -0.0604451 -6.0823 24.9344 0.0510561 0.116988 -168.759 -65.3632 -166.842 -1.26863 -7.82715 7.75138 7.34625 1.08952 3.54272 -13.3291 3.34342 -3.36319 34.0591 -15.6855 6.7248 -30.0522 0.0615366 0.141 -2.5783 -0.269209 12.5167 -24.9344 0.0510559 0.116988 98.9399 -84.4606 99.8277 9.50369 -4.32711 2.09145 7.74458 -18.5324 -9.49391 -0.876987 -39.8926 -0.674123 -3.78369 13.9478 0.218203 -2.39345 -41.5694 -6.22357 -3.89165 -0.787467 15.888 0.801613 -10.1701 12.8571 4.24237e-16 -7.82629e-16 -8.53092e-20 -9.50369 -4.32711 2.09145 5.73535 -16.099 25.6625 0.876987 -39.8926 -0.674123 3.35051 12.3937 -0.146642 2.39345 -41.5694 -6.22357 -3.21421 2.987 -14.275 -0.801613 -10.1701 12.8571 1.96965e-16 -5.96283e-16 -1.27718e-14 
23.449 106.012 -123.405 -2.50459 9.96145 -4.91734 0 5.22546 -1.18466 0.239752 -2.53608 0.432641 0 5.77894 1.10239 0.148902 -1.00705 0.404929 -1.0557e-17 6.16289 0.118334 0.131897 1.10218 0.456428 -1.13649e-17 6.69386 -0.456341 0.157513 4.53928 0.473241 -2.02997e-17 7.82529 -1.54945 0.310556 6.06821 0.466775 -2.60628e-17 9.77186 -0.940923 0.555803 7.06939 0.274745 -2.98794e-17 10.8563 1.62248 -0.025415 -0.0504702 0.128258 -1.32927e-17 4.92478 0.736013 1.85973 -14.7402 3.05186 -1.86396e-17 4.96043 0.433981 1.81041 -2.79103 1.43172 -2.06766e-17 4.97002 0.787173 0.183894 9.53463 -1.9432 1.26863 -7.82717 7.75148 -4.02426 1.99841 -5.56797 13.3291 3.34342 -3.36319 -25.5399 4.93745 -15.703 30.0522 0.0615366 0.141 0.996124 -0.0367018 -4.80669 24.9344 0.0510561 0.116988 -171.16 -58.4567 -168.185 -1.26863 -7.82715 7.75138 8.66398 2.94502 4.43214 -13.3291 3.34342 -3.36319 37.4853 -7.27512 7.1799 -30.0522 0.0615366 0.141 -2.165 -0.187326 10.4872 -24.9344 0.0510559 0.116988 144.993 -78.5064 146.435 9.50369 -4.32711 2.09145 6.7929 -18.3616 -8.87922 -0.876987 -39.8926 -0.674123 -4.3124 15.8193 0.321311 -2.39345 -41.5694 -6.22357 -2.3062 -3.46092 15.6663 0.801613 -10.1701 12.8571 -3.71811e-16 -8.07534e-16 2.48196e-17 -9.50369 -4.32711 2.09145 7.27799 -15.5091 26.0146 0.876987 -39.8926 -0.674123 3.67091 13.5449 -0.198442 2.39345 -41.5694 -6.22357 -5.09278 1.1339 -14.1298 -0.801613 -10.1701 12.8571 1.98785e-16 -5.96354e-16 -1.27719e-14 
23.5923 104.078 -123.412 -2.71267 9.35302 -4.87537 0 5.22546 -1.18466 0.203246 -1.06651 0.385487 0 5.77894 1.10239 0.153014 0.0208593 0.347466 -1.0557e-17 6.16289 0.118334 0.155485 1.57247 0.421368 -1.13649e-17 6.69386 -0.456341 0.198128 4.13847 0.436182 -2.02997e-17 7.82529 -1.54945 0.361659 5.05423 0.419766 -2.60628e-17 9.77186 -0.940923 0.61283 5.77056 0.193728 -2.98794e-17 10.8563 1.62248 -0.020662 0.107873 0.133559 -1.32927e-17 4.92478 0.736013 1.89085 -15.0666 2.97387 -1.86396e-17 4.96043 0.433981 1.68553 -2.4188 1.37643 -2.06766e-17 4.97002 0.787173 0.226858 10.011 -1.5277 1.26863 -7.82717 7.75148 -3.8841 3.2494 -6.0947 13.3291 3.34342 -3.36319 -29.9799 10.4292 -15.6356 30.0522 0.0615366 0.141 0.903259 -0.029744 -4.3578 24.9344 0.0510561 0.116988 -172.465 -52.4368 -169.186 -1.26863 -7.82715 7.75138 9.37017 4.64423 5.21147 -13.3291 3.34342 -3.36319 41.1472 1.03567 7.66983 -30.0522 0.0615366 0.141 -1.89077 -0.141327 9.14761 -24.9344 0.0510559 0.116988 155.405 -71.0472 157.191 9.50369 -4.32711 2.09145 6.00453 -18.1861 -9.09546 -0.876987 -39.8926 -0.674123 -4.98185 18.1438 0.47622 -2.39345 -41.5694 -6.22357 -1.19389 -5.85367 15.619 0.801613 -10.1701 12.8571 2.43931e-17 -7.95153e-16 1.24383e-17 -9.50369 -4.32711 2.09145 8.30311 -15.0207 25.1861 0.876987 -39.8926 -0.674123 4.09459 15.0519 -0.276753 2.39345 -41.5694 -6.22357 -6.19047 -0.449495 -14.1267 -0.801613 -10.1701 12.8571 -1.9833e-16 -5.83944e-16 -1.27595e-14 
23.7093 101.843 -123.639 -2.9339 8.46342 -5.0394 0 5.22546 -1.18466 0.197077 0.373816 0.351946 0 5.77894 1.10239 0.184087 1.01218 0.31762 -1.0557e-17 6.16289 0.118334 0.196331 2.05063 0.411146 -1.13649e-17 6.69386 -0.456341 0.242096 3.79266 0.427849 -2.02997e-17 7.82529 -1.54945 0.40915 4.15648 0.39721 -2.60628e-17 9.77186 -0.940923 0.652445 4.61258 0.136067 -2.98794e-17 10.8563 1.62248 -0.0205372 0.26044 0.144385 -1.32927e-17 4.92478 0.736013 1.8055 -14.4696 2.82476 -1.86396e-17 4.96043 0.433981 1.56998 -2.09293 1.29056 -2.06766e-17 4.97002 0.787173 0.16222 9.54603 -0.890514 1.26863 -7.82717 7.75148 -3.49554 4.16398 -6.26863 13.3291 3.34342 -3.36319 -35.2442 15.0176 -15.6977 30.0522 0.0615366 0.141 0.969995 -0.0346707 -4.68035 24.9344 0.0510561 0.116988 -173.053 -47.8093 -170.4 -1.26863 -7.82715 7.75138 9.71948 6.08603 5.84121 -13.3291 3.34342 -3.36319 44.8776 8.27758 8.24176 -30.0522 0.0615366 0.141 -1.75217 -0.120577 8.4724 -24.9344 0.0510559 0.116988 158.909 -64.4746 160.965 9.50369 -4.32711 2.09145 5.426 -17.8949 -9.76332 -0.876987 -39.8926 -0.674123 -5.73186 20.6808 0.681146 -2.39345 -41.5694 -6.22357 -0.199578 -7.92795 15.6228 0.801613 -10.1701 12.8571 2.48481e-17 -7.95139e-16 1.2424e-17 -9.50369 -4.32711 2.09145 8.96945 -14.5818 24.3166 0.876987 -39.8926 -0.674123 4.61606 16.8803 -0.388244 2.39345 -41.5694 -6.22357 -6.51433 -1.644 -14.2036 -0.801613 -10.1701 12.8571 1.9833e-16 -5.9634e-16 -1.27719e-14 
23.8309 99.3115 -123.9 -3.17185 7.50203 -5.33094 0 5.22546 -1.18466 0.172353 1.66485 0.307517 0 5.77894 1.10239 0.201367 1.8755 0.276647 -1.0557e-17 6.16289 0.118334 0.230009 2.44577 0.383368 -1.13649e-17 6.69386 -0.456341 0.285297 3.43905 0.403226 -2.02997e-17 7.82529 -1.54945 0.45529 3.32265 0.357312 -2.60628e-17 9.77186 -0.940923 0.682011 3.54443 0.0620674 -2.98794e-17 10.8563 1.62248 -0.0279688 0.411149 0.160331 -1.32927e-17 4.92478 0.736013 1.64599 -13.5812 2.65223 -1.86396e-17 4.96043 0.433981 1.35881 -1.82185 1.19167 -2.06766e-17 4.97002 0.787173 0.141404 8.90472 0.0428737 1.26863 -7.82717 7.75148 -2.98575 4.83365 -6.1432 13.3291 3.34342 -3.36319 -41.215 18.5731 -15.3584 30.0522 0.0615366 0.141 1.15216 -0.0500445 -5.56152 24.9344 0.0510561 0.116988 -173.017 -44.9384 -171.705 -1.26863 -7.82715 7.75138 10.0056 7.29757 6.40198 -13.3291 3.34342 -3.36319 48.6865 13.8708 8.97062 -30.0522 0.0615366 0.141 -1.70407 -0.113765 8.23834 -24.9344 0.0510559 0.116988 161.029 -59.4672 163.373 9.50369 -4.32711 2.09145 5.27714 -17.53 -9.39919 -0.876987 -39.8926 -0.674123 -6.61297 23.5612 0.962566 -2.39345 -41.5694 -6.22357 0.589386 -9.70851 15.6619 0.801613 -10.1701 12.8571 2.48481e-17 -7.95139e-16 1.2424e-17 -9.50369 -4.32711 2.09145 9.27354 -14.0775 23.0606 0.876987 -39.8926 -0.674123 5.45486 19.7526 -0.601673 2.39345 -41.5694 -6.22357 -5.83531 -2.80561 -14.4053 -0.801613 -10.1701 12.8571 5.95894e-16 -6.21173e-16 -1.27967e-14 
24.0553 96.4866 -124.116 -3.0017 6.13076 -5.32492 0 5.22546 -1.18466 0.0108984 2.77121 0.29771 0 5.77894 1.10239 0.0985756 2.60699 0.248113 -1.0557e-17 6.16289 0.118334 0.162059 2.79598 0.360673 -1.13649e-17 6.69386 -0.456341 0.240205 3.15242 0.384118 -2.02997e-17 7.82529 -1.54945 0.431874 2.64636 0.333768 -2.60628e-17 9.77186 -0.940923 0.668506 2.66559 0.019654 -2.98794e-17 10.8563 1.62248 -0.0405281 0.545045 0.173148 -1.32927e-17 4.92478 0.736013 1.44505 -12.7009 2.47688 -1.86396e-17 4.96043 0.433981 1.12876 -1.8956 1.08423 -2.06766e-17 4.97002 0.787173 0.269677 7.99356 0.412072 1.26863 -7.82717 7.75148 -2.52532 5.36034 -5.90372 13.3291 3.34342 -3.36319 -47.1872 21.4859 -14.8542 30.0522 0.0615366 0.141 1.40519 -0.0760923 -6.78749 24.9344 0.0510561 0.116988 -172.427 -43.7294 -172.887 -1.26863 -7.82715 7.75138 10.0591 8.22298 6.62859 -13.3291 3.34342 -3.36319 52.578 18.5189 9.67835 -30.0522 0.0615366 0.141 -1.65093 -0.106471 7.97988 -24.9344 0.0510559 0.116988 162.891 -54.6259 165.131 9.50369 -4.32711 2.09145 4.44015 -17.4807 -10.545 -0.876987 -39.8926 -0.674123 -7.99894 27.8529 1.48881 -2.39345 -41.5694 -6.22357 0.802623 -10.4102 15.7598 0.801613 -10.1701 12.8571 2.48481e-17 -7.95139e-16 1.2424e-17 -9.50369 -4.32711 2.09145 9.1238 -13.1388 22.3914 0.876987 -39.8926 -0.674123 6.53471 23.3099 -0.935845 2.39345 -41.5694 -6.22357 -6.47575 -4.95472 -14.6692 -0.801613 -10.1701 12.8571 -1.97865e-16 -5.83973e-16 -1.27595e-14 
24.2873 93.3558 -123.831 -2.43995 3.87056 -5.39761 0 5.22546 -1.18466 -0.344082 3.77667 0.343778 0 5.77894 1.10239 -0.166551 3.29251 0.246598 -1.0557e-17 6.16289 0.118334 -0.0362135 3.19746 0.361398 -1.13649e-17 6.69386 -0.456341 0.0938259 3.02466 0.387999 -2.02997e-17 7.82529 -1.54945 0.354071 2.23943 0.34882 -2.60628e-17 9.77186 -0.940923 0.657227 2.10974 0.0195295 -2.98794e-17 10.8563 1.62248 -0.0553925 0.648269 0.173392 -1.32927e-17 4.92478 0.736013 1.19006 -11.834 2.00684 -1.86396e-17 4.96043 0.433981 1.16659 -2.3367 0.85064 -2.06766e-17 4.97002 0.787173 0.475523 6.50454 0.903529 1.26863 -7.82717 7.75148 -2.40033 5.8002 -5.72562 13.3291 3.34342 -3.36319 -51.8807 24.0511 -14.1255 30.0522 0.0615366 0.141 1.67336 -0.109695 -8.08999 24.9344 0.0510561 0.116988 -172.153 -42.885 -173.525 -1.26863 -7.82715 7.75138 9.86946 8.77445 6.51257 -13.3291 3.34342 -3.36319 56.9201 22.6883 9.97524 -30.0522 0.0615366 0.141 -1.63966 -0.104955 7.92511 -24.9344 0.0510559 0.116988 164.177 -50.3745 166.339 9.50369 -4.32711 2.09145 3.09415 -16.9841 -13.3251 -0.876987 -39.8926 -0.674123 -9.68357 32.6523 2.25373 -2.39345 -41.5694 -6.22357 1.95823 -13.4506 15.9585 0.801613 -10.1701 12.8571 -3.72262e-16 -8.07548e-16 2.48337e-17 -9.50369 -4.32711 2.09145 9.33031 -12.351 23.9772 0.876987 -39.8926 -0.674123 8.27235 28.6634 -1.604 2.39345 -41.5694 -6.22357 -6.66356 -6.47492 -14.9821 -0.801613 -10.1701 12.8571 -5.95894e-16 -5.59111e-16 -1.27471e-14 
24.47 90.3673 -123.756 -2.07344 0.784881 -6.31015 0 5.22546 -1.18466 -0.821986 5.14559 0.43823 0 5.77894 1.10239 -0.532668 4.23672 0.264731 -1.0557e-17 6.16289 0.118334 -0.310571 3.77645 0.377038 -1.13649e-17 6.69386 -0.456341 -0.0989187 2.92437 0.403364 -2.02997e-17 7.82529 -1.54945 0.265733 1.75124 0.386008 -2.60628e-17 9.77186 -0.940923 0.675334 1.40404 0.0434031 -2.98794e-17 10.8563 1.62248 -0.0643069 0.758364 0.162559 -1.32927e-17 4.92478 0.736013 1.06224 -10.0907 1.90408 -1.86396e-17 4.96043 0.433981 1.50699 -2.51439 0.802312 -2.06766e-17 4.97002 0.787173 0.933595 5.10464 1.6591 1.26863 -7.82717 7.75148 -1.967 6.21234 -5.57972 13.3291 3.34342 -3.36319 -56.536 26.4945 -12.9001 30.0522 0.0615366 0.141 1.9367 -0.148744 -9.37277 24.9344 0.0510561 0.116988 -172.607 -40.9368 -174.424 -1.26863 -7.82715 7.75138 8.99854 9.06901 6.38768 -13.3291 3.34342 -3.36319 61.7106 25.6383 10.1435 -30.0522 0.0615366 0.141 -1.67523 -0.109776 8.0981 -24.9344 0.0510559 0.116988 165.436 -49.1195 167.232 9.50369 -4.32711 2.09145 1.93163 -16.488 -15.0756 -0.876987 -39.8926 -0.674123 -12.1255 38.7886 3.57277 -2.39345 -41.5694 -6.22357 2.95836 -16.8082 16.162 0.801613 -10.1701 12.8571 4.21498e-16 -7.82743e-16 2.87326e-20 -9.50369 -4.32711 2.09145 10.2994 -11.8269 26.0994 0.876987 -39.8926 -0.674123 10.7781 35.5213 -2.81664 2.39345 -41.5694 -6.22357 -6.83756 -7.98457 -15.3319 -0.801613 -10.1701 12.8571 -5.96354e-16 -5.59082e-16 -1.27471e-14 
24.678 88.2207 -123.335 -1.26144 -3.81951 -6.4965 0 5.22546 -1.18466 -1.46669 6.8777 0.439602 0 5.77894 1.10239 -1.0375 5.45847 0.172934 -1.0557e-17 6.16289 0.118334 -0.703278 4.63021 0.280295 -1.13649e-17 6.69386 -0.456341 -0.381722 3.07425 0.306189 -2.02997e-17 7.82529 -1.54945 0.0862274 1.46072 0.326792 -2.60628e-17 9.77186 -0.940923 0.606792 0.910046 -0.000261347 -2.98794e-17 10.8563 1.62248 -0.0748269 0.85603 0.144887 -1.32927e-17 4.92478 0.736013 0.797385 -7.37744 1.6038 -1.86396e-17 4.96043 0.433981 1.43951 -2.54213 0.669154 -2.06766e-17 4.97002 0.787173 2.07526 4.02469 2.80143 1.26863 -7.82717 7.75148 -1.73536 6.6049 -5.7213 13.3291 3.34342 -3.36319 -60.2247 29.2599 -12.2156 30.0522 0.0615366 0.141 2.09479 -0.175094 -10.1449 24.9344 0.0510561 0.116988 -174.069 -38.3051 -175.859 -1.26863 -7.82715 7.75138 7.60774 9.09228 6.53078 -13.3291 3.34342 -3.36319 65.6463 28.0749 9.94446 -30.0522 0.0615366 0.141 -1.66748 -0.10872 8.0604 -24.9344 0.0510559 0.116988 166.483 -49.8099 166.788 9.50369 -4.32711 2.09145 0.0442044 -14.6525 -16.3006 -0.876987 -39.8926 -0.674123 -14.6229 44.1198 5.13268 -2.39345 -41.5694 -6.22357 2.05371 -18.1334 16.1127 0.801613 -10.1701 12.8571 4.22417e-16 -7.82715e-16 2.88531e-33 -9.50369 -4.32711 2.09145 9.94237 -11.6845 25.9535 0.876987 -39.8926 -0.674123 14.7892 44.4436 -5.24299 2.39345 -41.5694 -6.22357 -7.32896 -11.2708 -15.9114 -0.801613 -10.1701 12.8571 -1.99244e-16 -5.83901e-16 -1.27595e-14 
24.8818 86.706 -122.905 -0.434446 -4.3623 -7.32806 0 5.22546 -1.18466 -1.58764 6.88993 0.328322 0 5.77894 1.10239 -1.11385 5.55811 0.0308424 -1.0557e-17 6.16289 0.118334 -0.75749 4.76264 0.134166 -1.13649e-17 6.69386 -0.456341 -0.408581 3.28333 0.153563 -2.02997e-17 7.82529 -1.54945 0.0472665 1.7313 0.174071 -2.60628e-17 9.77186 -0.940923 0.549119 1.18966 -0.139199 -2.98794e-17 10.8563 1.62248 -0.074942 0.826467 0.129193 -1.32927e-17 4.92478 0.736013 0.906816 -6.09997 2.6226 -1.86396e-17 4.96043 0.433981 1.51606 -2.28194 1.13611 -2.06766e-17 4.97002 0.787173 1.05445 2.04142 3.01503 1.26863 -7.82717 7.75148 -1.52 6.3771 -5.26444 13.3291 3.34342 -3.36319 -64.8717 31.0324 -11.012 30.0522 0.0615366 0.141 2.29059 -0.210773 -11.1037 24.9344 0.0510561 0.116988 -174.931 -37.0542 -175.953 -1.26863 -7.82715 7.75138 6.89225 8.6189 6.2781 -13.3291 3.34342 -3.36319 66.9207 29.696 10.1757 -30.0522 0.0615366 0.141 -1.75784 -0.121396 8.50011 -24.9344 0.0510559 0.116988 166.054 -53.7189 166.061 9.50369 -4.32711 2.09145 -1.0559 -16.9042 -16.1144 -0.876987 -39.8926 -0.674123 -17.2285 48.7891 6.93867 -2.39345 -41.5694 -6.22357 1.16526 -18.2333 16.0016 0.801613 -10.1701 12.8571 4.22417e-16 -7.82715e-16 2.88531e-33 -9.50369 -4.32711 2.09145 9.85959 -14.1627 26.2588 0.876987 -39.8926 -0.674123 17.8615 49.8021 -7.4001 2.39345 -41.5694 -6.22357 -6.57606 -10.7414 -16.0361 -0.801613 -10.1701 12.8571 -1.78722e-15 -5.09472e-16 -1.26974e-14 
24.8696 85.6027 -122.139 0.379408 -2.06056 -7.95984 0 5.22546 -1.18466 -1.67044 5.47194 0.140629 0 5.77894 1.10239 -1.18196 4.62275 -0.176274 -1.0557e-17 6.16289 0.118334 -0.80722 4.13511 -0.0845276 -1.13649e-17 6.69386 -0.456341 -0.432456 3.2448 -0.0778979 -2.02997e-17 7.82529 -1.54945 -0.0150096 2.10565 -0.0609459 -2.60628e-17 9.77186 -0.940923 0.432948 1.69088 -0.350272 -2.98794e-17 10.8563 1.62248 -0.0671407 0.747045 0.10619 -1.32927e-17 4.92478 0.736013 1.01898 -7.21038 3.11491 -1.86396e-17 4.96043 0.433981 1.53007 -2.37186 1.3462 -2.06766e-17 4.97002 0.787173 0.785608 1.38022 3.86608 1.26863 -7.82717 7.75148 -2.02114 6.03307 -4.67414 13.3291 3.34342 -3.36319 -68.1505 30.7772 -9.6322 30.0522 0.0615366 0.141 2.3791 -0.228015 -11.5381 24.9344 0.0510561 0.116988 -175.988 -38.6755 -176.547 -1.26863 -7.82715 7.75138 6.40493 7.8052 5.54221 -13.3291 3.34342 -3.36319 67.9283 29.3339 9.56728 -30.0522 0.0615366 0.141 -1.98639 -0.15662 9.61438 -24.9344 0.0510559 0.116988 165.762 -59.7729 165.566 9.50369 -4.32711 2.09145 -1.22512 -21.4186 -14.6629 -0.876987 -39.8926 -0.674123 -19.5355 52.2785 8.65675 -2.39345 -41.5694 -6.22357 1.55542 -18.3225 16.0185 0.801613 -10.1701 12.8571 1.21664e-15 -7.45486e-16 -3.7229e-17 -9.50369 -4.32711 2.09145 10.0761 -18.8967 26.9854 0.876987 -39.8926 -0.674123 21.0554 54.2959 -9.83811 2.39345 -41.5694 -6.22357 -5.85412 -10.8315 -16.12 -0.801613 -10.1701 12.8571 -1.39195e-15 -5.34205e-16 -1.27098e-14 
24.7614 85.3794 -121.425 0.712868 -3.32501 -8.25017 0 5.22546 -1.18466 -1.90559 4.38258 0.090572 0 5.77894 1.10239 -1.38609 3.94697 -0.271559 -1.0557e-17 6.16289 0.118334 -0.9742 3.82951 -0.192385 -1.13649e-17 6.69386 -0.456341 -0.557556 3.53227 -0.195852 -2.02997e-17 7.82529 -1.54945 -0.125013 2.77794 -0.154949 -2.60628e-17 9.77186 -0.940923 0.34033 2.57575 -0.421021 -2.98794e-17 10.8563 1.62248 -0.0613114 0.684006 0.0783061 -1.32927e-17 4.92478 0.736013 1.09828 -8.34064 3.27903 -1.86396e-17 4.96043 0.433981 1.30712 -2.82269 1.41705 -2.06766e-17 4.97002 0.787173 1.53954 2.09158 4.12136 1.26863 -7.82717 7.75148 -3.51706 5.69198 -4.26297 13.3291 3.34342 -3.36319 -68.8165 28.6137 -9.08828 30.0522 0.0615366 0.141 2.23947 -0.201131 -10.8532 24.9344 0.0510561 0.116988 -177.532 -43.3621 -178.017 -1.26863 -7.82715 7.75138 6.46643 6.85549 4.76754 -13.3291 3.34342 -3.36319 68.094 25.0005 8.6101 -30.0522 0.0615366 0.141 -2.23111 -0.199409 10.8113 -24.9344 0.0510559 0.116988 168.575 -65.8031 167.443 9.50369 -4.32711 2.09145 -1.61037 -20.386 -14.1398 -0.876987 -39.8926 -0.674123 -19.6241 52.4019 8.72461 -2.39345 -41.5694 -6.22357 1.35663 -18.5324 16.0116 0.801613 -10.1701 12.8571 -7.67992e-16 -8.3231e-16 4.95956e-17 -9.50369 -4.32711 2.09145 9.49183 -18.4246 26.6518 0.876987 -39.8926 -0.674123 21.9996 55.4496 -10.5889 2.39345 -41.5694 -6.22357 -5.68421 -10.2102 -15.9986 -0.801613 -10.1701 12.8571 5.94055e-16 -6.21102e-16 -1.27967e-14 
24.3419 85.8712 -120.854 0.646357 -2.90723 -8.21207 0 5.22546 -1.18466 -1.80761 2.49566 -0.00771789 0 5.77894 1.10239 -1.30837 2.77045 -0.366191 -1.0557e-17 6.16289 0.118334 -0.906492 3.32991 -0.294973 -1.13649e-17 6.69386 -0.456341 -0.485961 4.14749 -0.30812 -2.02997e-17 7.82529 -1.54945 -0.0863364 4.08531 -0.267348 -2.60628e-17 9.77186 -0.940923 0.333216 4.21662 -0.523496 -2.98794e-17 10.8563 1.62248 -0.0480456 0.528341 0.0334756 -1.32927e-17 4.92478 0.736013 1.18873 -6.47838 3.62167 -1.86396e-17 4.96043 0.433981 1.63991 -3.17357 1.60964 -2.06766e-17 4.97002 0.787173 0.704785 0.437955 4.31782 1.26863 -7.82717 7.75148 -3.56372 4.13807 -2.83019 13.3291 3.34342 -3.36319 -69.6917 25.0931 -9.16515 30.0522 0.0615366 0.141 2.0883 -0.173966 -10.1132 24.9344 0.0510561 0.116988 -177.113 -50.5421 -177.507 -1.26863 -7.82715 7.75138 5.56254 4.79042 3.11785 -13.3291 3.34342 -3.36319 68.1682 19.0794 8.46448 -30.0522 0.0615366 0.141 -2.39626 -0.231274 11.6214 -24.9344 0.0510559 0.116988 168.982 -70.9607 167.853 9.50369 -4.32711 2.09145 -1.50112 -20.2487 -14.4355 -0.876987 -39.8926 -0.674123 -18.834 51.2752 8.12408 -2.39345 -41.5694 -6.22357 1.26459 -18.0894 15.9726 0.801613 -10.1701 12.8571 2.39286e-17 -7.95182e-16 1.24671e-17 -9.50369 -4.32711 2.09145 9.57239 -17.8808 26.6858 0.876987 -39.8926 -0.674123 20.7375 53.8907 -9.58808 2.39345 -41.5694 -6.22357 -6.51471 -10.4256 -15.9704 -0.801613 -10.1701 12.8571 1.99244e-16 -5.96383e-16 -1.27719e-14 
23.6805 87.1376 -120.565 0.588074 -1.6132 -7.77458 0 5.22546 -1.18466 -1.74489 0.506434 -0.131118 0 5.77894 1.10239 -1.269 1.39866 -0.470259 -1.0557e-17 6.16289 0.118334 -0.873819 2.63818 -0.403317 -1.13649e-17 6.69386 -0.456341 -0.442306 4.54191 -0.421983 -2.02997e-17 7.82529 -1.54945 -0.0757294 5.17803 -0.383987 -2.60628e-17 9.77186 -0.940923 0.292854 5.61054 -0.624824 -2.98794e-17 10.8563 1.62248 -0.0406631 0.364859 -0.0198778 -1.32927e-17 4.92478 0.736013 1.13559 -4.03393 3.58474 -1.86396e-17 4.96043 0.433981 1.86247 -3.73605 1.62052 -2.06766e-17 4.97002 0.787173 0.572042 -1.28549 4.66205 1.26863 -7.82717 7.75148 -3.20146 2.57876 -1.45005 13.3291 3.34342 -3.36319 -70.2153 20.6803 -8.60394 30.0522 0.0615366 0.141 2.02037 -0.162414 -9.78128 24.9344 0.0510561 0.116988 -175.98 -57.9933 -176.84 -1.26863 -7.82715 7.75138 3.85104 2.73535 1.38542 -13.3291 3.34342 -3.36319 68.77 13.942 7.2628 -30.0522 0.0615366 0.141 -2.67041 -0.289552 12.9713 -24.9344 0.0510559 0.116988 167.661 -74.76 166.674 9.50369 -4.32711 2.09145 -1.44373 -20.2731 -15.0531 -0.876987 -39.8926 -0.674123 -17.1544 48.6677 6.88521 -2.39345 -41.5694 -6.22357 1.40102 -16.0878 15.9749 0.801613 -10.1701 12.8571 8.19067e-16 -7.5791e-16 -2.4805e-17 -9.50369 -4.32711 2.09145 9.31972 -16.4337 26.9672 0.876987 -39.8926 -0.674123 17.5666 49.3357 -7.18413 2.39345 -41.5694 -6.22357 -6.61614 -11.649 -15.9196 -0.801613 -10.1701 12.8571 -1.98325e-16 -5.83944e-16 -1.27595e-14 
23.0465 88.9353 -120.593 0.489442 -0.495248 -7.11386 0 5.22546 -1.18466 -1.6224 -1.54661 -0.256722 0 5.77894 1.10239 -1.18271 -0.0805316 -0.559801 -1.0557e-17 6.16289 0.118334 -0.80607 1.90671 -0.49619 -1.13649e-17 6.69386 -0.456341 -0.373609 5.00212 -0.517194 -2.02997e-17 7.82529 -1.54945 -0.051305 6.40187 -0.486625 -2.60628e-17 9.77186 -0.940923 0.247841 7.15433 -0.715135 -2.98794e-17 10.8563 1.62248 -0.0360448 0.190369 -0.0595779 -1.32927e-17 4.92478 0.736013 0.962114 -0.799158 3.39408 -1.86396e-17 4.96043 0.433981 1.9271 -4.16556 1.5519 -2.06766e-17 4.97002 0.787173 0.41342 -2.97584 4.95807 1.26863 -7.82717 7.75148 -2.2671 0.852908 0.0610274 13.3291 3.34342 -3.36319 -69.852 16.4461 -8.26101 30.0522 0.0615366 0.141 2.056 -0.16842 -9.95536 24.9344 0.0510561 0.116988 -176.672 -63.9756 -177.407 -1.26863 -7.82715 7.75138 2.10063 0.643763 -0.225653 -13.3291 3.34342 -3.36319 68.216 8.42109 5.67131 -30.0522 0.0615366 0.141 -3.07561 -0.388177 14.9793 -24.9344 0.0510559 0.116988 166.366 -79.0787 164.821 9.50369 -4.32711 2.09145 -1.55762 -19.0935 -15.9519 -0.876987 -39.8926 -0.674123 -14.7184 44.3064 5.19599 -2.39345 -41.5694 -6.22357 1.70026 -13.4551 15.9641 0.801613 -10.1701 12.8571 -3.71342e-16 -8.07505e-16 2.47906e-17 -9.50369 -4.32711 2.09145 8.58019 -14.4123 26.3425 0.876987 -39.8926 -0.674123 14.2684 43.4172 -4.90008 2.39345 -41.5694 -6.22357 -6.38191 -11.0421 -15.697 -0.801613 -10.1701 12.8571 -1.98785e-16 -5.8393e-16 -1.27595e-14 
22.6811 91.1443 -121.111 0.0579128 -0.23267 -6.58702 0 5.22546 -1.18466 -1.37806 -2.39798 -0.354502 0 5.77894 1.10239 -0.976947 -0.757435 -0.613769 -1.0557e-17 6.16289 0.118334 -0.644752 1.50125 -0.551346 -1.13649e-17 6.69386 -0.456341 -0.244926 5.048 -0.574 -2.02997e-17 7.82529 -1.54945 0.0187827 6.73006 -0.56539 -2.60628e-17 9.77186 -0.940923 0.230073 7.55746 -0.790211 -2.98794e-17 10.8563 1.62248 -0.0362102 0.129071 -0.0705264 -1.32927e-17 4.92478 0.736013 0.847863 1.72179 3.25913 -1.86396e-17 4.96043 0.433981 1.97044 -4.28373 1.49482 -2.06766e-17 4.97002 0.787173 -0.0260577 -3.30745 4.94505 1.26863 -7.82717 7.75148 -1.27527 -0.0293103 1.10813 13.3291 3.34342 -3.36319 -69.0364 13.5937 -7.31021 30.0522 0.0615366 0.141 2.20558 -0.194859 -10.6872 24.9344 0.0510561 0.116988 -177.41 -67.0467 -178.424 -1.26863 -7.82715 7.75138 0.327714 -0.461345 -1.24414 -13.3291 3.34342 -3.36319 66.6079 4.00738 3.4029 -30.0522 0.0615366 0.141 -3.55692 -0.525174 17.388 -24.9344 0.0510559 0.116988 162.536 -82.0651 160.426 9.50369 -4.32711 2.09145 -1.44739 -16.2854 -16.8144 -0.876987 -39.8926 -0.674123 -11.9205 38.3099 3.45353 -2.39345 -41.5694 -6.22357 1.75151 -10.0538 15.8034 0.801613 -10.1701 12.8571 2.43884e-17 -7.95153e-16 1.24384e-17 -9.50369 -4.32711 2.09145 7.88075 -12.0723 25.0979 0.876987 -39.8926 -0.674123 11.5953 37.5371 -3.26739 2.39345 -41.5694 -6.22357 -4.6541 -7.18125 -15.1934 -0.801613 -10.1701 12.8571 -9.93004e-16 -5.46701e-16 -1.27223e-14 
22.627 93.6989 -122.341 -0.592985 -0.200381 -6.4991 0 5.22546 -1.18466 -1.01312 -2.99783 -0.377763 0 5.77894 1.10239 -0.675003 -1.24266 -0.56922 -1.0557e-17 6.16289 0.118334 -0.415626 1.21341 -0.507691 -1.13649e-17 6.69386 -0.456341 -0.086012 5.08665 -0.52779 -2.02997e-17 7.82529 -1.54945 0.108222 6.95735 -0.544846 -2.60628e-17 9.77186 -0.940923 0.23179 7.82464 -0.764792 -2.98794e-17 10.8563 1.62248 -0.033222 0.0729903 -0.0668208 -1.32927e-17 4.92478 0.736013 0.707608 4.04678 2.95085 -1.86396e-17 4.96043 0.433981 1.98005 -4.29287 1.34946 -2.06766e-17 4.97002 0.787173 -0.615053 -3.8697 4.76966 1.26863 -7.82717 7.75148 0.175988 -0.786437 2.03599 13.3291 3.34342 -3.36319 -68.2495 11.3373 -6.60629 30.0522 0.0615366 0.141 2.39407 -0.230992 -11.6117 24.9344 0.0510561 0.116988 -178.447 -69.1207 -179.798 -1.26863 -7.82715 7.75138 -1.33953 -1.36693 -2.08904 -13.3291 3.34342 -3.36319 64.0584 0.414514 1.46539 -30.0522 0.0615366 0.141 -4.03783 -0.684315 19.8249 -24.9344 0.0510559 0.116988 156.993 -84.3095 154.255 9.50369 -4.32711 2.09145 -0.736988 -12.9768 -16.5685 -0.876987 -39.8926 -0.674123 -9.18849 31.2902 2.0156 -2.39345 -41.5694 -6.22357 0.697844 -5.02516 15.4966 0.801613 -10.1701 12.8571 4.21958e-16 -7.82729e-16 1.43663e-20 -9.50369 -4.32711 2.09145 7.22097 -8.98565 23.4584 0.876987 -39.8926 -0.674123 8.80524 30.2081 -1.83871 2.39345 -41.5694 -6.22357 -2.7457 -1.46482 -14.5752 -0.801613 -10.1701 12.8571 5.94515e-16 -6.21116e-16 -1.27967e-14 
22.8847 96.3232 -124.287 -1.05532 0.0531311 -6.53048 0 5.22546 -1.18466 -0.666836 -3.77712 -0.359549 0 5.77894 1.10239 -0.398212 -1.8594 -0.478375 -1.0557e-17 6.16289 0.118334 -0.212574 0.878285 -0.418705 -1.13649e-17 6.69386 -0.456341 0.0425481 5.19948 -0.435491 -2.02997e-17 7.82529 -1.54945 0.17412 7.33117 -0.473382 -2.60628e-17 9.77186 -0.940923 0.22533 8.27826 -0.685332 -2.98794e-17 10.8563 1.62248 -0.0214996 -0.00347852 -0.0587211 -1.32927e-17 4.92478 0.736013 0.552219 6.39681 2.3423 -1.86396e-17 4.96043 0.433981 2.01987 -4.18864 1.05414 -2.06766e-17 4.97002 0.787173 -1.19288 -4.35596 4.82396 1.26863 -7.82717 7.75148 2.14057 -1.66309 3.03333 13.3291 3.34342 -3.36319 -67.7186 9.23924 -6.38347 30.0522 0.0615366 0.141 2.61243 -0.276814 -12.6863 24.9344 0.0510561 0.116988 179.422 -71.5247 177.634 -1.26863 -7.82715 7.75138 -3.06981 -2.36478 -2.98851 -13.3291 3.34342 -3.36319 61.2369 -2.86669 0.0516828 -30.0522 0.0615366 0.141 -4.43477 -0.833098 21.863 -24.9344 0.0510559 0.116988 146.847 -86.4642 143.574 9.50369 -4.32711 2.09145 0.481258 -11.0458 -14.8848 -0.876987 -39.8926 -0.674123 -7.31418 25.7703 1.21649 -2.39345 -41.5694 -6.22357 -0.629185 -1.05285 15.3469 0.801613 -10.1701 12.8571 1.21663e-15 -7.45486e-16 -3.72286e-17 -9.50369 -4.32711 2.09145 6.576 -6.35554 21.7091 0.876987 -39.8926 -0.674123 6.31376 22.5958 -0.862199 2.39345 -41.5694 -6.22357 -0.560615 6.10089 -13.8668 -0.801613 -10.1701 12.8571 1.78767e-15 -6.7084e-16 -1.28464e-14 
23.6749 98.8926 -125.878 -1.15231 1.51536 -6.27834 0 5.22546 -1.18466 -0.367676 -4.48379 -0.364877 0 5.77894 1.10239 -0.150226 -2.47394 -0.416146 -1.0557e-17 6.16289 0.118334 -0.025709 0.433607 -0.354148 -1.13649e-17 6.69386 -0.456341 0.168621 5.06327 -0.368838 -2.02997e-17 7.82529 -1.54945 0.24383 7.36754 -0.425743 -2.60628e-17 9.77186 -0.940923 0.226193 8.34746 -0.639035 -2.98794e-17 10.8563 1.62248 -0.00545895 -0.0577787 -0.0344488 -1.32927e-17 4.92478 0.736013 0.441315 7.84675 1.69337 -1.86396e-17 4.96043 0.433981 2.11853 -3.54681 0.73268 -2.06766e-17 4.97002 0.787173 -1.86263 -4.03678 4.85395 1.26863 -7.82717 7.75148 4.44993 -2.22088 3.97619 13.3291 3.34342 -3.36319 -67.2992 7.36463 -6.09415 30.0522 0.0615366 0.141 2.91585 -0.347639 -14.1867 24.9344 0.0510561 0.116988 177.435 -73.8479 175.215 -1.26863 -7.82715 7.75138 -4.61685 -3.0251 -3.74541 -13.3291 3.34342 -3.36319 57.8693 -6.40048 -1.36095 -30.0522 0.0615366 0.141 -4.83205 -0.998461 23.931 -24.9344 0.0510559 0.116988 113.356 -88.0965 109.622 9.50369 -4.32711 2.09145 2.71947 -12.6274 -11.7108 -0.876987 -39.8926 -0.674123 -6.90902 24.5031 1.06661 -2.39345 -41.5694 -6.22357 0.380603 -4.70395 15.5102 0.801613 -10.1701 12.8571 2.62415e-17 -7.95081e-16 1.2366e-17 -9.50369 -4.32711 2.09145 5.99224 -7.02137 20.9292 0.876987 -39.8926 -0.674123 5.11104 18.5861 -0.509184 2.39345 -41.5694 -6.22357 0.675948 9.85446 -13.6758 -0.801613 -10.1701 12.8571 1.39196e-15 -6.46079e-16 -1.2834e-14 
24.2343 101.448 -126.247 -1.184 4.40075 -5.75185 0 5.22546 -1.18466 -0.138932 -5.39694 -0.390269 0 5.77894 1.10239 0.0450138 -3.30963 -0.386542 -1.0557e-17 6.16289 0.118334 0.124765 -0.210444 -0.322446 -1.13649e-17 6.69386 -0.456341 0.279067 4.79718 -0.334549 -2.02997e-17 7.82529 -1.54945 0.302603 7.31512 -0.405018 -2.60628e-17 9.77186 -0.940923 0.220383 8.36038 -0.618158 -2.98794e-17 10.8563 1.62248 0.00859435 -0.117851 -0.00265672 -1.32927e-17 4.92478 0.736013 0.298613 8.46503 1.38023 -1.86396e-17 4.96043 0.433981 2.12321 -2.83014 0.569863 -2.06766e-17 4.97002 0.787173 -2.09156 -3.2217 4.55161 1.26863 -7.82717 7.75148 6.75796 -2.63499 4.80679 13.3291 3.34342 -3.36319 -66.4191 4.83242 -5.90098 30.0522 0.0615366 0.141 3.29158 -0.447087 -16.0578 24.9344 0.0510561 0.116988 175.988 -76.3117 173.387 -1.26863 -7.82715 7.75138 -5.69727 -3.51588 -4.27708 -13.3291 3.34342 -3.36319 54.0324 -10.4802 -2.36723 -30.0522 0.0615366 0.141 -5.1925 -1.16336 25.8348 -24.9344 0.0510559 0.116988 48.5743 -87.8044 44.4779 9.50369 -4.32711 2.09145 5.63462 -16.1692 -8.3473 -0.876987 -39.8926 -0.674123 -6.67958 23.7742 0.985566 -2.39345 -41.5694 -6.22357 0.882004 -8.68694 15.8121 0.801613 -10.1701 12.8571 2.48481e-17 -7.95139e-16 1.2424e-17 -9.50369 -4.32711 2.09145 5.2346 -11.7318 20.429 0.876987 -39.8926 -0.674123 5.56491 20.1226 -0.63272 2.39345 -41.5694 -6.22357 -1.80572 2.01361 -14.3055 -0.801613 -10.1701 12.8571 5.97283e-16 -6.21231e-16 -1.27968e-14 
24.4809 103.786 -126.127 -1.14317 7.48724 -4.86339 0 5.22546 -1.18466 0.00260671 -6.64883 -0.406855 0 5.77894 1.10239 0.155015 -4.4497 -0.36242 -1.0557e-17 6.16289 0.118334 0.202806 -0.993558 -0.296064 -1.13649e-17 6.69386 -0.456341 0.325576 4.63428 -0.297487 -2.02997e-17 7.82529 -1.54945 0.306126 7.52897 -0.368266 -2.60628e-17 9.77186 -0.940923 0.175069 8.77249 -0.562784 -2.98794e-17 10.8563 1.62248 0.0195194 -0.183547 0.0310317 -1.32927e-17 4.92478 0.736013 0.124609 8.90993 1.2158 -1.86396e-17 4.96043 0.433981 1.89081 -2.57424 0.477193 -2.06766e-17 4.97002 0.787173 -1.62677 -2.60255 3.75222 1.26863 -7.82717 7.75148 8.2742 -3.2691 5.60426 13.3291 3.34342 -3.36319 -64.0816 1.6819 -6.30568 30.0522 0.0615366 0.141 3.66848 -0.560212 -17.9515 24.9344 0.0510561 0.116988 174.282 -79.1436 171.723 -1.26863 -7.82715 7.75138 -6.33075 -4.12399 -4.71903 -13.3291 3.34342 -3.36319 49.6041 -15.2387 -2.97257 -30.0522 0.0615366 0.141 -5.45939 -1.29497 27.2633 -24.9344 0.0510559 0.116988 18.7221 -85.732 14.2478 9.50369 -4.32711 2.09145 7.83322 -19.8703 -7.46349 -0.876987 -39.8926 -0.674123 -6.36588 22.7649 0.87933 -2.39345 -41.5694 -6.22357 -0.48518 -9.18273 16.0063 0.801613 -10.1701 12.8571 2.48481e-17 -7.95139e-16 1.2424e-17 -9.50369 -4.32711 2.09145 3.61558 -16.0074 18.4422 0.876987 -39.8926 -0.674123 5.73582 20.694 -0.682313 2.39345 -41.5694 -6.22357 -3.24238 -5.14246 -15.0834 -0.801613 -10.1701 12.8571 1.99249e-16 -5.96383e-16 -1.27719e-14 
24.6594 105.795 -125.906 -0.955654 9.23331 -4.04461 0 5.22546 -1.18466 0.128095 -7.75504 -0.369175 0 5.77894 1.10239 0.234113 -5.44554 -0.293075 -1.0557e-17 6.16289 0.118334 0.244291 -1.58894 -0.22877 -1.13649e-17 6.69386 -0.456341 0.316959 4.64326 -0.215639 -2.02997e-17 7.82529 -1.54945 0.263973 7.93041 -0.279561 -2.60628e-17 9.77186 -0.940923 0.0981132 9.44285 -0.436554 -2.98794e-17 10.8563 1.62248 0.0270281 -0.22949 0.0603238 -1.32927e-17 4.92478 0.736013 -6.39925e-06 9.14576 0.89029 -1.86396e-17 4.96043 0.433981 1.51531 -3.48511 0.310716 -2.06766e-17 4.97002 0.787173 -1.17805 -2.89955 2.7223 1.26863 -7.82717 7.75148 8.69078 -4.08551 6.3007 13.3291 3.34342 -3.36319 -59.9992 -1.31077 -7.60101 30.0522 0.0615366 0.141 3.97764 -0.663283 -19.5193 24.9344 0.0510561 0.116988 172.379 -81.6644 170.576 -1.26863 -7.82715 7.75138 -6.79333 -4.80507 -5.29954 -13.3291 3.34342 -3.36319 44.8673 -20.1832 -3.38522 -30.0522 0.0615366 0.141 -5.65834 -1.39854 28.3396 -24.9344 0.0510559 0.116988 8.6283 -82.8554 4.00074 9.50369 -4.32711 2.09145 9.25947 -21.6274 -7.67477 -0.876987 -39.8926 -0.674123 -5.92743 21.3298 0.739885 -2.39345 -41.5694 -6.22357 -2.56384 -8.01571 16.1301 0.801613 -10.1701 12.8571 2.48481e-17 -7.95139e-16 1.2424e-17 -9.50369 -4.32711 2.09145 1.6029 -17.7075 15.8599 0.876987 -39.8926 -0.674123 5.33006 19.331 -0.567307 2.39345 -41.5694 -6.22357 -3.66482 -7.92115 -15.3855 -0.801613 -10.1701 12.8571 -5.95425e-16 -5.59125e-16 -1.27471e-14 
24.7675 107.328 -125.699 -0.872552 10.015 -3.71326 0 5.22546 -1.18466 0.272696 -8.4621 -0.295223 0 5.77894 1.10239 0.326377 -6.06275 -0.190786 -1.0557e-17 6.16289 0.118334 0.297162 -1.86097 -0.132223 -1.13649e-17 6.69386 -0.456341 0.317537 4.8335 -0.106436 -2.02997e-17 7.82529 -1.54945 0.246189 8.4385 -0.169335 -2.60628e-17 9.77186 -0.940923 0.0606154 10.1858 -0.296362 -2.98794e-17 10.8563 1.62248 0.0401945 -0.276526 0.0754522 -1.32927e-17 4.92478 0.736013 -0.0175985 9.81581 0.400921 -1.86396e-17 4.96043 0.433981 1.43676 -5.16395 0.0779334 -2.06766e-17 4.97002 0.787173 -1.26759 -4.75708 2.18164 1.26863 -7.82717 7.75148 9.32163 -5.0027 7.10303 13.3291 3.34342 -3.36319 -55.8462 -3.66739 -9.72487 30.0522 0.0615366 0.141 4.27876 -0.77283 -21.0601 24.9344 0.0510561 0.116988 169.437 -82.9798 168.481 -1.26863 -7.82715 7.75138 -7.78307 -5.61261 -6.1968 -13.3291 3.34342 -3.36319 40.8453 -24.7798 -3.10704 -30.0522 0.0615366 0.141 -5.79759 -1.47388 29.0991 -24.9344 0.0510559 0.116988 6.13426 -79.8713 1.54282 9.50369 -4.32711 2.09145 11.3254 -21.9838 -5.85062 -0.876987 -39.8926 -0.674123 -5.57419 20.1537 0.63537 -2.39345 -41.5694 -6.22357 -5.0211 -7.20638 16.2084 0.801613 -10.1701 12.8571 4.21953e-16 -7.82729e-16 1.45144e-20 -9.50369 -4.32711 2.09145 0.235278 -18.1701 14.9091 0.876987 -39.8926 -0.674123 4.74342 17.3221 -0.41797 2.39345 -41.5694 -6.22357 -3.46789 -8.09473 -15.4927 -0.801613 -10.1701 12.8571 -1.99249e-16 -5.83901e-16 -1.27595e-14 
24.7643 108.26 -125.459 -1.01811 10.4825 -3.73712 0 5.22546 -1.18466 0.297555 -8.69649 -0.17919 0 5.77894 1.10239 0.31372 -6.27247 -0.0692651 -1.0557e-17 6.16289 0.118334 0.269096 -1.89388 -0.0159272 -1.13649e-17 6.69386 -0.456341 0.266049 5.00042 0.0194766 -2.02997e-17 7.82529 -1.54945 0.20875 8.74633 -0.0400853 -2.60628e-17 9.77186 -0.940923 0.0461863 10.6287 -0.142661 -2.98794e-17 10.8563 1.62248 0.0558021 -0.316602 0.0821695 -1.32927e-17 4.92478 0.736013 -0.0165038 11.2116 0.0772596 -1.86396e-17 4.96043 0.433981 1.566 -6.20583 -0.0706211 -2.06766e-17 4.97002 0.787173 -0.824097 -6.63148 2.11892 1.26863 -7.82717 7.75148 10.6675 -5.85156 7.9266 13.3291 3.34342 -3.36319 -52.5259 -6.52238 -11.6151 30.0522 0.0615366 0.141 4.68582 -0.935771 -23.1677 24.9344 0.0510561 0.116988 162.34 -84.835 161.827 -1.26863 -7.82715 7.75138 -9.38237 -6.35031 -7.10371 -13.3291 3.34342 -3.36319 37.9047 -28.5373 -2.13886 -30.0522 0.0615366 0.141 -5.77415 -1.46103 28.9708 -24.9344 0.0510559 0.116988 6.23889 -77.4535 1.97332 9.50369 -4.32711 2.09145 13.9418 -21.5209 -2.71331 -0.876987 -39.8926 -0.674123 -5.21567 18.9427 0.536604 -2.39345 -41.5694 -6.22357 -7.5297 -7.37699 16.2409 0.801613 -10.1701 12.8571 2.53125e-17 -7.95124e-16 1.24095e-17 -9.50369 -4.32711 2.09145 -0.650512 -18.1922 14.5565 0.876987 -39.8926 -0.674123 4.11209 15.1137 -0.280225 2.39345 -41.5694 -6.22357 -2.11946 -7.6074 -15.6211 -0.801613 -10.1701 12.8571 -1.98785e-16 -5.8393e-16 -1.27595e-14 
24.7733 108.685 -125.077 -1.2933 10.6565 -3.87384 0 5.22546 -1.18466 0.316161 -8.34433 -0.0480209 0 5.77894 1.10239 0.303055 -6.00187 0.0560448 -1.0557e-17 6.16289 0.118334 0.237489 -1.74884 0.104945 -1.13649e-17 6.69386 -0.456341 0.206679 4.89953 0.144488 -2.02997e-17 7.82529 -1.54945 0.159383 8.47206 0.0851823 -2.60628e-17 9.77186 -0.940923 0.0224004 10.3245 0.0107017 -2.98794e-17 10.8563 1.62248 0.0623019 -0.302142 0.0965264 -1.32927e-17 4.92478 0.736013 -0.0350984 12.2968 -0.0378864 -1.86396e-17 4.96043 0.433981 1.52487 -6.31275 -0.12758 -2.06766e-17 4.97002 0.787173 -0.0689656 -7.0952 2.05285 1.26863 -7.82717 7.75148 12.2851 -6.27482 8.5594 13.3291 3.34342 -3.36319 -49.6991 -9.55823 -12.2013 30.0522 0.0615366 0.141 5.22918 -1.1811 -26.0316 24.9344 0.0510561 0.116988 147.65 -87.3115 147.463 -1.26863 -7.82715 7.75138 -11.4766 -6.62638 -7.86161 -13.3291 3.34342 -3.36319 35.0547 -30.8366 -1.61071 -30.0522 0.0615366 0.141 -5.69421 -1.41772 28.5346 -24.9344 0.0510559 0.116988 7.12037 -76.0181 3.46096 9.50369 -4.32711 2.09145 16.3621 -20.27 0.0132359 -0.876987 -39.8926 -0.674123 -4.71838 17.2353 0.412049 -2.39345 -41.5694 -6.22357 -9.46948 -7.5972 16.178 0.801613 -10.1701 12.8571 2.48481e-17 -7.95139e-16 1.2424e-17 -9.50369 -4.32711 2.09145 -1.33941 -17.7339 14.2686 0.876987 -39.8926 -0.674123 3.46103 12.7919 -0.163784 2.39345 -41.5694 -6.22357 -0.509635 -6.40784 -15.6726 -0.801613 -10.1701 12.8571 -1.98785e-16 -5.8393e-16 -1.27595e-14 
24.8803 108.677 -124.511 -1.67902 10.1143 -4.00558 0 5.22546 -1.18466 0.389473 -7.53769 0.039402 0 5.77894 1.10239 0.358422 -5.35424 0.13621 -1.0557e-17 6.16289 0.118334 0.26377 -1.43153 0.181426 -1.13649e-17 6.69386 -0.456341 0.200157 4.66555 0.21999 -2.02997e-17 7.82529 -1.54945 0.144402 7.84888 0.152082 -2.60628e-17 9.77186 -0.940923 0.0121305 9.54017 0.102007 -2.98794e-17 10.8563 1.62248 0.0583327 -0.24898 0.108204 -1.32927e-17 4.92478 0.736013 -0.0178068 13.192 -0.101317 -1.86396e-17 4.96043 0.433981 1.39777 -5.84422 -0.162653 -2.06766e-17 4.97002 0.787173 0.397698 -6.75223 2.0768 1.26863 -7.82717 7.75148 13.9719 -6.3613 9.03572 13.3291 3.34342 -3.36319 -47.7056 -12.9452 -11.9285 30.0522 0.0615366 0.141 5.88455 -1.52229 -29.5778 24.9344 0.0510561 0.116988 45.7837 -88.2422 45.6678 -1.26863 -7.82715 7.75138 -14.1779 -6.55728 -8.64625 -13.3291 3.34342 -3.36319 32.3138 -31.7125 -1.62804 -30.0522 0.0615366 0.141 -5.76829 -1.45783 28.9387 -24.9344 0.0510559 0.116988 7.15425 -75.2001 4.13819 9.50369 -4.32711 2.09145 18.3273 -18.0589 1.39476 -0.876987 -39.8926 -0.674123 -4.10684 15.0952 0.279182 -2.39345 -41.5694 -6.22357 -10.9993 -7.46849 16.0553 0.801613 -10.1701 12.8571 2.48481e-17 -7.95139e-16 1.2424e-17 -9.50369 -4.32711 2.09145 -1.84453 -16.5373 14.7677 0.876987 -39.8926 -0.674123 2.93117 10.8735 -0.0886257 2.39345 -41.5694 -6.22357 1.18033 -4.67239 -15.709 -0.801613 -10.1701 12.8571 -1.98785e-16 -5.8393e-16 -1.27595e-14 
25.0775 108.178 -123.871 -1.98394 8.81329 -4.08413 0 5.22546 -1.18466 0.424506 -6.37264 0.0868955 0 5.77894 1.10239 0.391669 -4.41239 0.166011 -1.0557e-17 6.16289 0.118334 0.280955 -0.951553 0.20876 -1.13649e-17 6.69386 -0.456341 0.198826 4.38838 0.242397 -2.02997e-17 7.82529 -1.54945 0.134205 7.05024 0.166751 -2.60628e-17 9.77186 -0.940923 0.0031274 8.48705 0.140117 -2.98794e-17 10.8563 1.62248 0.0483786 -0.175196 0.112181 -1.32927e-17 4.92478 0.736013 0.0031399 13.7951 -0.0331036 -1.86396e-17 4.96043 0.433981 1.22316 -5.40071 -0.13488 -2.06766e-17 4.97002 0.787173 0.656714 -6.265 2.01184 1.26863 -7.82717 7.75148 15.8896 -6.20041 9.47461 13.3291 3.34342 -3.36319 -46.4498 -16.7763 -11.2493 30.0522 0.0615366 0.141 6.6575 -1.99487 -33.9212 24.9344 0.0510561 0.116988 11.7862 -84.6731 11.7598 -1.26863 -7.82715 7.75138 -17.3194 -6.19374 -9.4911 -13.3291 3.34342 -3.36319 29.9882 -31.8785 -1.88515 -30.0522 0.0615366 0.141 -6.04827 -1.61564 30.4801 -24.9344 0.0510559 0.116988 6.27545 -74.6227 3.79593 9.50369 -4.32711 2.09145 19.8123 -15.3126 1.24024 -0.876987 -39.8926 -0.674123 -3.55026 13.1125 0.178183 -2.39345 -41.5694 -6.22357 -12.621 -7.26878 15.8419 0.801613 -10.1701 12.8571 -3.72257e-16 -8.07548e-16 2.48336e-17 -9.50369 -4.32711 2.09145 -2.3007 -14.6736 16.5586 0.876987 -39.8926 -0.674123 2.60346 9.67607 -0.0510769 2.39345 -41.5694 -6.22357 2.70915 -3.38997 -15.7699 -0.801613 -10.1701 12.8571 -1.98785e-16 -5.8393e-16 -1.27595e-14 
25.2972 107.189 -123.266 -2.08627 7.32468 -3.98348 0 5.22546 -1.18466 0.35053 -5.04554 0.0924637 0 5.77894 1.10239 0.341685 -3.35821 0.138604 -1.0557e-17 6.16289 0.118334 0.247256 -0.412443 0.184331 -1.13649e-17 6.69386 -0.456341 0.17771 4.09047 0.213263 -2.02997e-17 7.82529 -1.54945 0.121906 6.18991 0.136317 -2.60628e-17 9.77186 -0.940923 0.00302617 7.32881 0.127477 -2.98794e-17 10.8563 1.62248 0.0375341 -0.0923633 0.117026 -1.32927e-17 4.92478 0.736013 0.0393557 14.0898 0.0443809 -1.86396e-17 4.96043 0.433981 1.17034 -4.97528 -0.0980164 -2.06766e-17 4.97002 0.787173 0.834248 -6.02114 2.04142 1.26863 -7.82717 7.75148 18.0815 -5.86295 9.99204 13.3291 3.34342 -3.36319 -45.6734 -20.8068 -10.3415 30.0522 0.0615366 0.141 7.56137 -2.65851 -39.2894 24.9344 0.0510561 0.116988 5.82448 -81.0813 6.1386 -1.26863 -7.82715 7.75138 -20.528 -5.60459 -10.3449 -13.3291 3.34342 -3.36319 27.938 -32.4748 -2.35664 -30.0522 0.0615366 0.141 -6.54151 -1.91862 33.2547 -24.9344 0.0510559 0.116988 4.5038 -73.6635 2.37598 9.50369 -4.32711 2.09145 21.0141 -13.0564 0.016185 -0.876987 -39.8926 -0.674123 -3.23432 11.9739 0.129453 -2.39345 -41.5694 -6.22357 -14.3845 -7.05476 15.6062 0.801613 -10.1701 12.8571 8.18593e-16 -7.57925e-16 -2.479e-17 -9.50369 -4.32711 2.09145 -2.80474 -12.7914 19.0747 0.876987 -39.8926 -0.674123 2.51567 9.35404 -0.042187 2.39345 -41.5694 -6.22357 4.10496 -2.88488 -15.8663 -0.801613 -10.1701 12.8571 -9.92994e-16 -5.46701e-16 -1.27223e-14 
25.4973 105.78 -122.722 -2.05413 5.98054 -3.70492 0 5.22546 -1.18466 0.197343 -3.78779 0.0705223 0 5.77894 1.10239 0.236937 -2.38105 0.0695864 -1.0557e-17 6.16289 0.118334 0.186935 0.0806917 0.127067 -1.13649e-17 6.69386 -0.456341 0.154569 3.7972 0.15372 -2.02997e-17 7.82529 -1.54945 0.126679 5.38637 0.0800706 -2.60628e-17 9.77186 -0.940923 0.0330516 6.22918 0.0792214 -2.98794e-17 10.8563 1.62248 0.0308815 -0.0116787 0.125854 -1.32927e-17 4.92478 0.736013 0.127427 14.1326 0.132356 -1.86396e-17 4.96043 0.433981 1.33334 -4.39332 -0.0465359 -2.06766e-17 4.97002 0.787173 0.841568 -5.81829 2.0608 1.26863 -7.82717 7.75148 20.3472 -5.43029 10.5762 13.3291 3.34342 -3.36319 -45.3348 -24.7329 -9.46978 30.0522 0.0615366 0.141 8.53146 -3.5343 -45.5358 24.9344 0.0510561 0.116988 3.96756 -77.4709 4.65615 -1.26863 -7.82715 7.75138 -23.5465 -4.92296 -11.1746 -13.3291 3.34342 -3.36319 26.1036 -34.1247 -2.8594 -30.0522 0.0615366 0.141 -7.23375 -2.40268 37.2996 -24.9344 0.0510559 0.116988 0.96029 -71.715 -0.933608 9.50369 -4.32711 2.09145 22.0359 -11.7104 -2.1391 -0.876987 -39.8926 -0.674123 -3.22779 11.9503 0.128512 -2.39345 -41.5694 -6.22357 -15.9328 -6.89846 15.4452 0.801613 -10.1701 12.8571 1.21709e-15 -7.45457e-16 -3.72576e-17 -9.50369 -4.32711 2.09145 -3.12007 -11.3549 22.2249 0.876987 -39.8926 -0.674123 2.71976 10.1019 -0.0636162 2.39345 -41.5694 -6.22357 5.22071 -2.65889 -15.9982 -0.801613 -10.1701 12.8571 -9.93923e-16 -5.46658e-16 -1.27222e-14 
25.6453 103.989 -122.191 -1.94152 4.98851 -3.31893 0 5.22546 -1.18466 -0.00986722 -2.78935 0.0344487 0 5.77894 1.10239 0.0964411 -1.62487 -0.031087 -1.0557e-17 6.16289 0.118334 0.111727 0.438872 0.0472229 -1.13649e-17 6.69386 -0.456341 0.133112 3.51423 0.0742215 -2.02997e-17 7.82529 -1.54945 0.14782 4.71071 0.0103129 -2.60628e-17 9.77186 -0.940923 0.090535 5.28768 0.0127785 -2.98794e-17 10.8563 1.62248 0.0299592 0.0562803 0.134871 -1.32927e-17 4.92478 0.736013 0.243477 14.013 0.265289 -1.86396e-17 4.96043 0.433981 1.58824 -3.69986 0.0334344 -2.06766e-17 4.97002 0.787173 0.684188 -5.54407 1.99573 1.26863 -7.82717 7.75148 22.5671 -5.0062 11.2174 13.3291 3.34342 -3.36319 -45.673 -28.6933 -9.06433 30.0522 0.0615366 0.141 9.4481 -4.56918 -52.1322 24.9344 0.0510561 0.116988 3.49373 -73.0717 4.27932 -1.26863 -7.82715 7.75138 -26.1359 -4.33942 -11.9711 -13.3291 3.34342 -3.36319 24.5361 -37.4208 -3.05486 -30.0522 0.0615366 0.141 -8.07184 -3.09534 42.4992 -24.9344 0.0510559 0.116988 -3.30822 -68.0069 -5.18259 9.50369 -4.32711 2.09145 22.8285 -11.3726 -5.39673 -0.876987 -39.8926 -0.674123 -3.53284 13.05 0.175332 -2.39345 -41.5694 -6.22357 -17.1178 -6.76391 15.4495 0.801613 -10.1701 12.8571 2.01176e-15 -7.08214e-16 -7.45003e-17 -9.50369 -4.32711 2.09145 -3.04775 -10.4283 26.0525 0.876987 -39.8926 -0.674123 3.15652 11.6922 -0.118419 2.39345 -41.5694 -6.22357 6.11434 -2.48344 -16.2131 -0.801613 -10.1701 12.8571 -9.93923e-16 -5.46658e-16 -1.27222e-14 
25.7568 101.833 -121.664 -1.64511 4.15208 -2.77896 0 5.22546 -1.18466 -0.31386 -2.04615 0.0142015 0 5.77894 1.10239 -0.13143 -1.09701 -0.13844 -1.0557e-17 6.16289 0.118334 -0.0308539 0.645676 -0.0325054 -1.13649e-17 6.69386 -0.456341 0.0593901 3.21005 -0.00291716 -2.02997e-17 7.82529 -1.54945 0.136484 4.11351 -0.0448232 -2.60628e-17 9.77186 -0.940923 0.138397 4.4595 -0.0367335 -2.98794e-17 10.8563 1.62248 0.0357302 0.123741 0.139195 -1.32927e-17 4.92478 0.736013 0.324403 13.8802 0.571335 -1.86396e-17 4.96043 0.433981 1.7393 -3.15958 0.195152 -2.06766e-17 4.97002 0.787173 0.74457 -5.04538 1.53705 1.26863 -7.82717 7.75148 24.6096 -4.66726 11.8688 13.3291 3.34342 -3.36319 -46.3761 -32.6563 -9.67449 30.0522 0.0615366 0.141 10.1947 -5.62827 -58.3078 24.9344 0.0510561 0.116988 1.79803 -68.2903 2.64667 -1.26863 -7.82715 7.75138 -28.1988 -3.895 -12.7064 -13.3291 3.34342 -3.36319 23.1208 -41.9652 -2.84476 -30.0522 0.0615366 0.141 -8.91055 -3.93353 48.1611 -24.9344 0.0510559 0.116988 -5.56905 -62.5868 -7.79381 9.50369 -4.32711 2.09145 22.9396 -11.7787 -10.2002 -0.876987 -39.8926 -0.674123 -4.10593 15.092 0.279002 -2.39345 -41.5694 -6.22357 -17.9586 -6.56622 15.7547 0.801613 -10.1701 12.8571 8.21394e-16 -7.57808e-16 -2.49067e-17 -9.50369 -4.32711 2.09145 -3.00894 -9.25338 29.3837 0.876987 -39.8926 -0.674123 3.67388 13.5555 -0.198953 2.39345 -41.5694 -6.22357 7.1001 -2.91107 -16.4906 -0.801613 -10.1701 12.8571 5.94477e-16 -6.21114e-16 -1.27967e-14 
25.8924 99.3155 -121.214 -1.02614 3.14036 -1.98892 0 5.22546 -1.18466 -0.72217 -1.40018 0.0234676 0 5.77894 1.10239 -0.467139 -0.687989 -0.230294 -1.0557e-17 6.16289 0.118334 -0.268602 0.764152 -0.0954073 -1.13649e-17 6.69386 -0.456341 -0.0982254 2.8745 -0.0618035 -2.02997e-17 7.82529 -1.54945 0.0594131 3.51516 -0.0711006 -2.60628e-17 9.77186 -0.940923 0.145407 3.65889 -0.0579047 -2.98794e-17 10.8563 1.62248 0.0525975 0.220704 0.147968 -1.32927e-17 4.92478 0.736013 0.376907 13.9869 0.899089 -1.86396e-17 4.96043 0.433981 1.8208 -2.88662 0.363876 -2.06766e-17 4.97002 0.787173 1.10507 -4.41459 0.678125 1.26863 -7.82717 7.75148 26.2821 -4.40396 12.5324 13.3291 3.34342 -3.36319 -46.8613 -35.8974 -11.5959 30.0522 0.0615366 0.141 10.773 -6.65815 -63.9346 24.9344 0.0510561 0.116988 -0.345895 -64.605 0.710431 -1.26863 -7.82715 7.75138 -29.7538 -3.53929 -13.3638 -13.3291 3.34342 -3.36319 21.425 -46.9235 -2.54096 -30.0522 0.0615366 0.141 -9.64823 -4.8301 53.6976 -24.9344 0.0510559 0.116988 -5.09661 -56.6783 -7.93623 9.50369 -4.32711 2.09145 22.0248 -12.3831 -16.1141 -0.876987 -39.8926 -0.674123 -4.86135 17.7294 0.446359 -2.39345 -41.5694 -6.22357 -18.5166 -6.49767 16.4081 0.801613 -10.1701 12.8571 2.57865e-17 -7.95095e-16 1.23801e-17 -9.50369 -4.32711 2.09145 -3.7036 -7.45126 29.5872 0.876987 -39.8926 -0.674123 4.40036 16.1277 -0.340126 2.39345 -41.5694 -6.22357 7.5872 -4.71985 -16.6538 -0.801613 -10.1701 12.8571 -9.92047e-16 -5.46746e-16 -1.27223e-14 
25.978 96.4749 -120.855 -0.269032 1.70175 -1.45765 0 5.22546 -1.18466 -1.06468 -0.953345 0.0641422 0 5.77894 1.10239 -0.736575 -0.396918 -0.280785 -1.0557e-17 6.16289 0.118334 -0.44998 0.883386 -0.114 -1.13649e-17 6.69386 -0.456341 -0.21082 2.69227 -0.0766845 -2.02997e-17 7.82529 -1.54945 0.0266463 3.18236 -0.0591055 -2.60628e-17 9.77186 -0.940923 0.196162 3.19792 -0.058168 -2.98794e-17 10.8563 1.62248 0.0769063 0.307037 0.157479 -1.32927e-17 4.92478 0.736013 0.528622 14.0345 1.04737 -1.86396e-17 4.96043 0.433981 2.20459 -3.02403 0.452777 -2.06766e-17 4.97002 0.787173 0.569061 -4.23502 -0.150747 1.26863 -7.82717 7.75148 27.5676 -4.276 13.3097 13.3291 3.34342 -3.36319 -47.3469 -37.8387 -15.0614 30.0522 0.0615366 0.141 11.224 -7.67729 -69.2462 24.9344 0.0510561 0.116988 0.769839 -62.0568 1.69109 -1.26863 -7.82715 7.75138 -30.869 -3.34879 -14.119 -13.3291 3.34342 -3.36319 19.8524 -52.222 -0.937753 -30.0522 0.0615366 0.141 -10.2449 -5.70874 58.7578 -24.9344 0.0510559 0.116988 -2.93872 -51.0967 -6.26413 9.50369 -4.32711 2.09145 20.7583 -12.1986 -21.1393 -0.876987 -39.8926 -0.674123 -5.72411 20.655 0.678865 -2.39345 -41.5694 -6.22357 -18.2669 -7.15419 17.0606 0.801613 -10.1701 12.8571 -1.16645e-15 -8.44776e-16 6.20616e-17 -9.50369 -4.32711 2.09145 -4.11766 -5.39415 29.7755 0.876987 -39.8926 -0.674123 5.28727 19.1859 -0.555733 2.39345 -41.5694 -6.22357 6.19576 -7.71687 -16.6153 -0.801613 -10.1701 12.8571 1.97377e-16 -5.96295e-16 -1.27719e-14 
26.0198 93.3019 -120.538 0.280765 -0.262449 -1.39616 0 5.22546 -1.18466 -1.34719 -0.314144 0.0975203 0 5.77894 1.10239 -0.958699 0.0295273 -0.326581 -1.0557e-17 6.16289 0.118334 -0.595349 1.06515 -0.132106 -1.13649e-17 6.69386 -0.456341 -0.290786 2.47282 -0.0947679 -2.02997e-17 7.82529 -1.54945 0.0176201 2.74039 -0.0491763 -2.60628e-17 9.77186 -0.940923 0.259909 2.58914 -0.064765 -2.98794e-17 10.8563 1.62248 0.0876125 0.420043 0.166077 -1.32927e-17 4.92478 0.736013 0.639336 14.0552 0.990643 -1.86396e-17 4.96043 0.433981 2.5063 -3.13763 0.445635 -2.06766e-17 4.97002 0.787173 0.0319274 -4.03755 -0.0668655 1.26863 -7.82717 7.75148 28.9378 -3.98706 13.9851 13.3291 3.34342 -3.36319 -48.4435 -39.117 -19.0728 30.0522 0.0615366 0.141 11.5347 -8.58234 -73.8117 24.9344 0.0510561 0.116988 2.13922 -58.7559 2.40943 -1.26863 -7.82715 7.75138 -31.629 -3.07276 -14.8755 -13.3291 3.34342 -3.36319 19.5165 -57.5037 2.77984 -30.0522 0.0615366 0.141 -10.6871 -6.48903 63.0298 -24.9344 0.0510559 0.116988 0.345828 -46.2353 -3.38756 9.50369 -4.32711 2.09145 19.7849 -11.3126 -24.5012 -0.876987 -39.8926 -0.674123 -7.11743 25.1581 1.14264 -2.39345 -41.5694 -6.22357 -17.8729 -8.6022 17.5115 0.801613 -10.1701 12.8571 3.20024e-15 -6.58694e-16 -1.2402e-16 -9.50369 -4.32711 2.09145 -3.88982 -3.79709 30.6324 0.876987 -39.8926 -0.674123 6.63605 23.6351 -0.970508 2.39345 -41.5694 -6.22357 4.89934 -11.4712 -16.6327 -0.801613 -10.1701 12.8571 -5.95416e-16 -5.59126e-16 -1.27471e-14 
25.846 89.791 -119.443 0.132857 -3.35293 -1.25771 0 5.22546 -1.18466 -1.45025 0.387664 0.156076 0 5.77894 1.10239 -1.03248 0.517796 -0.296604 -1.0557e-17 6.16289 0.118334 -0.640382 1.31134 -0.0735895 -1.13649e-17 6.69386 -0.456341 -0.319466 2.27241 -0.0289649 -2.02997e-17 7.82529 -1.54945 0.0314402 2.29287 0.0315239 -2.60628e-17 9.77186 -0.940923 0.325771 1.97979 -0.01112 -2.98794e-17 10.8563 1.62248 0.0897736 0.56362 0.189648 -1.32927e-17 4.92478 0.736013 0.71186 14.249 0.65998 -1.86396e-17 4.96043 0.433981 2.68338 -2.78263 0.305495 -2.06766e-17 4.97002 0.787173 0.156925 -2.80744 0.142562 1.26863 -7.82717 7.75148 29.96 -3.80609 14.378 13.3291 3.34342 -3.36319 -50.8727 -39.6456 -24.5916 30.0522 0.0615366 0.141 11.7326 -9.33083 -77.5109 24.9344 0.0510561 0.116988 1.77936 -53.8609 1.42988 -1.26863 -7.82715 7.75138 -32.0462 -2.74191 -15.426 -13.3291 3.34342 -3.36319 20.4243 -61.4241 7.49818 -30.0522 0.0615366 0.141 -11.0411 -7.23259 66.9534 -24.9344 0.0510559 0.116988 3.46174 -42.3745 0.109387 9.50369 -4.32711 2.09145 19.3427 -9.08452 -27.2293 -0.876987 -39.8926 -0.674123 -8.51349 29.3682 1.70857 -2.39345 -41.5694 -6.22357 -16.5689 -12.7275 16.9762 0.801613 -10.1701 12.8571 2.86017e-17 -7.94977e-16 1.22628e-17 -9.50369 -4.32711 2.09145 -3.09106 -1.61905 31.2819 0.876987 -39.8926 -0.674123 8.37879 28.9757 -1.64981 2.39345 -41.5694 -6.22357 1.13808 -20.5404 -16.5688 -0.801613 -10.1701 12.8571 -1.99254e-16 -5.83901e-16 -1.27595e-14 
25.9085 87.3973 -118.651 -1.62177 -7.68642 -0.980939 0 5.22546 -1.18466 -1.00622 0.64933 0.131173 0 5.77894 1.10239 -0.61575 0.809882 -0.251004 -1.0557e-17 6.16289 0.118334 -0.295988 1.7096 0.00744996 -1.13649e-17 6.69386 -0.456341 -0.051863 2.71685 0.0718396 -2.02997e-17 7.82529 -1.54945 0.216156 2.83241 0.104482 -2.60628e-17 9.77186 -0.940923 0.441283 2.6618 0.00767666 -2.98794e-17 10.8563 1.62248 0.0923032 0.607026 0.205455 -1.32927e-17 4.92478 0.736013 0.818917 14.972 -0.0568596 -1.86396e-17 4.96043 0.433981 2.65495 -2.71727 -0.0152037 -2.06766e-17 4.97002 0.787173 0.19851 -1.24991 0.756479 1.26863 -7.82717 7.75148 30.0596 -4.65224 15.0686 13.3291 3.34342 -3.36319 -56.2672 -39.0632 -33.6789 30.0522 0.0615366 0.141 11.8635 -9.98289 -80.6938 24.9344 0.0510561 0.116988 0.535097 -47.2972 0.787776 -1.26863 -7.82715 7.75138 -31.9295 -3.32737 -15.9406 -13.3291 3.34342 -3.36319 24.9776 -64.6478 15.9619 -30.0522 0.0615366 0.141 -11.4171 -8.21119 71.9528 -24.9344 0.0510559 0.116988 4.06538 -38.9369 1.24676 9.50369 -4.32711 2.09145 20.9844 -5.54382 -28.6024 -0.876987 -39.8926 -0.674123 -9.60436 32.4371 2.21492 -2.39345 -41.5694 -6.22357 -15.247 -16.1567 16.6302 0.801613 -10.1701 12.8571 4.21948e-16 -7.82729e-16 1.46625e-20 -9.50369 -4.32711 2.09145 -1.42308 3.10636 30.5642 0.876987 -39.8926 -0.674123 9.02002 30.8175 -1.93703 2.39345 -41.5694 -6.22357 -1.99708 -25.4463 -16.896 -0.801613 -10.1701 12.8571 1.78672e-15 -6.70796e-16 -1.28464e-14 
25.9275 86.1925 -117.857 -2.77674 -10.5244 -1.02908 0 5.22546 -1.18466 -0.514101 -0.851425 0.136274 0 5.77894 1.10239 -0.191761 -0.0668783 -0.16784 -1.0557e-17 6.16289 0.118334 0.0366769 1.70539 0.112601 -1.13649e-17 6.69386 -0.456341 0.176356 3.96244 0.194259 -2.02997e-17 7.82529 -1.54945 0.338679 4.9742 0.20292 -2.60628e-17 9.77186 -0.940923 0.480829 5.42284 0.0732097 -2.98794e-17 10.8563 1.62248 0.0957068 0.403486 0.168635 -1.32927e-17 4.92478 0.736013 0.851601 16.2183 -0.589327 -1.86396e-17 4.96043 0.433981 2.45539 -3.34597 -0.260845 -2.06766e-17 4.97002 0.787173 -0.0169676 -2.39873 1.11592 1.26863 -7.82717 7.75148 29.1083 -6.58343 15.9876 13.3291 3.34342 -3.36319 -62.2388 -37.2668 -43.3383 30.0522 0.0615366 0.141 11.9863 -10.9213 -85.2341 24.9344 0.0510561 0.116988 0.0581092 -40.7018 2.46765 -1.26863 -7.82715 7.75138 -31.1921 -4.97897 -16.6043 -13.3291 3.34342 -3.36319 34.7528 -65.8287 29.9275 -30.0522 0.0615366 0.141 -11.7194 -9.27396 77.2311 -24.9344 0.0510559 0.116988 2.79246 -34.6905 0.420837 9.50369 -4.32711 2.09145 22.1873 -2.56562 -29.2082 -0.876987 -39.8926 -0.674123 -9.80506 32.9804 2.31378 -2.39345 -41.5694 -6.22357 -15.0472 -17.4954 16.656 0.801613 -10.1701 12.8571 -3.71783e-16 -8.07533e-16 2.48188e-17 -9.50369 -4.32711 2.09145 -0.387902 6.08718 29.9353 0.876987 -39.8926 -0.674123 9.35304 31.7474 -2.09356 2.39345 -41.5694 -6.22357 -4.13539 -27.8538 -17.4355 -0.801613 -10.1701 12.8571 -5.93539e-16 -5.59214e-16 -1.27472e-14 
25.519 85.6035 -116.869 -2.85262 -5.88288 -1.93837 0 5.22546 -1.18466 -0.314604 -3.879 0.178713 0 5.77894 1.10239 -0.0554635 -2.35752 -0.0830644 -1.0557e-17 6.16289 0.118334 0.134063 0.601924 0.195115 -1.13649e-17 6.69386 -0.456341 0.217098 4.77289 0.274906 -2.02997e-17 7.82529 -1.54945 0.326082 7.06971 0.272863 -2.60628e-17 9.77186 -0.940923 0.426788 8.29369 0.13298 -2.98794e-17 10.8563 1.62248 0.110811 0.0499718 0.089578 -1.32927e-17 4.92478 0.736013 0.779224 17.3015 -0.458251 -1.86396e-17 4.96043 0.433981 2.55345 -4.04002 -0.192607 -2.06766e-17 4.97002 0.787173 -0.286883 -7.98379 1.54004 1.26863 -7.82717 7.75148 28.1342 -7.97959 16.9882 13.3291 3.34342 -3.36319 -63.5895 -37.1408 -46.9196 30.0522 0.0615366 0.141 12.0305 -12.2451 -91.6137 24.9344 0.0510561 0.116988 1.8495 -37.7553 4.3413 -1.26863 -7.82715 7.75138 -30.0924 -6.43529 -17.2752 -13.3291 3.34342 -3.36319 44.3193 -65.4306 42.3595 -30.0522 0.0615366 0.141 -11.8791 -10.0756 81.1435 -24.9344 0.0510559 0.116988 0.629906 -30.4181 -0.946952 9.50369 -4.32711 2.09145 22.9886 -6.17822 -26.2175 -0.876987 -39.8926 -0.674123 -10.0193 33.553 2.42116 -2.39345 -41.5694 -6.22357 -15.3456 -19.1968 16.0433 0.801613 -10.1701 12.8571 8.18579e-16 -7.57925e-16 -2.47894e-17 -9.50369 -4.32711 2.09145 -0.0257451 0.908438 30.6813 0.876987 -39.8926 -0.674123 9.91476 33.2746 -2.36854 2.39345 -41.5694 -6.22357 -4.28916 -30.614 -18.0931 -0.801613 -10.1701 12.8571 5.94946e-16 -6.21129e-16 -1.27967e-14 
25.0289 85.7684 -115.577 -1.43275 -5.65097 -2.84844 0 5.22546 -1.18466 -0.773852 -5.35998 0.312676 0 5.77894 1.10239 -0.51 -3.54031 -0.0142184 -1.0557e-17 6.16289 0.118334 -0.262752 -0.0907728 0.241006 -1.13649e-17 6.69386 -0.456341 -0.118534 4.83563 0.300626 -2.02997e-17 7.82529 -1.54945 0.0870638 7.59857 0.342643 -2.60628e-17 9.77186 -0.940923 0.295124 9.1144 0.23147 -2.98794e-17 10.8563 1.62248 0.0946172 -0.0670025 0.0416169 -1.32927e-17 4.92478 0.736013 0.670682 17.253 -0.344721 -1.86396e-17 4.96043 0.433981 2.71332 -3.87929 -0.143072 -2.06766e-17 4.97002 0.787173 0.320549 -7.33896 2.26235 1.26863 -7.82717 7.75148 27.2257 -8.11351 16.2835 13.3291 3.34342 -3.36319 -60.0146 -38.4475 -45.7998 30.0522 0.0615366 0.141 11.9986 -12.8733 -94.6533 24.9344 0.0510561 0.116988 1.30425 -38.3687 5.25115 -1.26863 -7.82715 7.75138 -29.2833 -6.76359 -16.9597 -13.3291 3.34342 -3.36319 43.1047 -63.1034 42.3918 -30.0522 0.0615366 0.141 -11.8742 -10.0462 81.0008 -24.9344 0.0510559 0.116988 0.553508 -31.459 -0.0222514 9.50369 -4.32711 2.09145 22.3603 -4.81796 -23.3955 -0.876987 -39.8926 -0.674123 -9.44042 31.9884 2.13545 -2.39345 -41.5694 -6.22357 -16.1678 -17.9761 15.629 0.801613 -10.1701 12.8571 2.01129e-15 -7.08229e-16 -7.44856e-17 -9.50369 -4.32711 2.09145 -1.3364 -0.177006 31.9844 0.876987 -39.8926 -0.674123 10.4589 34.7047 -2.64749 2.39345 -41.5694 -6.22357 -2.68192 -30.6496 -17.989 -0.801613 -10.1701 12.8571 -1.38915e-15 -5.34336e-16 -1.27099e-14 
24.5888 86.4416 -114.557 -0.581818 -6.79526 -2.43204 0 5.22546 -1.18466 -0.980281 -5.89838 0.330777 0 5.77894 1.10239 -0.711425 -3.89258 -0.0338995 -1.0557e-17 6.16289 0.118334 -0.434538 -0.233809 0.188738 -1.13649e-17 6.69386 -0.456341 -0.254211 4.9754 0.229917 -2.02997e-17 7.82529 -1.54945 -0.00831157 7.92513 0.298581 -2.60628e-17 9.77186 -0.940923 0.235435 9.51386 0.219492 -2.98794e-17 10.8563 1.62248 0.0705064 -0.155092 0.0505784 -1.32927e-17 4.92478 0.736013 0.587155 16.8172 -0.463029 -1.86396e-17 4.96043 0.433981 2.47469 -4.11221 -0.219613 -2.06766e-17 4.97002 0.787173 0.828121 -5.68352 2.13655 1.26863 -7.82717 7.75148 26.5181 -8.02205 15.3504 13.3291 3.34342 -3.36319 -56.0205 -39.4277 -43.142 30.0522 0.0615366 0.141 12.0025 -12.8215 -94.402 24.9344 0.0510561 0.116988 2.07961 -40.8426 5.43203 -1.26863 -7.82715 7.75138 -28.4709 -7.16806 -16.2469 -13.3291 3.34342 -3.36319 39.5183 -61.368 39.8388 -30.0522 0.0615366 0.141 -11.669 -9.06773 76.2165 -24.9344 0.0510559 0.116988 1.99018 -31.7931 3.03666 9.50369 -4.32711 2.09145 21.4963 -3.23188 -23.1878 -0.876987 -39.8926 -0.674123 -8.90342 30.4876 1.8834 -2.39345 -41.5694 -6.22357 -16.1147 -15.2923 16.047 0.801613 -10.1701 12.8571 -1.95831e-15 -8.81902e-16 9.91871e-17 -9.50369 -4.32711 2.09145 -2.19368 0.45248 31.7319 0.876987 -39.8926 -0.674123 10.6065 35.0842 -2.72518 2.39345 -41.5694 -6.22357 -1.59368 -28.3486 -17.6888 -0.801613 -10.1701 12.8571 1.38821e-15 -6.45918e-16 -1.28339e-14 
24.0273 87.7205 -114.06 -0.661202 -5.98201 -1.53881 0 5.22546 -1.18466 -1.04927 -6.75524 0.305757 0 5.77894 1.10239 -0.773364 -4.53439 -0.0613406 -1.0557e-17 6.16289 0.118334 -0.49235 -0.467115 0.144175 -1.13649e-17 6.69386 -0.456341 -0.304969 5.32086 0.182469 -2.02997e-17 7.82529 -1.54945 -0.0626061 8.67927 0.252768 -2.60628e-17 9.77186 -0.940923 0.167186 10.4864 0.196729 -2.98794e-17 10.8563 1.62248 0.0706185 -0.28607 0.035624 -1.32927e-17 4.92478 0.736013 0.48261 16.9826 0.249895 -1.86396e-17 4.96043 0.433981 2.41029 -4.23722 0.0936387 -2.06766e-17 4.97002 0.787173 1.31094 -6.64444 0.674345 1.26863 -7.82717 7.75148 25.4963 -8.69723 14.9186 13.3291 3.34342 -3.36319 -53.9295 -39.9914 -43.4028 30.0522 0.0615366 0.141 12.0324 -12.1426 -91.1195 24.9344 0.0510561 0.116988 2.9659 -42.5647 5.87653 -1.26863 -7.82715 7.75138 -27.7577 -7.77163 -15.5763 -13.3291 3.34342 -3.36319 36.5494 -60.244 35.6882 -30.0522 0.0615366 0.141 -11.4637 -8.35315 72.6658 -24.9344 0.0510559 0.116988 1.55577 -31.815 2.08393 9.50369 -4.32711 2.09145 21.3626 -3.34028 -24.0299 -0.876987 -39.8926 -0.674123 -8.02589 27.9334 1.5 -2.39345 -41.5694 -6.22357 -16.0777 -11.8705 17.0528 0.801613 -10.1701 12.8571 8.16702e-16 -7.58013e-16 -2.47015e-17 -9.50369 -4.32711 2.09145 -2.11706 0.186379 31.0173 0.876987 -39.8926 -0.674123 9.78686 32.9314 -2.30474 2.39345 -41.5694 -6.22357 -0.888878 -25.218 -17.5511 -0.801613 -10.1701 12.8571 -5.94008e-16 -5.59185e-16 -1.27472e-14 
23.5065 89.5343 -114.234 -0.612101 -5.74212 -0.776607 0 5.22546 -1.18466 -1.19716 -7.26311 0.223986 0 5.77894 1.10239 -0.894905 -4.88494 -0.143546 -1.0557e-17 6.16289 0.118334 -0.601799 -0.528499 0.0456146 -1.13649e-17 6.69386 -0.456341 -0.391701 5.6148 0.0804138 -2.02997e-17 7.82529 -1.54945 -0.151621 9.26327 0.15369 -2.60628e-17 9.77186 -0.940923 0.0520645 11.2151 0.12916 -2.98794e-17 10.8563 1.62248 0.0492268 -0.393344 0.0348007 -1.32927e-17 4.92478 0.736013 0.470598 16.5509 0.429365 -1.86396e-17 4.96043 0.433981 2.38158 -4.22478 0.149003 -2.06766e-17 4.97002 0.787173 1.67144 -6.99455 0.691246 1.26863 -7.82717 7.75148 23.6712 -9.37789 13.9786 13.3291 3.34342 -3.36319 -51.025 -40.3116 -43.3491 30.0522 0.0615366 0.141 11.9783 -10.8368 -84.8263 24.9344 0.0510561 0.116988 3.45774 -44.0855 5.63445 -1.26863 -7.82715 7.75138 -26.7103 -8.122 -14.5134 -13.3291 3.34342 -3.36319 28.9573 -57.095 26.6784 -30.0522 0.0615366 0.141 -10.9862 -7.10829 66.3062 -24.9344 0.0510559 0.116988 -0.00292534 -36.0853 2.63061 9.50369 -4.32711 2.09145 21.086 -2.54865 -24.8199 -0.876987 -39.8926 -0.674123 -6.76458 24.0452 1.01526 -2.39345 -41.5694 -6.22357 -16.7601 -6.35776 18.3669 0.801613 -10.1701 12.8571 3.99679e-15 -6.21363e-16 -1.61351e-16 -9.50369 -4.32711 2.09145 -2.44655 0.955664 30.7541 0.876987 -39.8926 -0.674123 8.41169 29.0718 -1.66408 2.39345 -41.5694 -6.22357 1.14604 -21.1559 -17.3272 -0.801613 -10.1701 12.8571 -1.99254e-16 -5.83901e-16 -1.27595e-14 
23.216 91.7995 -114.828 -0.491922 -5.89991 -0.298985 0 5.22546 -1.18466 -1.23773 -7.67522 0.187811 0 5.77894 1.10239 -0.936734 -5.12849 -0.155094 -1.0557e-17 6.16289 0.118334 -0.665388 -0.520423 0.011632 -1.13649e-17 6.69386 -0.456341 -0.468556 5.90547 0.0432693 -2.02997e-17 7.82529 -1.54945 -0.24126 9.78543 0.112988 -2.60628e-17 9.77186 -0.940923 -0.0673721 11.8284 0.122581 -2.98794e-17 10.8563 1.62248 0.0285398 -0.495921 0.0284945 -1.32927e-17 4.92478 0.736013 0.428519 15.7915 0.731324 -1.86396e-17 4.96043 0.433981 2.07804 -4.28962 0.261604 -2.06766e-17 4.97002 0.787173 2.16101 -6.14889 0.544993 1.26863 -7.82717 7.75148 21.0306 -9.93671 12.4144 13.3291 3.34342 -3.36319 -47.3746 -40.2651 -41.6817 30.0522 0.0615366 0.141 11.7125 -9.24501 -77.0896 24.9344 0.0510561 0.116988 3.21886 -46.1601 4.04984 -1.26863 -7.82715 7.75138 -25.2934 -8.4462 -13.0781 -13.3291 3.34342 -3.36319 24.5417 -52.958 19.6342 -30.0522 0.0615366 0.141 -10.482 -6.11033 60.979 -24.9344 0.0510559 0.116988 -0.83325 -40.8479 2.53418 9.50369 -4.32711 2.09145 20.6147 -0.949239 -25.1668 -0.876987 -39.8926 -0.674123 -5.26696 19.117 0.550277 -2.39345 -41.5694 -6.22357 -17.6968 1.51237 20.3512 0.801613 -10.1701 12.8571 -6.72103e-15 -1.09275e-15 2.97629e-16 -9.50369 -4.32711 2.09145 -3.22982 2.74485 30.3493 0.876987 -39.8926 -0.674123 6.63822 23.642 -0.971257 2.39345 -41.5694 -6.22357 3.61851 -15.3436 -17.2773 -0.801613 -10.1701 12.8571 -1.98785e-16 -5.8393e-16 -1.27595e-14 
23.2855 94.2237 -116.154 -0.319878 -5.6279 0.246668 0 5.22546 -1.18466 -1.22737 -8.08449 0.156313 0 5.77894 1.10239 -0.951589 -5.38091 -0.129549 -1.0557e-17 6.16289 0.118334 -0.714896 -0.504625 0.0178184 -1.13649e-17 6.69386 -0.456341 -0.539526 6.25706 0.0519798 -2.02997e-17 7.82529 -1.54945 -0.330842 10.4068 0.113179 -2.60628e-17 9.77186 -0.940923 -0.196655 12.564 0.147538 -2.98794e-17 10.8563 1.62248 0.0102889 -0.600128 0.0274596 -1.32927e-17 4.92478 0.736013 0.395835 15.0741 0.735315 -1.86396e-17 4.96043 0.433981 2.06543 -4.21202 0.239799 -2.06766e-17 4.97002 0.787173 2.51514 -5.77884 0.610813 1.26863 -7.82717 7.75148 18.2038 -10.5094 10.8499 13.3291 3.34342 -3.36319 -44.2149 -39.6984 -40.2924 30.0522 0.0615366 0.141 11.2654 -7.78525 -69.7974 24.9344 0.0510561 0.116988 4.04863 -48.3916 4.08435 -1.26863 -7.82715 7.75138 -23.4942 -8.83654 -11.4648 -13.3291 3.34342 -3.36319 22.5066 -49.9928 13.775 -30.0522 0.0615366 0.141 -10.1475 -5.55349 57.8852 -24.9344 0.0510559 0.116988 -1.66183 -44.6812 0.217574 9.50369 -4.32711 2.09145 20.0485 0.0877797 -24.3843 -0.876987 -39.8926 -0.674123 -3.71422 13.6998 0.205938 -2.39345 -41.5694 -6.22357 -19.148 11.0388 23.1235 0.801613 -10.1701 12.8571 1.60517e-15 -7.33448e-16 -4.92815e-17 -9.50369 -4.32711 2.09145 -4.14931 3.63258 28.9901 0.876987 -39.8926 -0.674123 5.11265 18.5916 -0.509602 2.39345 -41.5694 -6.22357 6.29916 -7.73655 -17.6647 -0.801613 -10.1701 12.8571 -1.98785e-16 -5.8393e-16 -1.27595e-14 
23.7784 96.6223 -118.07 -0.0689241 -4.09462 0.314257 0 5.22546 -1.18466 -1.05077 -8.37827 0.114167 0 5.77894 1.10239 -0.837198 -5.57798 -0.0767439 -1.0557e-17 6.16289 0.118334 -0.665147 -0.579807 0.044011 -1.13649e-17 6.69386 -0.456341 -0.539623 6.37272 0.0794869 -2.02997e-17 7.82529 -1.54945 -0.372983 10.6443 0.12122 -2.60628e-17 9.77186 -0.940923 -0.301122 12.8601 0.163173 -2.98794e-17 10.8563 1.62248 -0.0160983 -0.674196 0.0472431 -1.32927e-17 4.92478 0.736013 0.274628 13.89 0.769449 -1.86396e-17 4.96043 0.433981 2.01896 -3.80597 0.246647 -2.06766e-17 4.97002 0.787173 2.41355 -5.40382 0.438042 1.26863 -7.82717 7.75148 15.351 -10.5942 9.18476 13.3291 3.34342 -3.36319 -40.9667 -38.7805 -37.4484 30.0522 0.0615366 0.141 10.6476 -6.41374 -62.6264 24.9344 0.0510561 0.116988 5.21321 -51.9719 4.10768 -1.26863 -7.82715 7.75138 -21.1049 -8.85206 -9.77394 -13.3291 3.34342 -3.36319 20.7896 -46.7968 8.59679 -30.0522 0.0615366 0.141 -9.73889 -4.95336 54.4265 -24.9344 0.0510559 0.116988 -2.74365 -48.3497 -1.26542 9.50369 -4.32711 2.09145 19.4636 -0.896919 -21.5989 -0.876987 -39.8926 -0.674123 -2.67801 9.94916 0.0590161 -2.39345 -41.5694 -6.22357 -20.1309 17.411 24.803 0.801613 -10.1701 12.8571 1.86406e-14 7.93317e-16 -1.60085e-15 -9.50369 -4.32711 2.09145 -5.2507 2.77691 26.8775 0.876987 -39.8926 -0.674123 3.7648 13.8804 -0.214837 2.39345 -41.5694 -6.22357 8.82614 0.897205 -18.4813 -0.801613 -10.1701 12.8571 -6.55231e-15 -3.10927e-16 -1.24865e-14 
24.5177 99.0518 -119.912 0.125543 -1.51393 -0.165548 0 5.22546 -1.18466 -0.753019 -8.79801 0.07193 0 5.77894 1.10239 -0.62605 -5.90902 -0.00424364 -1.0557e-17 6.16289 0.118334 -0.537063 -0.809005 0.0846918 -1.13649e-17 6.69386 -0.456341 -0.477789 6.36639 0.120624 -2.02997e-17 7.82529 -1.54945 -0.370007 10.7569 0.140384 -2.60628e-17 9.77186 -0.940923 -0.374576 13.0586 0.178595 -2.98794e-17 10.8563 1.62248 -0.0420892 -0.73115 0.0696001 -1.32927e-17 4.92478 0.736013 0.14409 12.3094 0.652366 -1.86396e-17 4.96043 0.433981 2.02542 -3.5284 0.190099 -2.06766e-17 4.97002 0.787173 1.78359 -4.85434 0.493802 1.26863 -7.82717 7.75148 12.4886 -10.4356 7.73039 13.3291 3.34342 -3.36319 -37.9462 -37.5992 -34.4412 30.0522 0.0615366 0.141 9.82729 -5.07695 -55.152 24.9344 0.0510561 0.116988 6.32649 -56.4691 4.40101 -1.26863 -7.82715 7.75138 -18.1547 -8.7035 -8.26372 -13.3291 3.34342 -3.36319 19.9106 -43.9755 5.01176 -30.0522 0.0615366 0.141 -9.17262 -4.23227 50.056 -24.9344 0.0510559 0.116988 -2.71189 -51.8767 -1.13251 9.50369 -4.32711 2.09145 19.5481 -4.49243 -16.5972 -0.876987 -39.8926 -0.674123 -2.86859 10.6454 0.080925 -2.39345 -41.5694 -6.22357 -18.8793 11.4907 22.2091 0.801613 -10.1701 12.8571 1.19103e-14 4.97317e-16 -1.30488e-15 -9.50369 -4.32711 2.09145 -6.11039 0.133908 24.5307 0.876987 -39.8926 -0.674123 2.58463 9.60704 -0.0491284 2.39345 -41.5694 -6.22357 11.0008 11.5516 -19.4557 -0.801613 -10.1701 12.8571 7.73554e-15 -9.18653e-16 -1.31066e-14 
25.2278 101.455 -121.636 0.0386246 1.93515 -0.881691 0 5.22546 -1.18466 -0.325269 -9.36645 0.0335725 0 5.77894 1.10239 -0.30565 -6.39511 0.0794563 -1.0557e-17 6.16289 0.118334 -0.323356 -1.15487 0.131935 -1.13649e-17 6.69386 -0.456341 -0.351994 6.34682 0.16793 -2.02997e-17 7.82529 -1.54945 -0.329933 10.9333 0.168229 -2.60628e-17 9.77186 -0.940923 -0.43297 13.357 0.202121 -2.98794e-17 10.8563 1.62248 -0.0713801 -0.782123 0.0894086 -1.32927e-17 4.92478 0.736013 -0.0543039 10.2606 0.5979 -1.86396e-17 4.96043 0.433981 1.72463 -3.5079 0.163895 -2.06766e-17 4.97002 0.787173 1.11976 -4.38017 0.480812 1.26863 -7.82717 7.75148 9.56724 -10.1107 6.38694 13.3291 3.34342 -3.36319 -35.4025 -36.3905 -31.4044 30.0522 0.0615366 0.141 8.8896 -3.91062 -48.0147 24.9344 0.0510561 0.116988 7.11034 -61.4423 4.65635 -1.26863 -7.82715 7.75138 -14.5311 -8.44743 -6.81665 -13.3291 3.34342 -3.36319 19.2995 -41.3015 2.73979 -30.0522 0.0615366 0.141 -8.39665 -3.40059 44.6277 -24.9344 0.0510559 0.116988 -1.1795 -54.919 0.643006 9.50369 -4.32711 2.09145 19.9352 -8.82241 -11.0596 -0.876987 -39.8926 -0.674123 -3.02263 11.2063 0.100329 -2.39345 -41.5694 -6.22357 -17.6204 5.7447 19.739 0.801613 -10.1701 12.8571 3.21577e-15 -6.57097e-16 -1.25647e-16 -9.50369 -4.32711 2.09145 -6.44624 -4.16017 22.8766 0.876987 -39.8926 -0.674123 1.93611 7.21672 0.00402946 2.39345 -41.5694 -6.22357 11.6352 17.4685 -19.5685 -0.801613 -10.1701 12.8571 1.00198e-15 -6.33967e-16 -1.28095e-14 
25.7607 103.793 -122.732 -0.192272 4.9682 -1.11092 0 5.22546 -1.18466 0.0222959 -9.82293 0.029068 0 5.77894 1.10239 -0.0508598 -6.78981 0.15327 -1.0557e-17 6.16289 0.118334 -0.156835 -1.44412 0.169486 -1.13649e-17 6.69386 -0.456341 -0.254733 6.36549 0.201377 -2.02997e-17 7.82529 -1.54945 -0.306607 11.1514 0.19662 -2.60628e-17 9.77186 -0.940923 -0.486524 13.6706 0.237456 -2.98794e-17 10.8563 1.62248 -0.0962694 -0.801327 0.0957487 -1.32927e-17 4.92478 0.736013 -0.237822 7.76243 0.721687 -1.86396e-17 4.96043 0.433981 1.14196 -3.76031 0.225316 -2.06766e-17 4.97002 0.787173 1.03489 -3.31001 -0.014797 1.26863 -7.82717 7.75148 6.54744 -9.49546 4.9035 13.3291 3.34342 -3.36319 -32.6845 -34.6362 -28.4056 30.0522 0.0615366 0.141 7.77179 -2.83268 -40.5953 24.9344 0.0510561 0.116988 5.87327 -67.1278 3.07948 -1.26863 -7.82715 7.75138 -10.6718 -8.01711 -5.40302 -13.3291 3.34342 -3.36319 19.4274 -38.1795 1.75063 -30.0522 0.0615366 0.141 -7.44198 -2.56306 38.5567 -24.9344 0.0510559 0.116988 1.10738 -57.7459 2.87163 9.50369 -4.32711 2.09145 19.5389 -13.0089 -8.62597 -0.876987 -39.8926 -0.674123 -3.12253 11.569 0.113719 -2.39345 -41.5694 -6.22357 -16.6608 4.61923 19.0086 0.801613 -10.1701 12.8571 -1.95684e-15 -8.8184e-16 9.91257e-17 -9.50369 -4.32711 2.09145 -6.41512 -8.24524 22.0372 0.876987 -39.8926 -0.674123 2.12158 7.90267 -0.00839737 2.39345 -41.5694 -6.22357 8.25473 9.12731 -17.8298 -0.801613 -10.1701 12.8571 2.9794e-15 -7.20491e-16 -1.28961e-14 
26.2621 105.871 -123.432 -0.536742 6.74105 -0.900983 0 5.22546 -1.18466 0.264154 -9.91548 0.0455223 0 5.77894 1.10239 0.124904 -6.84028 0.212014 -1.0557e-17 6.16289 0.118334 -0.0342043 -1.47468 0.201876 -1.13649e-17 6.69386 -0.456341 -0.167674 6.49261 0.229112 -2.02997e-17 7.82529 -1.54945 -0.259991 11.4061 0.224471 -2.60628e-17 9.77186 -0.940923 -0.469807 13.9545 0.262899 -2.98794e-17 10.8563 1.62248 -0.105246 -0.789486 0.0970001 -1.32927e-17 4.92478 0.736013 -0.259284 5.02047 0.843318 -1.86396e-17 4.96043 0.433981 0.772587 -4.19002 0.301513 -2.06766e-17 4.97002 0.787173 1.21122 -1.99169 -0.72856 1.26863 -7.82717 7.75148 3.245 -8.56873 3.19333 13.3291 3.34342 -3.36319 -29.1677 -31.346 -25.6066 30.0522 0.0615366 0.141 6.42916 -1.84683 -32.6175 24.9344 0.0510561 0.116988 0.0235286 -74.2779 -3.21527 -1.26863 -7.82715 7.75138 -6.82211 -7.38633 -3.87634 -13.3291 3.34342 -3.36319 20.2688 -35.346 1.61937 -30.0522 0.0615366 0.141 -6.42943 -1.84684 32.6168 -24.9344 0.0510559 0.116988 3.5209 -60.6212 4.64708 9.50369 -4.32711 2.09145 18.2644 -15.988 -9.20272 -0.876987 -39.8926 -0.674123 -3.15314 11.68 0.117948 -2.39345 -41.5694 -6.22357 -15.5885 5.1336 18.9389 0.801613 -10.1701 12.8571 -5.53686e-15 -1.03102e-15 2.48303e-16 -9.50369 -4.32711 2.09145 -5.74132 -10.8541 21.2045 0.876987 -39.8926 -0.674123 2.20719 8.21873 -0.0148853 2.39345 -41.5694 -6.22357 5.73041 3.55137 -16.8426 -0.801613 -10.1701 12.8571 9.96293e-16 -6.3373e-16 -1.28093e-14 
26.7888 107.48 -124.063 -0.970857 8.04959 -0.78019 0 5.22546 -1.18466 0.514176 -9.77404 0.0752989 0 5.77894 1.10239 0.321185 -6.67055 0.267998 -1.0557e-17 6.16289 0.118334 0.123396 -1.34213 0.245044 -1.13649e-17 6.69386 -0.456341 -0.0342407 6.66682 0.270658 -2.02997e-17 7.82529 -1.54945 -0.147782 11.6459 0.25959 -2.60628e-17 9.77186 -0.940923 -0.354732 14.1776 0.276805 -2.98794e-17 10.8563 1.62248 -0.098828 -0.76018 0.0986336 -1.32927e-17 4.92478 0.736013 -0.0902634 1.94701 1.07123 -1.86396e-17 4.96043 0.433981 0.745575 -4.60037 0.45112 -2.06766e-17 4.97002 0.787173 0.958006 -0.989242 -1.59651 1.26863 -7.82717 7.75148 0.0157375 -7.37225 1.45462 13.3291 3.34342 -3.36319 -26.2893 -26.2696 -23.4863 30.0522 0.0615366 0.141 5.11838 -1.12841 -25.4425 24.9344 0.0510561 0.116988 -17.5474 -82.037 -21.2124 -1.26863 -7.82715 7.75138 -3.18366 -6.52007 -2.31542 -13.3291 3.34342 -3.36319 21.8522 -33.1196 2.52329 -30.0522 0.0615366 0.141 -5.44273 -1.2865 27.1731 -24.9344 0.0510559 0.116988 5.91179 -64.1719 6.27344 9.50369 -4.32711 2.09145 16.6692 -18.4195 -10.6605 -0.876987 -39.8926 -0.674123 -3.23867 11.9897 0.130081 -2.39345 -41.5694 -6.22357 -14.3203 5.50407 18.7466 0.801613 -10.1701 12.8571 1.82129e-17 -7.9542e-16 1.27054e-17 -9.50369 -4.32711 2.09145 -4.28923 -12.8771 20.9969 0.876987 -39.8926 -0.674123 2.26087 8.41669 -0.0191949 2.39345 -41.5694 -6.22357 4.24361 3.28732 -16.3361 -0.801613 -10.1701 12.8571 -2.57994e-15 -4.84715e-16 -1.26603e-14 
27.2598 108.532 -124.606 -1.41894 9.61233 -1.11602 0 5.22546 -1.18466 0.76467 -9.36807 0.13584 0 5.77894 1.10239 0.528083 -6.29216 0.333507 -1.0557e-17 6.16289 0.118334 0.29877 -1.14324 0.309861 -1.13649e-17 6.69386 -0.456341 0.118978 6.69678 0.335684 -2.02997e-17 7.82529 -1.54945 -0.00147509 11.5738 0.314354 -2.60628e-17 9.77186 -0.940923 -0.176533 14.0301 0.300141 -2.98794e-17 10.8563 1.62248 -0.082978 -0.705616 0.104103 -1.32927e-17 4.92478 0.736013 0.205592 -1.98459 1.28191 -1.86396e-17 4.96043 0.433981 0.891038 -4.6011 0.59956 -2.06766e-17 4.97002 0.787173 0.0911768 0.405256 -2.09474 1.26863 -7.82717 7.75148 -2.79775 -5.89674 -0.187114 13.3291 3.34342 -3.36319 -24.739 -20.4154 -21.9113 30.0522 0.0615366 0.141 4.02804 -0.680993 -19.7762 24.9344 0.0510561 0.116988 -101.223 -85.7189 -105.091 -1.26863 -7.82715 7.75138 0.139579 -5.29061 -0.788679 -13.3291 3.34342 -3.36319 24.2828 -30.8383 4.49318 -30.0522 0.0615366 0.141 -4.55465 -0.881209 22.4833 -24.9344 0.0510559 0.116988 7.98521 -69.0981 7.91356 9.50369 -4.32711 2.09145 15.1437 -20.9213 -11.8584 -0.876987 -39.8926 -0.674123 -3.42616 12.6663 0.158293 -2.39345 -41.5694 -6.22357 -12.8674 5.38258 18.3044 0.801613 -10.1701 12.8571 3.9958e-15 -6.21409e-16 -1.61305e-16 -9.50369 -4.32711 2.09145 -2.1939 -15.1688 22.0305 0.876987 -39.8926 -0.674123 2.39186 8.89905 -0.0304921 2.39345 -41.5694 -6.22357 3.09691 5.25141 -15.8652 -0.801613 -10.1701 12.8571 1.95467e-16 -5.96221e-16 -1.27718e-14 
27.6091 109 -124.92 -1.57381 10.5739 -1.7234 0 5.22546 -1.18466 0.859511 -8.46369 0.246401 0 5.77894 1.10239 0.595422 -5.5031 0.415646 -1.0557e-17 6.16289 0.118334 0.360319 -0.767159 0.400199 -1.13649e-17 6.69386 -0.456341 0.176816 6.54615 0.425299 -2.02997e-17 7.82529 -1.54945 0.0795993 11.0467 0.406377 -2.60628e-17 9.77186 -0.940923 -0.0188443 13.3307 0.367624 -2.98794e-17 10.8563 1.62248 -0.0657609 -0.610603 0.109899 -1.32927e-17 4.92478 0.736013 0.509634 -6.722 1.45695 -1.86396e-17 4.96043 0.433981 0.906913 -4.17564 0.716877 -2.06766e-17 4.97002 0.787173 -0.583798 3.0632 -2.31052 1.26863 -7.82717 7.75148 -5.19851 -4.04156 -1.89008 13.3291 3.34342 -3.36319 -24.0767 -14.6355 -20.5865 30.0522 0.0615366 0.141 3.13643 -0.404438 -15.2833 24.9344 0.0510561 0.116988 -147.689 -79.6517 -151.462 -1.26863 -7.82715 7.75138 3.24132 -3.60425 0.749639 -13.3291 3.34342 -3.36319 27.2287 -27.7973 6.63168 -30.0522 0.0615366 0.141 -3.81965 -0.609283 18.7147 -24.9344 0.0510559 0.116988 10.6561 -75.2773 10.5393 9.50369 -4.32711 2.09145 13.2952 -22.5969 -12.9872 -0.876987 -39.8926 -0.674123 -3.66441 13.5216 0.197328 -2.39345 -41.5694 -6.22357 -11.0904 4.74434 17.6908 0.801613 -10.1701 12.8571 -7.64603e-16 -8.32159e-16 4.94444e-17 -9.50369 -4.32711 2.09145 -0.0816283 -16.6585 23.7053 0.876987 -39.8926 -0.674123 2.58155 9.59575 -0.0488121 2.39345 -41.5694 -6.22357 2.1199 7.03241 -15.3458 -0.801613 -10.1701 12.8571 1.98785e-16 -5.96354e-16 -1.27719e-14 
27.8864 108.907 -124.944 -1.48948 10.3952 -2.19186 0 5.22546 -1.18466 0.779388 -7.04858 0.34614 0 5.77894 1.10239 0.52006 -4.30555 0.466344 -1.0557e-17 6.16289 0.118334 0.317745 -0.176092 0.467636 -1.13649e-17 6.69386 -0.456341 0.164207 6.28826 0.492399 -2.02997e-17 7.82529 -1.54945 0.12143 10.1727 0.484465 -2.60628e-17 9.77186 -0.940923 0.129114 12.1937 0.416138 -2.98794e-17 10.8563 1.62248 -0.0517081 -0.473788 0.115944 -1.32927e-17 4.92478 0.736013 0.829673 -11.2301 1.66329 -1.86396e-17 4.96043 0.433981 0.979155 -3.42974 0.832633 -2.06766e-17 4.97002 0.787173 -0.886707 6.44406 -2.49041 1.26863 -7.82717 7.75148 -7.1634 -1.93733 -3.58009 13.3291 3.34342 -3.36319 -24.2401 -9.29108 -19.5094 30.0522 0.0615366 0.141 2.44799 -0.241914 -11.8767 24.9344 0.0510561 0.116988 -157.692 -73.3246 -161.221 -1.26863 -7.82715 7.75138 6.07216 -1.58257 2.23481 -13.3291 3.34342 -3.36319 30.2641 -23.5404 8.07483 -30.0522 0.0615366 0.141 -3.25339 -0.436218 15.8653 -24.9344 0.0510559 0.116988 21.4081 -82.5184 21.6096 9.50369 -4.32711 2.09145 11.023 -22.8083 -14.0543 -0.876987 -39.8926 -0.674123 -3.87259 14.2645 0.234335 -2.39345 -41.5694 -6.22357 -8.89426 3.40354 16.9972 0.801613 -10.1701 12.8571 -7.70291e-16 -8.32411e-16 4.96962e-17 -9.50369 -4.32711 2.09145 1.70085 -16.5458 25.2228 0.876987 -39.8926 -0.674123 2.74697 10.2014 -0.0666751 2.39345 -41.5694 -6.22357 0.997181 7.66299 -14.8217 -0.801613 -10.1701 12.8571 2.58136e-15 -6.95628e-16 -1.28836e-14 
28.1502 108.251 -124.745 -1.44157 9.94176 -2.4062 0 5.22546 -1.18466 0.660293 -5.5027 0.383404 0 5.77894 1.10239 0.434509 -3.05636 0.456114 -1.0557e-17 6.16289 0.118334 0.279992 0.42932 0.479415 -1.13649e-17 6.69386 -0.456341 0.1703 5.9605 0.504973 -2.02997e-17 7.82529 -1.54945 0.181994 9.15647 0.502265 -2.60628e-17 9.77186 -0.940923 0.276597 10.8962 0.396359 -2.98794e-17 10.8563 1.62248 -0.0417009 -0.313119 0.122374 -1.32927e-17 4.92478 0.736013 1.12005 -14.5531 1.81996 -1.86396e-17 4.96043 0.433981 1.15632 -2.55101 0.910694 -2.06766e-17 4.97002 0.787173 -1.16022 9.30018 -2.4465 1.26863 -7.82717 7.75148 -8.41324 -0.0165696 -4.92292 13.3291 3.34342 -3.36319 -25.6164 -4.43111 -18.8532 30.0522 0.0615366 0.141 1.95383 -0.151491 -9.45643 24.9344 0.0510561 0.116988 -162.262 -67.6357 -165.35 -1.26863 -7.82715 7.75138 8.40599 0.463133 3.5068 -13.3291 3.34342 -3.36319 33.3222 -17.8127 8.99589 -30.0522 0.0615366 0.141 -2.79788 -0.318942 13.6008 -24.9344 0.0510559 0.116988 108.337 -86.4351 109.279 9.50369 -4.32711 2.09145 8.90011 -22.4282 -14.339 -0.876987 -39.8926 -0.674123 -4.05307 14.905 0.268588 -2.39345 -41.5694 -6.22357 -6.5263 1.27934 16.3515 0.801613 -10.1701 12.8571 -3.15286e-15 -9.31685e-16 1.4897e-16 -9.50369 -4.32711 2.09145 3.35566 -15.7741 26.3897 0.876987 -39.8926 -0.674123 2.8828 10.6973 -0.0826516 2.39345 -41.5694 -6.22357 -0.608791 7.11311 -14.3198 -0.801613 -10.1701 12.8571 -1.78385e-15 -5.09608e-16 -1.26976e-14 
28.4289 107.058 -124.517 -1.39625 9.66921 -2.36747 0 5.22546 -1.18466 0.544445 -3.92762 0.375516 0 5.77894 1.10239 0.368083 -1.85266 0.408882 -1.0557e-17 6.16289 0.118334 0.259779 0.981851 0.45495 -1.13649e-17 6.69386 -0.456341 0.190717 5.54014 0.480932 -2.02997e-17 7.82529 -1.54945 0.245308 8.01012 0.47664 -2.60628e-17 9.77186 -0.940923 0.396941 9.4613 0.334419 -2.98794e-17 10.8563 1.62248 -0.0353507 -0.138936 0.132578 -1.32927e-17 4.92478 0.736013 1.25546 -16.782 1.72832 -1.86396e-17 4.96043 0.433981 1.23195 -1.74423 0.860638 -2.06766e-17 4.97002 0.787173 -1.31477 11.4296 -2.0716 1.26863 -7.82717 7.75148 -9.02926 1.66144 -5.95799 13.3291 3.34342 -3.36319 -27.9977 0.348504 -18.5295 30.0522 0.0615366 0.141 1.63034 -0.103887 -7.88083 24.9344 0.0510561 0.116988 -164.553 -61.8624 -167.113 -1.26863 -7.82715 7.75138 10.1105 2.48252 4.62297 -13.3291 3.34342 -3.36319 36.3571 -10.7519 9.64747 -30.0522 0.0615366 0.141 -2.38557 -0.229124 11.5686 -24.9344 0.0510559 0.116988 151.658 -79.7337 153.686 9.50369 -4.32711 2.09145 7.0867 -22.2518 -13.58 -0.876987 -39.8926 -0.674123 -4.30212 15.7832 0.319144 -2.39345 -41.5694 -6.22357 -4.33165 -1.04121 15.8844 0.801613 -10.1701 12.8571 8.152e-16 -7.58076e-16 -2.46387e-17 -9.50369 -4.32711 2.09145 4.84091 -15.0386 27.049 0.876987 -39.8926 -0.674123 3.01893 11.1928 -0.0998449 2.39345 -41.5694 -6.22357 -2.65559 5.58236 -13.9214 -0.801613 -10.1701 12.8571 9.90573e-16 -6.33477e-16 -1.28091e-14 
28.7077 105.409 -124.364 -1.31158 9.4379 -2.40143 0 5.22546 -1.18466 0.459146 -2.34662 0.368571 0 5.77894 1.10239 0.328699 -0.717248 0.376872 -1.0557e-17 6.16289 0.118334 0.249628 1.47424 0.443911 -1.13649e-17 6.69386 -0.456341 0.20136 5.0462 0.470016 -2.02997e-17 7.82529 -1.54945 0.279584 6.77891 0.46034 -2.60628e-17 9.77186 -0.940923 0.461354 7.93071 0.290679 -2.98794e-17 10.8563 1.62248 -0.0336665 0.034301 0.146055 -1.32927e-17 4.92478 0.736013 1.26651 -17.9035 1.61631 -1.86396e-17 4.96043 0.433981 1.09001 -1.1566 0.785745 -2.06766e-17 4.97002 0.787173 -1.23303 12.5992 -1.74239 1.26863 -7.82717 7.75148 -9.16376 3.08862 -6.69247 13.3291 3.34342 -3.36319 -31.3703 4.95004 -18.378 30.0522 0.0615366 0.141 1.48633 -0.0856086 -7.18122 24.9344 0.0510561 0.116988 -165.696 -56.738 -167.939 -1.26863 -7.82715 7.75138 11.1265 4.37421 5.59187 -13.3291 3.34342 -3.36319 39.3676 -3.14475 10.2054 -30.0522 0.0615366 0.141 -2.07658 -0.171765 10.0547 -24.9344 0.0510559 0.116988 157.006 -72.2518 159.947 9.50369 -4.32711 2.09145 5.46731 -22.2271 -13.1143 -0.876987 -39.8926 -0.674123 -4.66943 17.0657 0.400584 -2.39345 -41.5694 -6.22357 -2.664 -3.30252 15.6594 0.801613 -10.1701 12.8571 2.58054e-17 -7.95094e-16 1.23792e-17 -9.50369 -4.32711 2.09145 5.97487 -14.4235 26.8477 0.876987 -39.8926 -0.674123 3.19264 11.8231 -0.123494 2.39345 -41.5694 -6.22357 -4.34103 3.5404 -13.7869 -0.801613 -10.1701 12.8571 1.99742e-16 -5.96399e-16 -1.2772e-14 
28.9582 103.388 -124.398 -1.18573 9.10751 -2.54925 0 5.22546 -1.18466 0.385966 -0.843271 0.366908 0 5.77894 1.10239 0.300182 0.309024 0.36046 -1.0557e-17 6.16289 0.118334 0.241225 1.90534 0.444742 -1.13649e-17 6.69386 -0.456341 0.202769 4.54101 0.471103 -2.02997e-17 7.82529 -1.54945 0.293842 5.59162 0.453731 -2.60628e-17 9.77186 -0.940923 0.488615 6.45031 0.260627 -2.98794e-17 10.8563 1.62248 -0.0340681 0.200848 0.160507 -1.32927e-17 4.92478 0.736013 1.15394 -17.7797 1.42408 -1.86396e-17 4.96043 0.433981 0.903494 -0.810619 0.667067 -2.06766e-17 4.97002 0.787173 -1.03689 12.5333 -1.3507 1.26863 -7.82717 7.75148 -8.8803 4.15507 -7.0336 13.3291 3.34342 -3.36319 -35.7083 9.02381 -18.2878 30.0522 0.0615366 0.141 1.51616 -0.0892489 -7.32604 24.9344 0.0510561 0.116988 -166.618 -52.7088 -168.968 -1.26863 -7.82715 7.75138 11.5678 5.90744 6.30344 -13.3291 3.34342 -3.36319 42.7155 3.59817 10.732 -30.0522 0.0615366 0.141 -1.94713 -0.150235 9.42255 -24.9344 0.0510559 0.116988 158.052 -65.922 161.676 9.50369 -4.32711 2.09145 3.97992 -22.1901 -13.4486 -0.876987 -39.8926 -0.674123 -5.12291 18.6266 0.512263 -2.39345 -41.5694 -6.22357 -1.23394 -5.43519 15.5663 0.801613 -10.1701 12.8571 2.48481e-17 -7.95139e-16 1.2424e-17 -9.50369 -4.32711 2.09145 6.75514 -14.0047 25.9962 0.876987 -39.8926 -0.674123 3.44486 12.7337 -0.161228 2.39345 -41.5694 -6.22357 -5.60248 1.48065 -13.8168 -0.801613 -10.1701 12.8571 5.95875e-16 -6.21172e-16 -1.27967e-14 
29.2279 101.037 -124.558 -1.09038 8.60017 -2.94404 0 5.22546 -1.18466 0.329716 0.590705 0.36995 0 5.77894 1.10239 0.289781 1.25421 0.355077 -1.0557e-17 6.16289 0.118334 0.249329 2.29254 0.45315 -1.13649e-17 6.69386 -0.456341 0.219387 4.03343 0.480366 -2.02997e-17 7.82529 -1.54945 0.322685 4.4627 0.451507 -2.60628e-17 9.77186 -0.940923 0.522215 5.02872 0.228259 -2.98794e-17 10.8563 1.62248 -0.0338407 0.361717 0.178608 -1.32927e-17 4.92478 0.736013 1.04371 -16.8874 1.29826 -1.86396e-17 4.96043 0.433981 0.763753 -0.549305 0.577834 -2.06766e-17 4.97002 0.787173 -1.03705 11.8434 -0.742287 1.26863 -7.82717 7.75148 -8.23706 4.93658 -7.03637 13.3291 3.34342 -3.36319 -40.7271 12.9017 -18.1009 30.0522 0.0615366 0.141 1.66454 -0.108493 -8.04708 24.9344 0.0510561 0.116988 -167.598 -49.2242 -170.34 -1.26863 -7.82715 7.75138 11.7275 7.14943 6.85394 -13.3291 3.34342 -3.36319 46.3562 8.85 11.2809 -30.0522 0.0615366 0.141 -1.94581 -0.150022 9.41612 -24.9344 0.0510559 0.116988 158.528 -61.0073 162.782 9.50369 -4.32711 2.09145 2.91896 -22.1043 -13.5411 -0.876987 -39.8926 -0.674123 -5.73767 20.7002 0.682859 -2.39345 -41.5694 -6.22357 -0.0126659 -7.37339 15.5292 0.801613 -10.1701 12.8571 4.21939e-16 -7.8273e-16 1.49587e-20 -9.50369 -4.32711 2.09145 7.28131 -13.8806 25.0968 0.876987 -39.8926 -0.674123 3.89411 14.3411 -0.238313 2.39345 -41.5694 -6.22357 -6.20958 -0.15291 -13.9413 -0.801613 -10.1701 12.8571 -1.97827e-16 -5.83975e-16 -1.27595e-14 
29.5764 98.3801 -124.701 -1.07575 7.69025 -3.70201 0 5.22546 -1.18466 0.283932 1.92907 0.404299 0 5.77894 1.10239 0.285804 2.1168 0.382588 -1.0557e-17 6.16289 0.118334 0.263241 2.64687 0.488987 -1.13649e-17 6.69386 -0.456341 0.242918 3.55644 0.517464 -2.02997e-17 7.82529 -1.54945 0.365269 3.43927 0.476274 -2.60628e-17 9.77186 -0.940923 0.573423 3.71406 0.217566 -2.98794e-17 10.8563 1.62248 -0.0350442 0.511334 0.197247 -1.32927e-17 4.92478 0.736013 0.9511 -15.5028 1.23466 -1.86396e-17 4.96043 0.433981 0.639063 -0.410919 0.51795 -2.06766e-17 4.97002 0.787173 -1.17559 10.912 -0.00925727 1.26863 -7.82717 7.75148 -7.27985 5.52548 -6.8543 13.3291 3.34342 -3.36319 -46.3897 16.6281 -17.6345 30.0522 0.0615366 0.141 1.86183 -0.137029 -9.00767 24.9344 0.0510561 0.116988 -168.461 -46.7194 -171.723 -1.26863 -7.82715 7.75138 11.5803 8.12766 7.22824 -13.3291 3.34342 -3.36319 50.1057 12.8907 12.0887 -30.0522 0.0615366 0.141 -1.95276 -0.15114 9.45008 -24.9344 0.0510559 0.116988 160.419 -56.8827 164.877 9.50369 -4.32711 2.09145 2.44494 -21.7073 -13.0275 -0.876987 -39.8926 -0.674123 -6.62753 23.6078 0.967574 -2.39345 -41.5694 -6.22357 0.665929 -9.10174 15.5547 0.801613 -10.1701 12.8571 2.53268e-17 -7.95124e-16 1.24091e-17 -9.50369 -4.32711 2.09145 7.65533 -13.4849 24.6601 0.876987 -39.8926 -0.674123 4.66973 17.0667 -0.400653 2.39345 -41.5694 -6.22357 -6.05119 -1.33861 -14.1176 -0.801613 -10.1701 12.8571 -5.95875e-16 -5.59112e-16 -1.27471e-14 
30.0552 95.4151 -124.835 -1.02735 5.92732 -4.55367 0 5.22546 -1.18466 0.15401 3.33596 0.471452 0 5.77894 1.10239 0.201218 3.02235 0.430203 -1.0557e-17 6.16289 0.118334 0.206996 3.07505 0.539821 -1.13649e-17 6.69386 -0.456341 0.207344 3.17456 0.570563 -2.02997e-17 7.82529 -1.54945 0.364353 2.54278 0.526357 -2.60628e-17 9.77186 -0.940923 0.602199 2.52389 0.24298 -2.98794e-17 10.8563 1.62248 -0.044714 0.644959 0.208281 -1.32927e-17 4.92478 0.736013 0.803649 -13.6111 1.13263 -1.86396e-17 4.96043 0.433981 0.467202 -0.690651 0.442325 -2.06766e-17 4.97002 0.787173 -0.95873 9.47757 0.521587 1.26863 -7.82717 7.75148 -6.14887 6.03242 -6.67744 13.3291 3.34342 -3.36319 -52.3601 19.7848 -16.7128 30.0522 0.0615366 0.141 2.05903 -0.168938 -9.97013 24.9344 0.0510561 0.116988 -169.297 -45.2417 -173.344 -1.26863 -7.82715 7.75138 11.0133 8.86457 7.37932 -13.3291 3.34342 -3.36319 53.9092 16.5251 12.8975 -30.0522 0.0615366 0.141 -1.86605 -0.137496 9.02719 -24.9344 0.0510559 0.116988 162.65 -52.5173 166.483 9.50369 -4.32711 2.09145 1.72385 -21.1097 -13.6192 -0.876987 -39.8926 -0.674123 -8.11718 28.205 1.53818 -2.39345 -41.5694 -6.22357 0.888409 -9.97922 15.667 0.801613 -10.1701 12.8571 4.21939e-16 -7.8273e-16 1.49587e-20 -9.50369 -4.32711 2.09145 7.7363 -11.9769 24.5909 0.876987 -39.8926 -0.674123 5.69642 20.5627 -0.670734 2.39345 -41.5694 -6.22357 -6.19459 -3.49884 -14.4221 -0.801613 -10.1701 12.8571 -1.99263e-16 -5.839e-16 -1.27595e-14 
30.5561 92.1729 -124.55 -0.833784 3.50628 -5.37102 0 5.22546 -1.18466 -0.0627914 4.67195 0.565613 0 5.77894 1.10239 0.0465126 3.9061 0.488024 -1.0557e-17 6.16289 0.118334 0.0882013 3.56683 0.599244 -1.13649e-17 6.69386 -0.456341 0.115406 2.94358 0.630774 -2.02997e-17 7.82529 -1.54945 0.325566 1.88796 0.592486 -2.60628e-17 9.77186 -0.940923 0.614584 1.60968 0.29358 -2.98794e-17 10.8563 1.62248 -0.0560701 0.748509 0.198691 -1.32927e-17 4.92478 0.736013 0.728819 -11.844 1.13905 -1.86396e-17 4.96043 0.433981 0.519219 -1.38996 0.425767 -2.06766e-17 4.97002 0.787173 -0.882933 7.48718 0.777382 1.26863 -7.82717 7.75148 -5.14399 6.53047 -6.67912 13.3291 3.34342 -3.36319 -57.1788 23.0499 -15.5994 30.0522 0.0615366 0.141 2.18554 -0.191206 -10.589 24.9344 0.0510561 0.116988 -170.103 -42.7058 -174.066 -1.26863 -7.82715 7.75138 9.89327 9.31593 7.11253 -13.3291 3.34342 -3.36319 57.7111 21.3827 13.3691 -30.0522 0.0615366 0.141 -1.74315 -0.119276 8.42854 -24.9344 0.0510559 0.116988 163.726 -48.2162 166.788 9.50369 -4.32711 2.09145 0.603756 -20.6421 -16.1045 -0.876987 -39.8926 -0.674123 -10.1961 34.0199 2.51122 -2.39345 -41.5694 -6.22357 2.25291 -13.9168 15.9363 0.801613 -10.1701 12.8571 -3.71764e-16 -8.07533e-16 2.48182e-17 -9.50369 -4.32711 2.09145 8.49056 -10.6713 26.8428 0.876987 -39.8926 -0.674123 7.41955 26.0956 -1.25685 2.39345 -41.5694 -6.22357 -7.57221 -6.96901 -14.9399 -0.801613 -10.1701 12.8571 -5.95875e-16 -5.59112e-16 -1.27471e-14 
30.9144 89.0109 -124.337 -0.550503 0.575091 -6.31092 0 5.22546 -1.18466 -0.476296 6.24204 0.597607 0 5.77894 1.10239 -0.270511 4.94902 0.456487 -1.0557e-17 6.16289 0.118334 -0.15526 4.17009 0.567063 -1.13649e-17 6.69386 -0.456341 -0.0598486 2.73581 0.596492 -2.02997e-17 7.82529 -1.54945 0.226564 1.21009 0.578177 -2.60628e-17 9.77186 -0.940923 0.583677 0.645504 0.280279 -2.98794e-17 10.8563 1.62248 -0.070352 0.856621 0.178285 -1.32927e-17 4.92478 0.736013 0.638946 -9.9387 1.21668 -1.86396e-17 4.96043 0.433981 0.547495 -1.75144 0.452493 -2.06766e-17 4.97002 0.787173 -0.222527 5.84307 1.77422 1.26863 -7.82717 7.75148 -4.18266 7.11414 -6.88425 13.3291 3.34342 -3.36319 -60.7868 26.268 -14.2547 30.0522 0.0615366 0.141 2.28754 -0.210189 -11.0888 24.9344 0.0510561 0.116988 -171.049 -38.6911 -174.217 -1.26863 -7.82715 7.75138 8.31088 9.61708 7.04783 -13.3291 3.34342 -3.36319 61.3593 26.1423 13.2011 -30.0522 0.0615366 0.141 -1.72155 -0.116213 8.32348 -24.9344 0.0510559 0.116988 164.389 -46.3804 166.148 9.50369 -4.32711 2.09145 -0.591969 -20.5988 -17.3116 -0.876987 -39.8926 -0.674123 -13.172 41.1329 4.20326 -2.39345 -41.5694 -6.22357 3.38438 -17.6347 16.2039 0.801613 -10.1701 12.8571 2.00982e-15 -7.0829e-16 -7.44246e-17 -9.50369 -4.32711 2.09145 9.54876 -9.91862 28.8657 0.876987 -39.8926 -0.674123 9.89148 33.2123 -2.35687 2.39345 -41.5694 -6.22357 -8.46603 -10.5523 -15.5772 -0.801613 -10.1701 12.8571 -1.39054e-15 -5.34264e-16 -1.27098e-14 
31.1684 86.6422 -123.692 0.000103102 -3.26734 -6.37011 0 5.22546 -1.18466 -0.94405 7.86392 0.483164 0 5.77894 1.10239 -0.616237 6.04589 0.268999 -1.0557e-17 6.16289 0.118334 -0.413539 4.86522 0.377418 -1.13649e-17 6.69386 -0.456341 -0.229651 2.67621 0.404135 -2.02997e-17 7.82529 -1.54945 0.116558 0.703474 0.402706 -2.60628e-17 9.77186 -0.940923 0.509454 -0.106279 0.116173 -2.98794e-17 10.8563 1.62248 -0.0872627 0.959103 0.159409 -1.32927e-17 4.92478 0.736013 0.528266 -7.53112 1.24867 -1.86396e-17 4.96043 0.433981 0.488132 -1.73305 0.46255 -2.06766e-17 4.97002 0.787173 0.764875 4.92563 2.88197 1.26863 -7.82717 7.75148 -3.25841 7.50359 -6.92859 13.3291 3.34342 -3.36319 -63.8159 29.2132 -13.1367 30.0522 0.0615366 0.141 2.41284 -0.234775 -11.7039 24.9344 0.0510561 0.116988 -173.164 -35.5424 -175.431 -1.26863 -7.82715 7.75138 6.63669 9.58002 7.09505 -13.3291 3.34342 -3.36319 63.987 28.8501 12.2739 -30.0522 0.0615366 0.141 -1.83005 -0.132029 8.85181 -24.9344 0.0510559 0.116988 165.13 -48.0881 165.259 9.50369 -4.32711 2.09145 -2.36594 -19.5299 -18.4292 -0.876987 -39.8926 -0.674123 -16.2088 47.0612 6.21298 -2.39345 -41.5694 -6.22357 3.0272 -19.5422 16.2698 0.801613 -10.1701 12.8571 -3.69849e-16 -8.07443e-16 2.47284e-17 -9.50369 -4.32711 2.09145 10.045 -10.378 28.9662 0.876987 -39.8926 -0.674123 14.2625 43.4054 -4.89623 2.39345 -41.5694 -6.22357 -10.9776 -18.3227 -16.9932 -0.801613 -10.1701 12.8571 -2.18567e-15 -4.97007e-16 -1.26726e-14 
31.3778 85.4592 -123.139 0.757188 -8.14322 -6.99483 0 5.22546 -1.18466 -1.48598 8.61106 0.423328 0 5.77894 1.10239 -1.02882 6.70366 0.115009 -1.0557e-17 6.16289 0.118334 -0.724646 5.54087 0.218367 -1.13649e-17 6.69386 -0.456341 -0.432621 3.30322 0.241715 -2.02997e-17 7.82529 -1.54945 0.00237093 1.25786 0.272846 -2.60628e-17 9.77186 -0.940923 0.481676 0.503229 -0.00601052 -2.98794e-17 10.8563 1.62248 -0.0928841 0.939588 0.132976 -1.32927e-17 4.92478 0.736013 0.539702 -5.89786 1.61455 -1.86396e-17 4.96043 0.433981 0.507247 -2.16511 0.641315 -2.06766e-17 4.97002 0.787173 1.05615 3.78349 3.88134 1.26863 -7.82717 7.75148 -3.27904 7.25921 -6.68901 13.3291 3.34342 -3.36319 -65.0313 30.6695 -13.1504 30.0522 0.0615366 0.141 2.39445 -0.231085 -11.6135 24.9344 0.0510561 0.116988 -176.493 -34.3931 -177.245 -1.26863 -7.82715 7.75138 6.08978 8.86035 7.05306 -13.3291 3.34342 -3.36319 64.6923 27.2732 12.1869 -30.0522 0.0615366 0.141 -1.92522 -0.146749 9.31584 -24.9344 0.0510559 0.116988 166.475 -54.4554 165.762 9.50369 -4.32711 2.09145 -4.12972 -16.2598 -18.4624 -0.876987 -39.8926 -0.674123 -17.9931 50.0073 7.49707 -2.39345 -41.5694 -6.22357 2.0768 -19.7389 16.1973 0.801613 -10.1701 12.8571 4.2146e-16 -7.82745e-16 2.99175e-20 -9.50369 -4.32711 2.09145 9.27414 -7.90826 28.3668 0.876987 -39.8926 -0.674123 16.5394 47.6349 -6.4458 2.39345 -41.5694 -6.22357 -10.0332 -17.8484 -16.931 -0.801613 -10.1701 12.8571 1.38718e-15 -6.45871e-16 -1.28338e-14 
31.2102 84.625 -122.132 1.2168 -4.64645 -7.68055 0 5.22546 -1.18466 -1.52398 6.58884 0.170301 0 5.77894 1.10239 -1.01707 5.47197 -0.173231 -1.0557e-17 6.16289 0.118334 -0.668228 4.83754 -0.0822224 -1.13649e-17 6.69386 -0.456341 -0.319258 3.60249 -0.0785479 -2.02997e-17 7.82529 -1.54945 0.0881311 2.19513 -0.0682624 -2.60628e-17 9.77186 -0.940923 0.50421 1.68083 -0.346826 -2.98794e-17 10.8563 1.62248 -0.0736921 0.771342 0.0958252 -1.32927e-17 4.92478 0.736013 1.04432 -5.74071 3.24997 -1.86396e-17 4.96043 0.433981 1.18245 -2.83814 1.40792 -2.06766e-17 4.97002 0.787173 -0.54309 -0.063213 4.20147 1.26863 -7.82717 7.75148 -2.6573 5.9339 -4.84477 13.3291 3.34342 -3.36319 -68.0869 29.2425 -11.9459 30.0522 0.0615366 0.141 2.43275 -0.238808 -11.8017 24.9344 0.0510561 0.116988 -176.12 -37.1133 -176.329 -1.26863 -7.82715 7.75138 5.78364 7.24425 5.69283 -13.3291 3.34342 -3.36319 65.1817 22.4045 12.4697 -30.0522 0.0615366 0.141 -2.15088 -0.184799 10.4184 -24.9344 0.0510559 0.116988 164.119 -63.4169 164.622 9.50369 -4.32711 2.09145 -3.8753 -21.6385 -17.2048 -0.876987 -39.8926 -0.674123 -20.3599 53.3983 9.29316 -2.39345 -41.5694 -6.22357 2.29205 -19.6135 16.229 0.801613 -10.1701 12.8571 2.53268e-17 -7.95124e-16 1.24091e-17 -9.50369 -4.32711 2.09145 10.0838 -13.419 28.9255 0.876987 -39.8926 -0.674123 19.1258 51.6983 -8.34459 2.39345 -41.5694 -6.22357 -9.44819 -18.6435 -17.1702 -0.801613 -10.1701 12.8571 -5.93961e-16 -5.59187e-16 -1.27472e-14 
30.8569 84.6722 -120.968 1.53765 -4.47629 -7.61991 0 5.22546 -1.18466 -1.85161 3.84505 0.0854059 0 5.77894 1.10239 -1.30336 3.72316 -0.303816 -1.0557e-17 6.16289 0.118334 -0.889684 3.97751 -0.228309 -1.13649e-17 6.69386 -0.456341 -0.463003 4.19683 -0.237525 -2.02997e-17 7.82529 -1.54945 -0.0245182 3.73023 -0.199397 -2.60628e-17 9.77186 -0.940923 0.432779 3.68919 -0.454865 -2.98794e-17 10.8563 1.62248 -0.0623307 0.572881 0.0459327 -1.32927e-17 4.92478 0.736013 1.08494 -6.5204 3.11256 -1.86396e-17 4.96043 0.433981 1.20952 -3.73329 1.35296 -2.06766e-17 4.97002 0.787173 0.830258 -0.267632 5.06629 1.26863 -7.82717 7.75148 -3.72372 4.60541 -3.73644 13.3291 3.34342 -3.36319 -68.0962 25.5631 -11.6401 30.0522 0.0615366 0.141 2.2315 -0.19965 -10.8141 24.9344 0.0510561 0.116988 -177.532 -42.8832 -178.245 -1.26863 -7.82715 7.75138 5.6376 5.35499 4.14221 -13.3291 3.34342 -3.36319 66.2292 16.762 11.6762 -30.0522 0.0615366 0.141 -2.31325 -0.214955 11.2139 -24.9344 0.0510559 0.116988 165.653 -69.6296 166.04 9.50369 -4.32711 2.09145 -3.95131 -21.4046 -16.5856 -0.876987 -39.8926 -0.674123 -20.138 53.103 9.12081 -2.39345 -41.5694 -6.22357 2.69395 -19.5515 16.2951 0.801613 -10.1701 12.8571 -1.56351e-15 -8.69593e-16 8.68785e-17 -9.50369 -4.32711 2.09145 9.82931 -13.795 29.1125 0.876987 -39.8926 -0.674123 19.3937 52.0795 -8.54839 2.39345 -41.5694 -6.22357 -9.09719 -18.6189 -16.9882 -0.801613 -10.1701 12.8571 -3.77308e-15 -4.22582e-16 -1.26106e-14 
30.3607 85.4722 -120.295 1.70887 -4.79331 -7.08545 0 5.22546 -1.18466 -1.92571 1.86036 0.0174628 0 5.77894 1.10239 -1.38853 2.46408 -0.374247 -1.0557e-17 6.16289 0.118334 -0.957337 3.48041 -0.302058 -1.13649e-17 6.69386 -0.456341 -0.496567 4.91711 -0.317012 -2.02997e-17 7.82529 -1.54945 -0.0556444 5.24147 -0.262685 -2.60628e-17 9.77186 -0.940923 0.407675 5.58858 -0.496232 -2.98794e-17 10.8563 1.62248 -0.0492079 0.40353 0.00841856 -1.32927e-17 4.92478 0.736013 1.14692 -5.09227 3.28188 -1.86396e-17 4.96043 0.433981 1.51173 -4.31199 1.46807 -2.06766e-17 4.97002 0.787173 0.69387 -1.21953 4.8607 1.26863 -7.82717 7.75148 -3.98906 3.0459 -2.51713 13.3291 3.34342 -3.36319 -66.8103 21.7856 -12.1692 30.0522 0.0615366 0.141 2.1424 -0.183459 -10.3778 24.9344 0.0510561 0.116988 -178.216 -48.427 -178.83 -1.26863 -7.82715 7.75138 4.99977 3.3067 2.75633 -13.3291 3.34342 -3.36319 65.6354 10.1253 11.1697 -30.0522 0.0615366 0.141 -2.5333 -0.259564 12.2954 -24.9344 0.0510559 0.116988 167.96 -73.2404 167.173 9.50369 -4.32711 2.09145 -4.50681 -19.9141 -17.7841 -0.876987 -39.8926 -0.674123 -18.6607 51.0197 7.99375 -2.39345 -41.5694 -6.22357 2.25893 -18.7082 16.2185 0.801613 -10.1701 12.8571 -1.16834e-15 -8.44865e-16 6.21501e-17 -9.50369 -4.32711 2.09145 9.31407 -12.8214 28.5354 0.876987 -39.8926 -0.674123 18.0365 50.0745 -7.52905 2.39345 -41.5694 -6.22357 -9.07333 -17.9915 -16.8276 -0.801613 -10.1701 12.8571 -1.39436e-15 -5.34099e-16 -1.27097e-14 
29.7307 87.1487 -120.084 1.47386 -3.1289 -6.20166 0 5.22546 -1.18466 -1.72569 -0.618231 -0.126485 0 5.77894 1.10239 -1.2395 0.771098 -0.468523 -1.0557e-17 6.16289 0.118334 -0.837228 2.72932 -0.399953 -1.13649e-17 6.69386 -0.456341 -0.385235 5.65375 -0.416356 -2.02997e-17 7.82529 -1.54945 -0.000201403 6.95144 -0.37683 -2.60628e-17 9.77186 -0.940923 0.388368 7.71824 -0.592901 -2.98794e-17 10.8563 1.62248 -0.0406946 0.164466 -0.0435598 -1.32927e-17 4.92478 0.736013 1.13314 -2.35682 3.31319 -1.86396e-17 4.96043 0.433981 1.86517 -5.23186 1.52059 -2.06766e-17 4.97002 0.787173 0.122189 -3.78928 4.70003 1.26863 -7.82717 7.75148 -3.55147 1.11033 -1.27788 13.3291 3.34342 -3.36319 -66.0169 17.8991 -12.6568 30.0522 0.0615366 0.141 2.13744 -0.182577 -10.3536 24.9344 0.0510561 0.116988 -177.587 -53.9206 -178.326 -1.26863 -7.82715 7.75138 3.3893 0.935208 1.21709 -13.3291 3.34342 -3.36319 64.9808 6.29214 10.7696 -30.0522 0.0615366 0.141 -2.78216 -0.315253 13.5234 -24.9344 0.0510559 0.116988 169.645 -73.9244 168.366 9.50369 -4.32711 2.09145 -4.40358 -19.5634 -19.0553 -0.876987 -39.8926 -0.674123 -16.2446 47.1241 6.23812 -2.39345 -41.5694 -6.22357 2.43598 -16.7189 16.1602 0.801613 -10.1701 12.8571 -3.73688e-16 -8.07608e-16 2.48934e-17 -9.50369 -4.32711 2.09145 8.93519 -11.5906 28.1593 0.876987 -39.8926 -0.674123 14.6502 44.1734 -5.15079 2.39345 -41.5694 -6.22357 -9.22953 -17.8168 -16.6608 -0.801613 -10.1701 12.8571 -2.00235e-16 -5.8387e-16 -1.27594e-14 
29.096 89.426 -120.094 1.06465 -1.76932 -5.49519 0 5.22546 -1.18466 -1.51399 -3.16136 -0.197182 0 5.77894 1.10239 -1.09637 -1.09729 -0.483631 -1.0557e-17 6.16289 0.118334 -0.734623 1.83357 -0.419613 -1.13649e-17 6.69386 -0.456341 -0.305951 6.26376 -0.435054 -2.02997e-17 7.82529 -1.54945 0.0275701 8.56449 -0.40422 -2.60628e-17 9.77186 -0.940923 0.351584 9.74238 -0.600692 -2.98794e-17 10.8563 1.62248 -0.0359235 -0.0465899 -0.0797213 -1.32927e-17 4.92478 0.736013 0.97659 0.689766 2.96667 -1.86396e-17 4.96043 0.433981 2.0343 -5.40044 1.37628 -2.06766e-17 4.97002 0.787173 0.000274698 -5.26456 4.86743 1.26863 -7.82717 7.75148 -2.85855 -0.72961 -0.0896238 13.3291 3.34342 -3.36319 -64.5909 14.1505 -13.0129 30.0522 0.0615366 0.141 2.18193 -0.190552 -10.5714 24.9344 0.0510561 0.116988 -179.091 -59.5241 -179.422 -1.26863 -7.82715 7.75138 1.88383 -1.17695 -0.149026 -13.3291 3.34342 -3.36319 63.4131 2.82422 9.82775 -30.0522 0.0615366 0.141 -3.11591 -0.398814 15.1799 -24.9344 0.0510559 0.116988 174.062 -75.2594 171.904 9.50369 -4.32711 2.09145 -4.06109 -17.7182 -20.3356 -0.876987 -39.8926 -0.674123 -13.1951 41.1828 4.21755 -2.39345 -41.5694 -6.22357 2.53309 -13.7565 16.0514 0.801613 -10.1701 12.8571 -3.72721e-16 -8.07563e-16 2.48481e-17 -9.50369 -4.32711 2.09145 8.40101 -9.88643 27.478 0.876987 -39.8926 -0.674123 11.5281 37.3752 -3.22936 2.39345 -41.5694 -6.22357 -8.0472 -14.7419 -16.0499 -0.801613 -10.1701 12.8571 -1.98785e-16 -5.8393e-16 -1.27595e-14 
28.6627 91.9911 -120.594 0.506846 -1.07383 -5.10633 0 5.22546 -1.18466 -1.29686 -4.47791 -0.236092 0 5.77894 1.10239 -0.934702 -2.15619 -0.477292 -1.0557e-17 6.16289 0.118334 -0.612531 1.22497 -0.41484 -1.13649e-17 6.69386 -0.456341 -0.216099 6.38119 -0.428913 -2.02997e-17 7.82529 -1.54945 0.0727623 9.14959 -0.412129 -2.60628e-17 9.77186 -0.940923 0.339915 10.4974 -0.602534 -2.98794e-17 10.8563 1.62248 -0.0277747 -0.1288 -0.0879744 -1.32927e-17 4.92478 0.736013 0.889213 3.02518 2.84941 -1.86396e-17 4.96043 0.433981 2.29749 -5.32329 1.33197 -2.06766e-17 4.97002 0.787173 -0.262563 -5.36344 4.81196 1.26863 -7.82717 7.75148 -1.8504 -1.77916 0.873415 13.3291 3.34342 -3.36319 -62.9648 11.5321 -12.7536 30.0522 0.0615366 0.141 2.288 -0.210274 -11.0911 24.9344 0.0510561 0.116988 178.858 -63.4867 178.568 -1.26863 -7.82715 7.75138 0.585546 -2.37631 -1.05462 -13.3291 3.34342 -3.36319 61.4296 -0.800291 8.05036 -30.0522 0.0615366 0.141 -3.50088 -0.508093 17.1059 -24.9344 0.0510559 0.116988 175.919 -77.5481 173.192 9.50369 -4.32711 2.09145 -3.25108 -14.934 -20.7297 -0.876987 -39.8926 -0.674123 -10.2776 34.2337 2.55322 -2.39345 -41.5694 -6.22357 1.91979 -9.23307 15.7507 0.801613 -10.1701 12.8571 2.43647e-17 -7.95154e-16 1.24391e-17 -9.50369 -4.32711 2.09145 7.81361 -8.20188 25.6983 0.876987 -39.8926 -0.674123 9.08402 30.9976 -1.96673 2.39345 -41.5694 -6.22357 -5.90007 -8.64924 -15.1771 -0.801613 -10.1701 12.8571 -5.95871e-16 -5.59112e-16 -1.27471e-14 
28.5741 94.769 -121.848 -0.0511384 -0.56795 -5.26451 0 5.22546 -1.18466 -0.994615 -5.32943 -0.194601 0 5.77894 1.10239 -0.697321 -2.86315 -0.376047 -1.0557e-17 6.16289 0.118334 -0.433559 0.789694 -0.312338 -1.13649e-17 6.69386 -0.456341 -0.103991 6.37713 -0.321329 -2.02997e-17 7.82529 -1.54945 0.139542 9.40993 -0.322328 -2.60628e-17 9.77186 -0.940923 0.35687 10.84 -0.51547 -2.98794e-17 10.8563 1.62248 -0.0126577 -0.186903 -0.0802269 -1.32927e-17 4.92478 0.736013 0.786629 5.1129 2.59939 -1.86396e-17 4.96043 0.433981 2.59061 -5.19169 1.21836 -2.06766e-17 4.97002 0.787173 -0.780859 -5.5573 4.58123 1.26863 -7.82717 7.75148 -0.0671003 -2.66552 1.92842 13.3291 3.34342 -3.36319 -62.045 9.80665 -12.6058 30.0522 0.0615366 0.141 2.41739 -0.235684 -11.7262 24.9344 0.0510561 0.116988 177.095 -66.4284 176.478 -1.26863 -7.82715 7.75138 -0.785419 -3.32314 -1.9543 -13.3291 3.34342 -3.36319 58.8338 -4.23959 6.41517 -30.0522 0.0615366 0.141 -3.86886 -0.625808 18.9647 -24.9344 0.0510559 0.116988 175.913 -79.9806 172.793 9.50369 -4.32711 2.09145 -1.75247 -12.713 -19.2444 -0.876987 -39.8926 -0.674123 -8.01058 27.8877 1.49363 -2.39345 -41.5694 -6.22357 0.758586 -4.36727 15.435 0.801613 -10.1701 12.8571 -7.69324e-16 -8.32365e-16 4.96508e-17 -9.50369 -4.32711 2.09145 7.33873 -6.06313 24.2525 0.876987 -39.8926 -0.674123 6.6168 23.5734 -0.96388 2.39345 -41.5694 -6.22357 -3.72208 -0.595061 -14.1287 -0.801613 -10.1701 12.8571 5.94904e-16 -6.21127e-16 -1.27967e-14 
29.415 97.5819 -123.424 -0.41775 0.361809 -5.5092 0 5.22546 -1.18466 -0.716913 -6.03881 -0.151992 0 5.77894 1.10239 -0.481549 -3.48455 -0.264718 -1.0557e-17 6.16289 0.118334 -0.271436 0.388528 -0.197904 -1.13649e-17 6.69386 -0.456341 -0.00451848 6.32409 -0.199278 -2.02997e-17 7.82529 -1.54945 0.198353 9.56506 -0.216833 -2.60628e-17 9.77186 -0.940923 0.372055 11.0634 -0.417315 -2.98794e-17 10.8563 1.62248 0.00890727 -0.248953 -0.0605352 -1.32927e-17 4.92478 0.736013 0.648568 7.25465 1.90538 -1.86396e-17 4.96043 0.433981 2.81685 -5.01193 0.882021 -2.06766e-17 4.97002 0.787173 -1.07471 -5.86279 4.8475 1.26863 -7.82717 7.75148 2.25544 -3.52368 3.05436 13.3291 3.34342 -3.36319 -61.5861 7.96902 -12.6838 30.0522 0.0615366 0.141 2.58949 -0.271801 -12.5732 24.9344 0.0510561 0.116988 175.737 -69.126 174.621 -1.26863 -7.82715 7.75138 -2.17706 -4.25247 -2.7998 -13.3291 3.34342 -3.36319 55.9099 -8.28111 5.11152 -30.0522 0.0615366 0.141 -4.18968 -0.739333 20.6014 -24.9344 0.0510559 0.116988 173.215 -83.1956 169.577 9.50369 -4.32711 2.09145 0.726296 -13.0463 -15.6063 -0.876987 -39.8926 -0.674123 -7.13592 25.2159 1.14949 -2.39345 -41.5694 -6.22357 1.00895 -5.16703 15.4939 0.801613 -10.1701 12.8571 2.38812e-17 -7.95184e-16 1.24694e-17 -9.50369 -4.32711 2.09145 6.66498 -5.12989 22.5713 0.876987 -39.8926 -0.674123 4.58378 16.768 -0.380864 2.39345 -41.5694 -6.22357 -0.0628439 9.38211 -13.3518 -0.801613 -10.1701 12.8571 -1.78616e-15 -5.09522e-16 -1.26975e-14 
30.7909 100.195 -124.916 -0.723735 2.72155 -5.5308 0 5.22546 -1.18466 -0.383703 -6.64396 -0.116181 0 5.77894 1.10239 -0.210078 -4.08381 -0.157637 -1.0557e-17 6.16289 0.118334 -0.0667091 -0.118289 -0.088815 -1.13649e-17 6.69386 -0.456341 0.12568 6.00319 -0.0841249 -2.02997e-17 7.82529 -1.54945 0.273808 9.31867 -0.123411 -2.60628e-17 9.77186 -0.940923 0.385 10.8496 -0.332998 -2.98794e-17 10.8563 1.62248 0.0317647 -0.285085 -0.0249047 -1.32927e-17 4.92478 0.736013 0.526035 8.49883 1.48631 -1.86396e-17 4.96043 0.433981 3.00136 -4.38968 0.671541 -2.06766e-17 4.97002 0.787173 -1.42772 -5.42193 4.53005 1.26863 -7.82717 7.75148 4.74285 -4.04921 4.06877 13.3291 3.34342 -3.36319 -61.3373 5.72803 -12.5398 30.0522 0.0615366 0.141 2.88732 -0.340624 -14.0452 24.9344 0.0510561 0.116988 175.098 -72.1131 173.323 -1.26863 -7.82715 7.75138 -3.39266 -4.79482 -3.53676 -13.3291 3.34342 -3.36319 52.4832 -12.4797 3.86883 -30.0522 0.0615366 0.141 -4.54174 -0.875974 22.4169 -24.9344 0.0510559 0.116988 164.382 -86.1662 160.464 9.50369 -4.32711 2.09145 4.10611 -15.8421 -10.6663 -0.876987 -39.8926 -0.674123 -6.75433 24.0126 1.01166 -2.39345 -41.5694 -6.22357 1.82545 -8.45974 15.7066 0.801613 -10.1701 12.8571 2.48481e-17 -7.95139e-16 1.2424e-17 -9.50369 -4.32711 2.09145 6.26083 -7.19677 21.5924 0.876987 -39.8926 -0.674123 3.57927 13.2166 -0.18297 2.39345 -41.5694 -6.22357 1.39532 14.2266 -13.0365 -0.801613 -10.1701 12.8571 1.38763e-15 -6.45884e-16 -1.28339e-14 
31.4786 102.716 -125.5 -0.962283 6.20649 -5.08278 0 5.22546 -1.18466 -0.106201 -7.5171 -0.110218 0 5.77894 1.10239 0.0148729 -4.95962 -0.0909725 -1.0557e-17 6.16289 0.118334 0.0962514 -0.836103 -0.0222294 -1.13649e-17 6.69386 -0.456341 0.225983 5.60885 -0.00977415 -2.02997e-17 7.82529 -1.54945 0.313745 9.08508 -0.062746 -2.60628e-17 9.77186 -0.940923 0.35501 10.7118 -0.263662 -2.98794e-17 10.8563 1.62248 0.0466593 -0.318623 0.0128963 -1.32927e-17 4.92478 0.736013 0.34811 9.12139 1.19614 -1.86396e-17 4.96043 0.433981 2.85265 -3.66855 0.517121 -2.06766e-17 4.97002 0.787173 -1.15451 -4.59217 4.06279 1.26863 -7.82717 7.75148 6.88488 -4.53495 5.00788 13.3291 3.34342 -3.36319 -60.2598 2.60202 -12.5148 30.0522 0.0615366 0.141 3.29265 -0.44739 -16.0632 24.9344 0.0510561 0.116988 173.681 -75.8329 171.53 -1.26863 -7.82715 7.75138 -4.32213 -5.22476 -4.14141 -13.3291 3.34342 -3.36319 48.6529 -17.0635 2.76442 -30.0522 0.0615366 0.141 -4.90926 -1.03257 24.3364 -24.9344 0.0510559 0.116988 120.781 -88.5039 116.6 9.50369 -4.32711 2.09145 7.39732 -19.8503 -6.87416 -0.876987 -39.8926 -0.674123 -6.33952 22.6794 0.870647 -2.39345 -41.5694 -6.22357 0.792277 -9.17376 15.8388 0.801613 -10.1701 12.8571 -3.72238e-16 -8.07548e-16 2.4833e-17 -9.50369 -4.32711 2.09145 5.4009 -11.7758 20.8682 0.876987 -39.8926 -0.674123 3.83318 14.1242 -0.227122 2.39345 -41.5694 -6.22357 -1.55231 5.06986 -13.7836 -0.801613 -10.1701 12.8571 -3.37354e-15 -4.47507e-16 -1.26231e-14 
31.6837 105.005 -125.636 -1.07694 8.93716 -4.52193 0 5.22546 -1.18466 0.10051 -8.53711 -0.0782699 0 5.77894 1.10239 0.160854 -5.95432 -0.0133177 -1.0557e-17 6.16289 0.118334 0.180118 -1.53358 0.050434 -1.13649e-17 6.69386 -0.456341 0.242348 5.41547 0.0750366 -2.02997e-17 7.82529 -1.54945 0.27158 9.19768 0.0214286 -2.60628e-17 9.77186 -0.940923 0.251169 11.0253 -0.142555 -2.98794e-17 10.8563 1.62248 0.0512563 -0.357895 0.0432572 -1.32927e-17 4.92478 0.736013 0.118091 9.57017 1.03556 -1.86396e-17 4.96043 0.433981 2.3844 -3.76938 0.42255 -2.06766e-17 4.97002 0.787173 -0.347285 -4.20963 3.08586 1.26863 -7.82717 7.75148 7.96277 -5.26103 5.83504 13.3291 3.34342 -3.36319 -57.4382 -1.43251 -13.0231 30.0522 0.0615366 0.141 3.72616 -0.578734 -18.243 24.9344 0.0510561 0.116988 169.948 -80.1415 168.113 -1.26863 -7.82715 7.75138 -5.02263 -5.79017 -4.70842 -13.3291 3.34342 -3.36319 44.5801 -21.7235 1.91526 -30.0522 0.0615366 0.141 -5.26535 -1.19847 26.223 -24.9344 0.0510559 0.116988 32.4455 -87.4839 27.9564 9.50369 -4.32711 2.09145 9.52537 -22.4395 -6.42236 -0.876987 -39.8926 -0.674123 -5.65749 20.4326 0.659378 -2.39345 -41.5694 -6.22357 -1.47826 -8.24198 15.9581 0.801613 -10.1701 12.8571 2.43647e-17 -7.95154e-16 1.24391e-17 -9.50369 -4.32711 2.09145 3.69671 -14.865 18.7926 0.876987 -39.8926 -0.674123 3.73986 13.7914 -0.210428 2.39345 -41.5694 -6.22357 -3.09473 -2.18408 -14.6533 -0.801613 -10.1701 12.8571 5.9152e-16 -6.20991e-16 -1.27966e-14 
31.8456 106.89 -125.643 -1.07381 9.98859 -4.27375 0 5.22546 -1.18466 0.30789 -9.15791 -0.00340878 0 5.77894 1.10239 0.297546 -6.56354 0.101654 -1.0557e-17 6.16289 0.118334 0.245951 -1.91063 0.154594 -1.13649e-17 6.69386 -0.456341 0.224324 5.3639 0.190319 -2.02997e-17 7.82529 -1.54945 0.200277 9.3776 0.137803 -2.60628e-17 9.77186 -0.940923 0.123843 11.3857 0.0220712 -2.98794e-17 10.8563 1.62248 0.049861 -0.375405 0.0652536 -1.32927e-17 4.92478 0.736013 -0.0516365 9.52847 0.642355 -1.86396e-17 4.96043 0.433981 1.84201 -5.2557 0.2178 -2.06766e-17 4.97002 0.787173 0.206049 -5.12481 2.04442 1.26863 -7.82717 7.75148 8.31901 -5.98448 6.49163 13.3291 3.34342 -3.36319 -53.3664 -5.06392 -14.1152 30.0522 0.0615366 0.141 4.10531 -0.708611 -20.1708 24.9344 0.0510561 0.116988 165.644 -83.2395 164.614 -1.26863 -7.82715 7.75138 -5.82549 -6.2997 -5.34714 -13.3291 3.34342 -3.36319 40.5722 -25.8021 1.22696 -30.0522 0.0615366 0.141 -5.61117 -1.37355 28.0834 -24.9344 0.0510559 0.116988 14.8713 -85.0164 10.2594 9.50369 -4.32711 2.09145 11.2506 -22.8235 -6.24967 -0.876987 -39.8926 -0.674123 -4.98765 18.1637 0.47768 -2.39345 -41.5694 -6.22357 -3.97266 -7.15515 16.0243 0.801613 -10.1701 12.8571 2.48481e-17 -7.95139e-16 1.2424e-17 -9.50369 -4.32711 2.09145 1.86522 -15.7473 16.3064 0.876987 -39.8926 -0.674123 3.43147 12.6854 -0.159123 2.39345 -41.5694 -6.22357 -2.92523 -4.0498 -15.0105 -0.801613 -10.1701 12.8571 -1.97818e-16 -5.83975e-16 -1.27595e-14 
31.9363 108.181 -125.595 -1.07371 10.3026 -4.38765 0 5.22546 -1.18466 0.368252 -9.45827 0.119654 0 5.77894 1.10239 0.308733 -6.8617 0.238963 -1.0557e-17 6.16289 0.118334 0.221865 -2.04012 0.281001 -1.13649e-17 6.69386 -0.456341 0.152959 5.4308 0.325259 -2.02997e-17 7.82529 -1.54945 0.121779 9.59758 0.276837 -2.60628e-17 9.77186 -0.940923 0.0425026 11.7321 0.194727 -2.98794e-17 10.8563 1.62248 0.0566248 -0.394106 0.072242 -1.32927e-17 4.92478 0.736013 -0.115988 10.5636 0.164421 -1.86396e-17 4.96043 0.433981 1.77948 -6.52918 -0.0187847 -2.06766e-17 4.97002 0.787173 0.541924 -7.08348 1.74303 1.26863 -7.82717 7.75148 9.29823 -6.78909 7.30488 13.3291 3.34342 -3.36319 -49.948 -8.5294 -15.6088 30.0522 0.0615366 0.141 4.53153 -0.871964 -22.3653 24.9344 0.0510561 0.116988 156.696 -85.6338 156.245 -1.26863 -7.82715 7.75138 -7.33689 -6.91004 -6.22502 -13.3291 3.34342 -3.36319 37.6658 -29.107 1.28867 -30.0522 0.0615366 0.141 -5.84957 -1.50262 29.3839 -24.9344 0.0510559 0.116988 9.47311 -82.6177 4.85332 9.50369 -4.32711 2.09145 13.367 -22.3226 -4.70659 -0.876987 -39.8926 -0.674123 -4.53271 16.5901 0.369318 -2.39345 -41.5694 -6.22357 -6.46657 -6.84182 16.0214 0.801613 -10.1701 12.8571 2.48481e-17 -7.95139e-16 1.2424e-17 -9.50369 -4.32711 2.09145 0.398779 -15.7031 14.6535 0.876987 -39.8926 -0.674123 3.11895 11.556 -0.113228 2.39345 -41.5694 -6.22357 -1.84197 -3.65407 -15.2264 -0.801613 -10.1701 12.8571 1.98301e-16 -5.96339e-16 -1.27719e-14 
31.9358 108.809 -125.558 -1.1222 10.3545 -4.69511 0 5.22546 -1.18466 0.202896 -9.27692 0.284502 0 5.77894 1.10239 0.127716 -6.73982 0.379083 -1.0557e-17 6.16289 0.118334 0.0537955 -1.9552 0.415345 -1.13649e-17 6.69386 -0.456341 -0.0133253 5.40059 0.464264 -2.02997e-17 7.82529 -1.54945 -0.000740288 9.49699 0.430278 -2.60628e-17 9.77186 -0.940923 -0.0221057 11.644 0.375829 -2.98794e-17 10.8563 1.62248 0.0662498 -0.392438 0.0755905 -1.32927e-17 4.92478 0.736013 -0.132985 11.997 -0.0953955 -1.86396e-17 4.96043 0.433981 2.01397 -6.88386 -0.146097 -2.06766e-17 4.97002 0.787173 1.50436 -7.94965 2.00348 1.26863 -7.82717 7.75148 10.9613 -7.40868 8.10909 13.3291 3.34342 -3.36319 -47.0553 -12.2021 -16.719 30.0522 0.0615366 0.141 5.09236 -1.11623 -25.3045 24.9344 0.0510561 0.116988 114.931 -87.7297 114.922 -1.26863 -7.82715 7.75138 -9.41592 -7.274 -7.07026 -13.3291 3.34342 -3.36319 35.5229 -31.2533 1.60834 -30.0522 0.0615366 0.141 -5.90253 -1.53225 29.675 -24.9344 0.0510559 0.116988 9.69913 -80.8512 5.32452 9.50369 -4.32711 2.09145 15.6171 -21.593 -2.76548 -0.876987 -39.8926 -0.674123 -4.28455 15.7215 0.315453 -2.39345 -41.5694 -6.22357 -8.5317 -7.22925 15.9319 0.801613 -10.1701 12.8571 4.21934e-16 -7.8273e-16 1.51068e-20 -9.50369 -4.32711 2.09145 -0.745559 -15.3521 13.623 0.876987 -39.8926 -0.674123 2.85695 10.603 -0.0795199 2.39345 -41.5694 -6.22357 -0.319541 -3.16271 -15.4563 -0.801613 -10.1701 12.8571 -5.95387e-16 -5.59127e-16 -1.27471e-14 
32.0248 108.982 -125.366 -1.21449 9.73303 -5.1544 0 5.22546 -1.18466 0.0779315 -8.46942 0.427292 0 5.77894 1.10239 -0.00174281 -6.08015 0.494599 -1.0557e-17 6.16289 0.118334 -0.0696264 -1.63114 0.528273 -1.13649e-17 6.69386 -0.456341 -0.138761 5.16172 0.577253 -2.02997e-17 7.82529 -1.54945 -0.0912169 8.86062 0.548708 -2.60628e-17 9.77186 -0.940923 -0.0636063 10.8493 0.515382 -2.98794e-17 10.8563 1.62248 0.0644643 -0.342789 0.0868037 -1.32927e-17 4.92478 0.736013 -0.152935 12.9839 -0.0538482 -1.86396e-17 4.96043 0.433981 2.06653 -6.35779 -0.134036 -2.06766e-17 4.97002 0.787173 2.32315 -7.31183 2.18857 1.26863 -7.82717 7.75148 12.8991 -7.51675 8.68814 13.3291 3.34342 -3.36319 -44.706 -15.53 -16.7399 30.0522 0.0615366 0.141 5.73717 -1.44103 -28.7705 24.9344 0.0510561 0.116988 43.6805 -86.5885 43.9011 -1.26863 -7.82715 7.75138 -12.0465 -7.13432 -7.80389 -13.3291 3.34342 -3.36319 33.0443 -31.8935 1.43194 -30.0522 0.0615366 0.141 -5.92409 -1.54442 29.7936 -24.9344 0.0510559 0.116988 11.4582 -79.9266 7.59295 9.50369 -4.32711 2.09145 17.5997 -19.9304 -1.2609 -0.876987 -39.8926 -0.674123 -4.03284 14.8334 0.26465 -2.39345 -41.5694 -6.22357 -10.2981 -7.41765 15.8061 0.801613 -10.1701 12.8571 4.22417e-16 -7.82715e-16 2.88531e-33 -9.50369 -4.32711 2.09145 -1.74349 -14.1922 13.3986 0.876987 -39.8926 -0.674123 2.60718 9.68972 -0.0514651 2.39345 -41.5694 -6.22357 1.22854 -2.43291 -15.6433 -0.801613 -10.1701 12.8571 -1.99268e-16 -5.839e-16 -1.27595e-14 
32.2495 108.709 -125.048 -1.29056 8.39003 -5.51202 0 5.22546 -1.18466 0.0390324 -7.3067 0.509167 0 5.77894 1.10239 -0.0380195 -5.12806 0.555847 -1.0557e-17 6.16289 0.118334 -0.110458 -1.15201 0.590426 -1.13649e-17 6.69386 -0.456341 -0.187928 4.86543 0.636753 -2.02997e-17 7.82529 -1.54945 -0.126405 8.01755 0.603063 -2.60628e-17 9.77186 -0.940923 -0.0753022 9.74944 0.583594 -2.98794e-17 10.8563 1.62248 0.0557232 -0.267674 0.0929777 -1.32927e-17 4.92478 0.736013 -0.133867 13.8085 0.0238412 -1.86396e-17 4.96043 0.433981 1.96979 -5.7334 -0.105221 -2.06766e-17 4.97002 0.787173 2.61018 -6.57509 2.19303 1.26863 -7.82717 7.75148 15.0242 -7.34703 9.2068 13.3291 3.34342 -3.36319 -43.4935 -18.8102 -16.503 30.0522 0.0615366 0.141 6.37259 -1.81127 -32.2973 24.9344 0.0510561 0.116988 20.1936 -83.0715 20.4705 -1.26863 -7.82715 7.75138 -15.2995 -6.73388 -8.68826 -13.3291 3.34342 -3.36319 30.7394 -31.6401 1.13918 -30.0522 0.0615366 0.141 -6.08125 -1.63488 30.6631 -24.9344 0.0510559 0.116988 11.4026 -79.3051 8.18484 9.50369 -4.32711 2.09145 19.1268 -17.5382 -0.827419 -0.876987 -39.8926 -0.674123 -3.8051 14.0241 0.222042 -2.39345 -41.5694 -6.22357 -11.8681 -7.51703 15.6294 0.801613 -10.1701 12.8571 -3.71745e-16 -8.07532e-16 2.48176e-17 -9.50369 -4.32711 2.09145 -2.6456 -12.3371 14.5085 0.876987 -39.8926 -0.674123 2.44319 9.08779 -0.0352206 2.39345 -41.5694 -6.22357 2.45082 -1.94373 -15.7956 -0.801613 -10.1701 12.8571 -1.98785e-16 -5.8393e-16 -1.27595e-14 
32.5281 107.95 -124.668 -1.30615 6.97467 -5.6916 0 5.22546 -1.18466 -0.0241165 -6.01757 0.530929 0 5.77894 1.10239 -0.081395 -4.10256 0.553067 -1.0557e-17 6.16289 0.118334 -0.143275 -0.650898 0.593687 -1.13649e-17 6.69386 -0.456341 -0.212216 4.52458 0.637637 -2.02997e-17 7.82529 -1.54945 -0.136568 7.09292 0.598474 -2.60628e-17 9.77186 -0.940923 -0.0693407 8.52344 0.586358 -2.98794e-17 10.8563 1.62248 0.045156 -0.18086 0.0974143 -1.32927e-17 4.92478 0.736013 -0.0983454 14.248 0.104207 -1.86396e-17 4.96043 0.433981 1.88009 -5.3295 -0.0721857 -2.06766e-17 4.97002 0.787173 2.62338 -6.29096 2.12926 1.26863 -7.82717 7.75148 17.4021 -7.00085 9.81052 13.3291 3.34342 -3.36319 -43.1629 -22.3826 -16.1392 30.0522 0.0615366 0.141 7.09845 -2.3024 -36.4953 24.9344 0.0510561 0.116988 12.2337 -78.9387 12.793 -1.26863 -7.82715 7.75138 -18.7104 -6.11806 -9.64851 -13.3291 3.34342 -3.36319 28.8145 -31.7155 0.72326 -30.0522 0.0615366 0.141 -6.45826 -1.86515 32.7806 -24.9344 0.0510559 0.116988 9.1723 -78.3911 6.41669 9.50369 -4.32711 2.09145 20.4032 -15.3674 -1.45427 -0.876987 -39.8926 -0.674123 -3.70583 13.6698 0.204476 -2.39345 -41.5694 -6.22357 -13.4801 -7.8532 15.3834 0.801613 -10.1701 12.8571 8.18522e-16 -7.57928e-16 -2.47871e-17 -9.50369 -4.32711 2.09145 -3.45277 -10.5721 16.59 0.876987 -39.8926 -0.674123 2.45176 9.11929 -0.0360267 2.39345 -41.5694 -6.22357 3.66681 -2.08122 -15.9683 -0.801613 -10.1701 12.8571 1.98297e-16 -5.96339e-16 -1.27719e-14 
32.7839 106.745 -124.329 -1.25869 5.599 -5.63886 0 5.22546 -1.18466 -0.170136 -4.77559 0.511974 0 5.77894 1.10239 -0.184675 -3.13848 0.497385 -1.0557e-17 6.16289 0.118334 -0.208354 -0.18303 0.551015 -1.13649e-17 6.69386 -0.456341 -0.242076 4.19819 0.594078 -2.02997e-17 7.82529 -1.54945 -0.136382 6.22942 0.554438 -2.60628e-17 9.77186 -0.940923 -0.0446845 7.36226 0.543139 -2.98794e-17 10.8563 1.62248 0.036217 -0.0948258 0.104968 -1.32927e-17 4.92478 0.736013 -0.0273089 14.4839 0.16486 -1.86396e-17 4.96043 0.433981 1.97199 -4.73892 -0.0399538 -2.06766e-17 4.97002 0.787173 2.56823 -6.03613 2.22302 1.26863 -7.82717 7.75148 19.9172 -6.57876 10.4953 13.3291 3.34342 -3.36319 -43.1836 -26.0797 -15.8254 30.0522 0.0615366 0.141 7.93299 -2.97167 -41.6125 24.9344 0.0510561 0.116988 9.17876 -74.6441 10.3355 -1.26863 -7.82715 7.75138 -21.9855 -5.38452 -10.5997 -13.3291 3.34342 -3.36319 26.9836 -32.5062 0.187095 -30.0522 0.0615366 0.141 -6.99554 -2.22785 35.8855 -24.9344 0.0510559 0.116988 5.73158 -77.146 3.11229 9.50369 -4.32711 2.09145 21.5418 -13.8063 -2.76159 -0.876987 -39.8926 -0.674123 -3.81011 14.042 0.222945 -2.39345 -41.5694 -6.22357 -15.0037 -8.22133 15.1505 0.801613 -10.1701 12.8571 -1.5625e-15 -8.69546e-16 8.6831e-17 -9.50369 -4.32711 2.09145 -4.09197 -9.1023 19.2491 0.876987 -39.8926 -0.674123 2.68291 9.96709 -0.0595494 2.39345 -41.5694 -6.22357 4.72431 -2.54692 -16.1263 -0.801613 -10.1701 12.8571 -1.78662e-15 -5.09492e-16 -1.26975e-14 
32.9769 105.143 -124.022 -1.19047 4.29667 -5.42834 0 5.22546 -1.18466 -0.359405 -3.63089 0.466235 0 5.77894 1.10239 -0.315175 -2.26789 0.404741 -1.0557e-17 6.16289 0.118334 -0.283436 0.229177 0.479109 -1.13649e-17 6.69386 -0.456341 -0.267195 3.87903 0.523145 -2.02997e-17 7.82529 -1.54945 -0.121159 5.43273 0.487564 -2.60628e-17 9.77186 -0.940923 0.00145665 6.27666 0.473278 -2.98794e-17 10.8563 1.62248 0.031441 -0.00760615 0.115991 -1.32927e-17 4.92478 0.736013 0.0671113 14.5109 0.303864 -1.86396e-17 4.96043 0.433981 2.14851 -3.93888 0.0367384 -2.06766e-17 4.97002 0.787173 2.31484 -5.4479 2.21121 1.26863 -7.82717 7.75148 22.3779 -6.09307 11.2046 13.3291 3.34342 -3.36319 -43.5153 -29.4549 -15.9515 30.0522 0.0615366 0.141 8.74496 -3.75472 -47.0002 24.9344 0.0510561 0.116988 7.65437 -69.9275 9.21385 -1.26863 -7.82715 7.75138 -24.9163 -4.59412 -11.489 -13.3291 3.34342 -3.36319 25.2231 -34.1026 -0.293323 -30.0522 0.0615366 0.141 -7.65365 -2.73377 39.8571 -24.9344 0.0510559 0.116988 1.56212 -75.6018 -1.07118 9.50369 -4.32711 2.09145 22.5128 -12.8732 -4.85973 -0.876987 -39.8926 -0.674123 -4.14878 15.2433 0.287568 -2.39345 -41.5694 -6.22357 -16.2913 -8.49995 15.0104 0.801613 -10.1701 12.8571 -3.74186e-16 -8.07639e-16 2.49244e-17 -9.50369 -4.32711 2.09145 -4.3589 -7.87768 22.4726 0.876987 -39.8926 -0.674123 3.09651 11.4746 -0.110169 2.39345 -41.5694 -6.22357 5.54383 -3.10441 -16.2927 -0.801613 -10.1701 12.8571 -1.78906e-15 -5.09386e-16 -1.26974e-14 
33.0941 103.223 -123.746 -1.05042 3.16603 -5.20487 0 5.22546 -1.18466 -0.58071 -2.77279 0.422673 0 5.77894 1.10239 -0.471308 -1.62971 0.30415 -1.0557e-17 6.16289 0.118334 -0.374249 0.52242 0.406321 -1.13649e-17 6.69386 -0.456341 -0.302288 3.62106 0.454066 -2.02997e-17 7.82529 -1.54945 -0.106791 4.83434 0.428832 -2.60628e-17 9.77186 -0.940923 0.0565344 5.44285 0.411158 -2.98794e-17 10.8563 1.62248 0.0332365 0.0618168 0.125164 -1.32927e-17 4.92478 0.736013 0.155428 14.503 0.579691 -1.86396e-17 4.96043 0.433981 2.34527 -3.22268 0.181664 -2.06766e-17 4.97002 0.787173 1.94327 -4.84675 2.01668 1.26863 -7.82717 7.75148 24.6523 -5.72651 11.9835 13.3291 3.34342 -3.36319 -44.4122 -32.6923 -17.1882 30.0522 0.0615366 0.141 9.44531 -4.56564 -52.1108 24.9344 0.0510561 0.116988 6.28302 -64.4812 8.09366 -1.26863 -7.82715 7.75138 -27.3139 -3.96922 -12.3358 -13.3291 3.34342 -3.36319 23.683 -37.014 -0.332495 -30.0522 0.0615366 0.141 -8.36567 -3.3705 44.4216 -24.9344 0.0510559 0.116988 -2.50621 -73.1927 -5.39801 9.50369 -4.32711 2.09145 23.1544 -12.407 -7.88064 -0.876987 -39.8926 -0.674123 -4.62652 16.9166 0.39065 -2.39345 -41.5694 -6.22357 -17.4224 -8.40507 15.112 0.801613 -10.1701 12.8571 -1.96105e-15 -8.82015e-16 9.93008e-17 -9.50369 -4.32711 2.09145 -4.27808 -6.89242 25.9069 0.876987 -39.8926 -0.674123 3.61701 13.3519 -0.189279 2.39345 -41.5694 -6.22357 6.13934 -3.45355 -16.5071 -0.801613 -10.1701 12.8571 -9.949e-16 -5.46612e-16 -1.27222e-14 
33.146 100.978 -123.524 -0.758322 2.30191 -4.90062 0 5.22546 -1.18466 -0.859427 -2.22153 0.40095 0 5.77894 1.10239 -0.682412 -1.24888 0.21422 -1.0557e-17 6.16289 0.118334 -0.508973 0.665739 0.34836 -1.13649e-17 6.69386 -0.456341 -0.373458 3.38989 0.401555 -2.02997e-17 7.82529 -1.54945 -0.114792 4.38807 0.394869 -2.60628e-17 9.77186 -0.940923 0.105482 4.82387 0.373741 -2.98794e-17 10.8563 1.62248 0.0436813 0.119548 0.132747 -1.32927e-17 4.92478 0.736013 0.229617 14.5249 0.889156 -1.86396e-17 4.96043 0.433981 2.50828 -2.78525 0.342351 -2.06766e-17 4.97002 0.787173 1.78309 -4.36896 1.67309 1.26863 -7.82717 7.75148 26.615 -5.49556 12.7792 13.3291 3.34342 -3.36319 -45.4577 -35.5374 -19.6281 30.0522 0.0615366 0.141 10.0309 -5.37437 -56.8688 24.9344 0.0510561 0.116988 4.93742 -59.7224 7.15279 -1.26863 -7.82715 7.75138 -29.0782 -3.57306 -13.088 -13.3291 3.34342 -3.36319 22.3056 -41.1969 0.211947 -30.0522 0.0615366 0.141 -9.00237 -4.03597 48.8172 -24.9344 0.0510559 0.116988 -4.47852 -69.5112 -7.7869 9.50369 -4.32711 2.09145 23.3304 -12.4769 -11.5409 -0.876987 -39.8926 -0.674123 -5.22038 18.9587 0.537853 -2.39345 -41.5694 -6.22357 -18.2773 -8.08293 15.518 0.801613 -10.1701 12.8571 4.19488e-16 -7.82837e-16 1.2204e-19 -9.50369 -4.32711 2.09145 -4.20434 -5.77599 28.4519 0.876987 -39.8926 -0.674123 4.1915 15.394 -0.29622 2.39345 -41.5694 -6.22357 6.66349 -4.31065 -16.7503 -0.801613 -10.1701 12.8571 1.9732e-16 -5.96293e-16 -1.27719e-14 
33.2553 98.4189 -123.275 -0.230531 1.35275 -4.44532 0 5.22546 -1.18466 -1.2013 -1.93472 0.407038 0 5.77894 1.10239 -0.9581 -1.08661 0.140739 -1.0557e-17 6.16289 0.118334 -0.699677 0.697236 0.306003 -1.13649e-17 6.69386 -0.456341 -0.492639 3.2191 0.363795 -2.02997e-17 7.82529 -1.54945 -0.16047 4.11334 0.382787 -2.60628e-17 9.77186 -0.940923 0.130792 4.45618 0.358802 -2.98794e-17 10.8563 1.62248 0.06114 0.173258 0.139801 -1.32927e-17 4.92478 0.736013 0.303903 14.7299 1.10436 -1.86396e-17 4.96043 0.433981 2.65862 -2.6416 0.458287 -2.06766e-17 4.97002 0.787173 1.8589 -4.03854 1.15396 1.26863 -7.82717 7.75148 28.0827 -5.42381 13.5731 13.3291 3.34342 -3.36319 -46.4874 -37.6878 -23.3755 30.0522 0.0615366 0.141 10.5124 -6.16469 -61.2769 24.9344 0.0510561 0.116988 4.24765 -56.071 6.94731 -1.26863 -7.82715 7.75138 -30.256 -3.42803 -13.7888 -13.3291 3.34342 -3.36319 20.9389 -46.0699 1.6083 -30.0522 0.0615366 0.141 -9.46226 -4.58704 52.2393 -24.9344 0.0510559 0.116988 -3.72994 -65.0763 -7.45708 9.50369 -4.32711 2.09145 22.7164 -12.5948 -15.8577 -0.876987 -39.8926 -0.674123 -5.89905 21.236 0.731226 -2.39345 -41.5694 -6.22357 -18.7361 -7.80866 16.2031 0.801613 -10.1701 12.8571 2.53362e-17 -7.95123e-16 1.24088e-17 -9.50369 -4.32711 2.09145 -4.60825 -4.06084 28.9669 0.876987 -39.8926 -0.674123 4.91886 17.9274 -0.460502 2.39345 -41.5694 -6.22357 6.90986 -6.27086 -16.918 -0.801613 -10.1701 12.8571 -1.38954e-15 -5.3431e-16 -1.27099e-14 
33.3634 95.5429 -123.085 0.332008 0.424717 -4.12086 0 5.22546 -1.18466 -1.47061 -1.88608 0.429285 0 5.77894 1.10239 -1.16745 -1.08959 0.0909497 -1.0557e-17 6.16289 0.118334 -0.836784 0.668536 0.284713 -1.13649e-17 6.69386 -0.456341 -0.573351 3.14247 0.345704 -2.02997e-17 7.82529 -1.54945 -0.181332 4.04415 0.386699 -2.60628e-17 9.77186 -0.940923 0.170788 4.37115 0.352904 -2.98794e-17 10.8563 1.62248 0.0820599 0.207489 0.146189 -1.32927e-17 4.92478 0.736013 0.428061 14.8061 1.18465 -1.86396e-17 4.96043 0.433981 2.95134 -2.97296 0.51412 -2.06766e-17 4.97002 0.787173 1.45915 -4.27068 0.57485 1.26863 -7.82717 7.75148 29.0241 -5.48865 14.3965 13.3291 3.34342 -3.36319 -47.5904 -39.2103 -28.4773 30.0522 0.0615366 0.141 10.887 -6.89281 -65.177 24.9344 0.0510561 0.116988 4.85965 -53.0567 7.81021 -1.26863 -7.82715 7.75138 -30.87 -3.47657 -14.5331 -13.3291 3.34342 -3.36319 19.9795 -51.5983 4.71145 -30.0522 0.0615366 0.141 -9.77971 -5.00998 54.7592 -24.9344 0.0510559 0.116988 -1.34564 -60.1878 -5.19711 9.50369 -4.32711 2.09145 21.7126 -12.5681 -20.1492 -0.876987 -39.8926 -0.674123 -6.70458 23.8541 0.994263 -2.39345 -41.5694 -6.22357 -18.5887 -8.03977 16.9163 0.801613 -10.1701 12.8571 4.21929e-16 -7.8273e-16 1.52549e-20 -9.50369 -4.32711 2.09145 -4.74876 -2.53269 29.0926 0.876987 -39.8926 -0.674123 5.77185 20.814 -0.692982 2.39345 -41.5694 -6.22357 5.68359 -9.02385 -16.8966 -0.801613 -10.1701 12.8571 -2.00249e-16 -5.83869e-16 -1.27594e-14 
33.223 92.3102 -122.558 0.642712 -1.01618 -4.16237 0 5.22546 -1.18466 -1.70549 -1.73187 0.460535 0 5.77894 1.10239 -1.3479 -1.00677 0.0547371 -1.0557e-17 6.16289 0.118334 -0.954044 0.686549 0.272384 -1.13649e-17 6.69386 -0.456341 -0.640967 3.05484 0.331771 -2.02997e-17 7.82529 -1.54945 -0.195463 3.93161 0.397902 -2.60628e-17 9.77186 -0.940923 0.21518 4.2281 0.351545 -2.98794e-17 10.8563 1.62248 0.0960173 0.255315 0.144466 -1.32927e-17 4.92478 0.736013 0.523157 14.8469 1.21711 -1.86396e-17 4.96043 0.433981 3.17791 -3.1817 0.544686 -2.06766e-17 4.97002 0.787173 0.966716 -4.31631 0.571654 1.26863 -7.82717 7.75148 29.7771 -5.51373 15.0803 13.3291 3.34342 -3.36319 -48.9867 -40.584 -34.3876 30.0522 0.0615366 0.141 11.1339 -7.45182 -68.0888 24.9344 0.0510561 0.116988 4.88468 -49.874 8.10648 -1.26863 -7.82715 7.75138 -31.1454 -3.51924 -15.2703 -13.3291 3.34342 -3.36319 20.7506 -57.2506 10.2872 -30.0522 0.0615366 0.141 -10.0448 -5.39519 56.9866 -24.9344 0.0510559 0.116988 1.7189 -55.115 -2.53475 9.50369 -4.32711 2.09145 21.0315 -11.673 -23.3112 -0.876987 -39.8926 -0.674123 -7.82078 27.3183 1.4157 -2.39345 -41.5694 -6.22357 -18.0748 -9.06404 17.3842 0.801613 -10.1701 12.8571 -7.68826e-16 -8.3235e-16 4.96351e-17 -9.50369 -4.32711 2.09145 -4.23509 -2.28007 29.9065 0.876987 -39.8926 -0.674123 7.37895 25.9704 -1.24123 2.39345 -41.5694 -6.22357 2.42145 -15.9305 -16.78 -0.801613 -10.1701 12.8571 -5.95866e-16 -5.59112e-16 -1.27471e-14 
32.8623 88.8394 -121.684 -0.0968842 -3.24205 -4.14629 0 5.22546 -1.18466 -1.64791 -1.40332 0.465879 0 5.77894 1.10239 -1.27263 -0.790509 0.0573629 -1.0557e-17 6.16289 0.118334 -0.88146 0.776098 0.298717 -1.13649e-17 6.69386 -0.456341 -0.581502 2.91769 0.363303 -2.02997e-17 7.82529 -1.54945 -0.145139 3.70614 0.434621 -2.60628e-17 9.77186 -0.940923 0.266911 3.94775 0.363482 -2.98794e-17 10.8563 1.62248 0.101631 0.344353 0.156879 -1.32927e-17 4.92478 0.736013 0.56222 15.0391 1.07238 -1.86396e-17 4.96043 0.433981 3.12251 -2.9442 0.484572 -2.06766e-17 4.97002 0.787173 1.08252 -3.32528 0.926654 1.26863 -7.82717 7.75148 30.1664 -5.55883 15.5384 13.3291 3.34342 -3.36319 -51.2618 -40.8099 -40.8296 30.0522 0.0615366 0.141 11.3211 -7.93589 -70.5631 24.9344 0.0510561 0.116988 3.78137 -46.3664 7.11176 -1.26863 -7.82715 7.75138 -31.1725 -3.54952 -15.7315 -13.3291 3.34342 -3.36319 23.4788 -61.8601 17.2479 -30.0522 0.0615366 0.141 -10.3562 -5.89285 59.7826 -24.9344 0.0510559 0.116988 4.54415 -49.5155 0.360489 9.50369 -4.32711 2.09145 21.3226 -10.0583 -25.6144 -0.876987 -39.8926 -0.674123 -9.04079 30.876 1.94665 -2.39345 -41.5694 -6.22357 -17.0111 -12.7624 16.8789 0.801613 -10.1701 12.8571 4.20953e-16 -7.82776e-16 6.10198e-20 -9.50369 -4.32711 2.09145 -2.84989 -1.07191 30.2591 0.876987 -39.8926 -0.674123 9.12184 31.1038 -1.98437 2.39345 -41.5694 -6.22357 -0.481178 -22.5339 -16.9429 -0.801613 -10.1701 12.8571 2.18321e-15 -6.8317e-16 -1.28587e-14 
32.7215 86.6691 -121.114 -2.47622 -7.51036 -3.42692 0 5.22546 -1.18466 -1.10343 -1.17109 0.37316 0 5.77894 1.10239 -0.749718 -0.499982 0.0462778 -1.0557e-17 6.16289 0.118334 -0.449196 1.21718 0.317597 -1.13649e-17 6.69386 -0.456341 -0.242341 3.46977 0.39981 -2.02997e-17 7.82529 -1.54945 0.0667952 4.44068 0.439991 -2.60628e-17 9.77186 -0.940923 0.365071 4.87521 0.321 -2.98794e-17 10.8563 1.62248 0.109638 0.353672 0.165667 -1.32927e-17 4.92478 0.736013 0.67097 15.7415 0.455099 -1.86396e-17 4.96043 0.433981 2.95605 -3.47426 0.20655 -2.06766e-17 4.97002 0.787173 1.35707 -2.02107 1.36051 1.26863 -7.82717 7.75148 29.6751 -6.61085 16.1325 13.3291 3.34342 -3.36319 -56.5121 -39.2559 -50.3927 30.0522 0.0615366 0.141 11.4881 -8.43021 -73.0523 24.9344 0.0510561 0.116988 1.52043 -41.3868 6.06662 -1.26863 -7.82715 7.75138 -30.816 -4.54246 -16.0394 -13.3291 3.34342 -3.36319 31.3534 -65.6651 28.4644 -30.0522 0.0615366 0.141 -10.8597 -6.83522 64.8725 -24.9344 0.0510559 0.116988 5.13313 -43.3246 0.448112 9.50369 -4.32711 2.09145 23.4128 -6.68406 -27.2945 -0.876987 -39.8926 -0.674123 -9.82733 33.0403 2.32485 -2.39345 -41.5694 -6.22357 -15.8198 -15.781 16.7178 0.801613 -10.1701 12.8571 8.19499e-16 -7.57897e-16 -2.48176e-17 -9.50369 -4.32711 2.09145 -0.704809 3.03095 28.749 0.876987 -39.8926 -0.674123 9.95596 33.3846 -2.38923 2.39345 -41.5694 -6.22357 -3.05398 -25.5913 -17.1735 -0.801613 -10.1701 12.8571 -9.90018e-16 -5.46826e-16 -1.27224e-14 
32.5568 85.496 -120.3 -3.96218 -7.61736 -2.88067 0 5.22546 -1.18466 -0.434051 -2.92177 0.262848 0 5.77894 1.10239 -0.147115 -1.68748 0.0315349 -1.0557e-17 6.16289 0.118334 0.0419793 0.920071 0.319284 -1.13649e-17 6.69386 -0.456341 0.120439 4.50805 0.41315 -2.02997e-17 7.82529 -1.54945 0.256947 6.46831 0.414921 -2.60628e-17 9.77186 -0.940923 0.396223 7.52565 0.270204 -2.98794e-17 10.8563 1.62248 0.125119 0.124846 0.133177 -1.32927e-17 4.92478 0.736013 0.694337 17.0117 0.10877 -1.86396e-17 4.96043 0.433981 2.57943 -3.77906 0.0468684 -2.06766e-17 4.97002 0.787173 1.02582 -4.97564 1.34743 1.26863 -7.82717 7.75148 28.6992 -8.2257 17.2849 13.3291 3.34342 -3.36319 -60.2493 -36.9545 -56.4641 30.0522 0.0615366 0.141 11.7825 -9.558 -78.6233 24.9344 0.0510561 0.116988 1.33021 -38.4212 6.69004 -1.26863 -7.82715 7.75138 -30.133 -6.21425 -16.6487 -13.3291 3.34342 -3.36319 42.0328 -66.396 42.2738 -30.0522 0.0615366 0.141 -11.3182 -7.92762 70.5205 -24.9344 0.0510559 0.116988 2.92637 -37.8375 -0.665262 9.50369 -4.32711 2.09145 25.0185 -6.84899 -27.4619 -0.876987 -39.8926 -0.674123 -10.147 33.8909 2.48611 -2.39345 -41.5694 -6.22357 -15.9867 -17.4935 16.6837 0.801613 -10.1701 12.8571 2.58244e-17 -7.95093e-16 1.23783e-17 -9.50369 -4.32711 2.09145 0.752394 2.77766 27.5728 0.876987 -39.8926 -0.674123 10.6321 35.1498 -2.73877 2.39345 -41.5694 -6.22357 -4.61421 -27.618 -17.6632 -0.801613 -10.1701 12.8571 -1.99761e-16 -5.83884e-16 -1.27594e-14 
31.7823 84.9417 -119.35 -3.24849 -3.44725 -3.61164 0 5.22546 -1.18466 -0.517661 -5.42903 0.282859 0 5.77894 1.10239 -0.245628 -3.71427 0.0347395 -1.0557e-17 6.16289 0.118334 -0.0374522 -0.182409 0.315771 -1.13649e-17 6.69386 -0.456341 0.0528617 4.91089 0.396951 -2.02997e-17 7.82529 -1.54945 0.190642 7.85615 0.410514 -2.60628e-17 9.77186 -0.940923 0.339644 9.52991 0.262333 -2.98794e-17 10.8563 1.62248 0.15435 -0.117872 0.0445374 -1.32927e-17 4.92478 0.736013 0.693035 17.9662 0.191203 -1.86396e-17 4.96043 0.433981 2.95548 -3.86719 0.0942867 -2.06766e-17 4.97002 0.787173 0.66341 -8.95399 2.23299 1.26863 -7.82717 7.75148 27.8754 -8.9736 17.7508 13.3291 3.34342 -3.36319 -59.2566 -37.1076 -56.4772 30.0522 0.0615366 0.141 11.9789 -10.8425 -84.8541 24.9344 0.0510561 0.116988 2.2446 -38.1886 7.85937 -1.26863 -7.82715 7.75138 -29.2742 -7.21254 -17.2145 -13.3291 3.34342 -3.36319 50.5127 -64.9408 52.4098 -30.0522 0.0615366 0.141 -11.6063 -8.83126 75.0479 -24.9344 0.0510559 0.116988 1.33691 -32.6773 -2.04178 9.50369 -4.32711 2.09145 25.4803 -10.1942 -24.1725 -0.876987 -39.8926 -0.674123 -10.3302 34.3709 2.58044 -2.39345 -41.5694 -6.22357 -16.8404 -18.4007 16.0842 0.801613 -10.1701 12.8571 4.21929e-16 -7.8273e-16 1.52549e-20 -9.50369 -4.32711 2.09145 0.364953 -1.87696 28.3519 0.876987 -39.8926 -0.674123 11.051 36.2061 -2.96436 2.39345 -41.5694 -6.22357 -4.73157 -30.8408 -18.326 -0.801613 -10.1701 12.8571 -5.95866e-16 -5.59112e-16 -1.27471e-14 
30.9603 84.8305 -118.068 -1.54706 -3.22944 -4.35627 0 5.22546 -1.18466 -1.05981 -6.40725 0.345969 0 5.77894 1.10239 -0.763359 -4.52112 0.0159697 -1.0557e-17 6.16289 0.118334 -0.466724 -0.750426 0.270985 -1.13649e-17 6.69386 -0.456341 -0.275228 4.73573 0.325424 -2.02997e-17 7.82529 -1.54945 -0.0220307 7.87854 0.389096 -2.60628e-17 9.77186 -0.940923 0.239541 9.67608 0.271205 -2.98794e-17 10.8563 1.62248 0.143464 -0.181736 0.0147181 -1.32927e-17 4.92478 0.736013 0.603517 17.6528 0.330909 -1.86396e-17 4.96043 0.433981 3.15642 -3.66542 0.158722 -2.06766e-17 4.97002 0.787173 1.33721 -7.74641 2.98726 1.26863 -7.82717 7.75148 27.4532 -8.57502 16.801 13.3291 3.34342 -3.36319 -54.514 -38.564 -52.6454 30.0522 0.0615366 0.141 12.0112 -11.2479 -86.8082 24.9344 0.0510561 0.116988 2.3998 -40.1788 7.84698 -1.26863 -7.82715 7.75138 -28.6551 -7.25185 -16.8353 -13.3291 3.34342 -3.36319 47.0298 -62.926 50.0849 -30.0522 0.0615366 0.141 -11.4853 -8.42124 73.0069 -24.9344 0.0510559 0.116988 1.65725 -32.8101 0.324977 9.50369 -4.32711 2.09145 24.6503 -9.24152 -21.2261 -0.876987 -39.8926 -0.674123 -9.98538 33.4629 2.40405 -2.39345 -41.5694 -6.22357 -17.3646 -17.7484 15.4826 0.801613 -10.1701 12.8571 1.61365e-15 -7.3308e-16 -4.96346e-17 -9.50369 -4.32711 2.09145 -1.38581 -2.71887 29.3633 0.876987 -39.8926 -0.674123 11.442 37.1671 -3.18096 2.39345 -41.5694 -6.22357 -3.36597 -32.2029 -18.2853 -0.801613 -10.1701 12.8571 1.97799e-16 -5.96308e-16 -1.27719e-14 
30.1185 85.4521 -117.118 -0.598362 -5.42572 -4.00322 0 5.22546 -1.18466 -1.43675 -6.65596 0.370768 0 5.77894 1.10239 -1.10401 -4.5986 -0.0204224 -1.0557e-17 6.16289 0.118334 -0.74296 -0.663435 0.206811 -1.13649e-17 6.69386 -0.456341 -0.477039 4.98749 0.243872 -2.02997e-17 7.82529 -1.54945 -0.144392 8.26041 0.343924 -2.60628e-17 9.77186 -0.940923 0.191297 10.1047 0.256863 -2.98794e-17 10.8563 1.62248 0.130486 -0.254225 0.0148207 -1.32927e-17 4.92478 0.736013 0.572031 17.1028 0.391927 -1.86396e-17 4.96043 0.433981 3.1463 -4.39696 0.172678 -2.06766e-17 4.97002 0.787173 1.98605 -6.09973 2.61798 1.26863 -7.82717 7.75148 26.8048 -8.61758 15.8379 13.3291 3.34342 -3.36319 -50.2105 -39.6349 -50.5376 30.0522 0.0615366 0.141 11.9597 -10.6596 -83.9713 24.9344 0.0510561 0.116988 2.3827 -42.3445 6.96458 -1.26863 -7.82715 7.75138 -28.031 -7.56319 -16.2346 -13.3291 3.34342 -3.36319 41.9468 -61.2723 45.7798 -30.0522 0.0615366 0.141 -11.1229 -7.42504 67.9502 -24.9344 0.0510559 0.116988 2.74472 -32.9054 2.91692 9.50369 -4.32711 2.09145 23.3957 -6.48436 -21.4852 -0.876987 -39.8926 -0.674123 -9.3046 31.6133 2.07049 -2.39345 -41.5694 -6.22357 -16.9085 -15.375 15.9691 0.801613 -10.1701 12.8571 2.0122e-15 -7.08201e-16 -7.45134e-17 -9.50369 -4.32711 2.09145 -2.39925 -1.10374 29.4212 0.876987 -39.8926 -0.674123 11.6231 37.6037 -3.28314 2.39345 -41.5694 -6.22357 -2.72575 -29.8302 -17.9364 -0.801613 -10.1701 12.8571 -5.95368e-16 -5.59128e-16 -1.27471e-14 
29.3119 86.7774 -116.716 -0.719961 -4.94337 -3.46949 0 5.22546 -1.18466 -1.4463 -7.46286 0.322768 0 5.77894 1.10239 -1.10374 -5.17537 -0.0609936 -1.0557e-17 6.16289 0.118334 -0.74396 -0.775631 0.156059 -1.13649e-17 6.69386 -0.456341 -0.476637 5.50911 0.195142 -2.02997e-17 7.82529 -1.54945 -0.161465 9.26777 0.290283 -2.60628e-17 9.77186 -0.940923 0.145591 11.3725 0.223513 -2.98794e-17 10.8563 1.62248 0.131294 -0.397482 0.00787326 -1.32927e-17 4.92478 0.736013 0.504212 17.4544 0.919962 -1.86396e-17 4.96043 0.433981 3.07959 -4.14659 0.399965 -2.06766e-17 4.97002 0.787173 2.09423 -7.4141 1.7552 1.26863 -7.82717 7.75148 25.7167 -9.44281 15.707 13.3291 3.34342 -3.36319 -48.006 -39.5658 -50.3581 30.0522 0.0615366 0.141 11.8296 -9.79468 -79.7782 24.9344 0.0510561 0.116988 3.45065 -43.4799 6.67276 -1.26863 -7.82715 7.75138 -27.4102 -8.20567 -15.7392 -13.3291 3.34342 -3.36319 37.2664 -60.2543 39.9138 -30.0522 0.0615366 0.141 -10.8324 -6.77868 64.5737 -24.9344 0.0510559 0.116988 1.62019 -33.4538 2.18908 9.50369 -4.32711 2.09145 23.0752 -5.95887 -22.5516 -0.876987 -39.8926 -0.674123 -8.3259 28.8208 1.62698 -2.39345 -41.5694 -6.22357 -16.8094 -12.2904 16.9894 0.801613 -10.1701 12.8571 8.21465e-16 -7.57805e-16 -2.49097e-17 -9.50369 -4.32711 2.09145 -2.26575 -1.13109 29.3351 0.876987 -39.8926 -0.674123 10.7953 35.5647 -2.82584 2.39345 -41.5694 -6.22357 -1.86067 -26.5242 -17.7026 -0.801613 -10.1701 12.8571 1.97799e-16 -5.96308e-16 -1.27719e-14 
28.7162 88.7121 -116.984 -0.634263 -4.68461 -3.25972 0 5.22546 -1.18466 -1.48788 -7.95001 0.282137 0 5.77894 1.10239 -1.14519 -5.49204 -0.0927088 -1.0557e-17 6.16289 0.118334 -0.80132 -0.801428 0.10271 -1.13649e-17 6.69386 -0.456341 -0.541085 5.83772 0.13699 -2.02997e-17 7.82529 -1.54945 -0.245961 9.87995 0.230753 -2.60628e-17 9.77186 -0.940923 0.0249689 12.1129 0.203206 -2.98794e-17 10.8563 1.62248 0.107621 -0.513633 0.00641139 -1.32927e-17 4.92478 0.736013 0.416732 17.0109 1.27377 -1.86396e-17 4.96043 0.433981 2.83541 -4.14091 0.54391 -2.06766e-17 4.97002 0.787173 2.28782 -7.45323 1.58355 1.26863 -7.82717 7.75148 23.8223 -10.0535 14.6116 13.3291 3.34342 -3.36319 -44.9338 -40.0933 -48.3525 30.0522 0.0615366 0.141 11.5523 -8.64159 -74.1068 24.9344 0.0510561 0.116988 3.15738 -45.0197 5.16627 -1.26863 -7.82715 7.75138 -26.3817 -8.54316 -14.6528 -13.3291 3.34342 -3.36319 29.5414 -57.6594 30.3921 -30.0522 0.0615366 0.141 -10.4122 -5.98846 60.3105 -24.9344 0.0510559 0.116988 -0.18799 -36.6567 1.97314 9.50369 -4.32711 2.09145 22.4905 -4.80906 -23.4553 -0.876987 -39.8926 -0.674123 -6.96583 24.6823 1.08711 -2.39345 -41.5694 -6.22357 -17.5644 -6.85891 18.3064 0.801613 -10.1701 12.8571 3.20245e-15 -6.58597e-16 -1.24117e-16 -9.50369 -4.32711 2.09145 -2.77654 -0.236519 29.3564 0.876987 -39.8926 -0.674123 9.23406 31.4173 -2.03707 2.39345 -41.5694 -6.22357 0.239497 -22.5156 -17.4773 -0.801613 -10.1701 12.8571 -5.95368e-16 -5.59128e-16 -1.27471e-14 
28.3455 91.0619 -117.713 -0.500504 -4.7498 -3.05837 0 5.22546 -1.18466 -1.41929 -8.46925 0.253848 0 5.77894 1.10239 -1.09551 -5.8143 -0.0896499 -1.0557e-17 6.16289 0.118334 -0.790645 -0.826628 0.0788499 -1.13649e-17 6.69386 -0.456341 -0.560934 6.16853 0.107975 -2.02997e-17 7.82529 -1.54945 -0.294749 10.4907 0.193543 -2.60628e-17 9.77186 -0.940923 -0.0685483 12.8229 0.198412 -2.98794e-17 10.8563 1.62248 0.0814578 -0.628587 -0.000812649 -1.32927e-17 4.92478 0.736013 0.372885 16.3438 1.42528 -1.86396e-17 4.96043 0.433981 2.47825 -4.15248 0.590707 -2.06766e-17 4.97002 0.787173 2.33471 -6.75302 1.50521 1.26863 -7.82717 7.75148 21.3924 -10.5444 13.0502 13.3291 3.34342 -3.36319 -41.5103 -40.1977 -45.1436 30.0522 0.0615366 0.141 11.1355 -7.45574 -68.1091 24.9344 0.0510561 0.116988 2.8649 -46.7435 3.88247 -1.26863 -7.82715 7.75138 -25.023 -8.98772 -13.2893 -13.3291 3.34342 -3.36319 25.5311 -54.4008 23.7676 -30.0522 0.0615366 0.141 -10.0241 -5.36399 56.8085 -24.9344 0.0510559 0.116988 -1.35782 -38.9085 1.45495 9.50369 -4.32711 2.09145 21.8681 -3.07519 -23.6662 -0.876987 -39.8926 -0.674123 -5.39354 19.5457 0.584676 -2.39345 -41.5694 -6.22357 -18.3821 0.933923 20.3106 0.801613 -10.1701 12.8571 -1.13872e-14 -2.07306e-15 1.31516e-15 -9.50369 -4.32711 2.09145 -3.57474 1.61705 29.3397 0.876987 -39.8926 -0.674123 7.29712 25.7174 -1.21 2.39345 -41.5694 -6.22357 2.50644 -16.8556 -17.3636 -0.801613 -10.1701 12.8571 -1.99278e-16 -5.83899e-16 -1.27595e-14 
28.4435 93.4798 -118.881 -0.420034 -4.30799 -2.48997 0 5.22546 -1.18466 -1.31605 -8.87758 0.187202 0 5.77894 1.10239 -1.02856 -6.07621 -0.0904748 -1.0557e-17 6.16289 0.118334 -0.769406 -0.855325 0.0567169 -1.13649e-17 6.69386 -0.456341 -0.571237 6.43404 0.0877771 -2.02997e-17 7.82529 -1.54945 -0.339202 10.9872 0.159985 -2.60628e-17 9.77186 -0.940923 -0.174035 13.4054 0.1874 -2.98794e-17 10.8563 1.62248 0.0564756 -0.712773 0.0024217 -1.32927e-17 4.92478 0.736013 0.296707 15.7101 1.47972 -1.86396e-17 4.96043 0.433981 2.26394 -3.91616 0.599096 -2.06766e-17 4.97002 0.787173 2.47843 -6.12789 1.40124 1.26863 -7.82717 7.75148 19.0211 -10.9319 11.5137 13.3291 3.34342 -3.36319 -38.701 -39.4569 -42.5783 30.0522 0.0615366 0.141 10.6267 -6.37422 -62.4134 24.9344 0.0510561 0.116988 3.77431 -48.2207 4.37889 -1.26863 -7.82715 7.75138 -23.3815 -9.3804 -11.7196 -13.3291 3.34342 -3.36319 23.3235 -51.9804 17.7988 -30.0522 0.0615366 0.141 -9.79136 -5.02623 54.8544 -24.9344 0.0510559 0.116988 -2.18431 -40.8334 -0.412105 9.50369 -4.32711 2.09145 21.4273 -2.58419 -22.6511 -0.876987 -39.8926 -0.674123 -4.14298 15.2228 0.286401 -2.39345 -41.5694 -6.22357 -19.0991 7.63628 22.1001 0.801613 -10.1701 12.8571 1.62412e-14 6.92311e-16 -1.4874e-15 -9.50369 -4.32711 2.09145 -4.45988 2.70468 28.305 0.876987 -39.8926 -0.674123 5.57727 20.1641 -0.636251 2.39345 -41.5694 -6.22357 5.24916 -9.77602 -17.6065 -0.801613 -10.1701 12.8571 -1.98785e-16 -5.8393e-16 -1.27595e-14 
28.995 96.0667 -119.935 -0.34656 -3.06184 -2.2629 0 5.22546 -1.18466 -1.07505 -9.13664 0.106063 0 5.77894 1.10239 -0.851028 -6.24015 -0.0735402 -1.0557e-17 6.16289 0.118334 -0.66292 -0.905437 0.0472341 -1.13649e-17 6.69386 -0.456341 -0.519014 6.55044 0.0799619 -2.02997e-17 7.82529 -1.54945 -0.342583 11.2089 0.127815 -2.60628e-17 9.77186 -0.940923 -0.259481 13.6636 0.163057 -2.98794e-17 10.8563 1.62248 0.0235924 -0.767726 0.022747 -1.32927e-17 4.92478 0.736013 0.167498 14.7596 1.64062 -1.86396e-17 4.96043 0.433981 2.07038 -3.51379 0.673691 -2.06766e-17 4.97002 0.787173 2.16555 -5.5405 0.992525 1.26863 -7.82717 7.75148 16.5441 -11.0012 9.93015 13.3291 3.34342 -3.36319 -36.0958 -38.2719 -39.4506 30.0522 0.0615366 0.141 9.95637 -5.26326 -56.2316 24.9344 0.0510561 0.116988 4.61122 -50.0643 4.37739 -1.26863 -7.82715 7.75138 -21.2609 -9.42443 -10.1523 -13.3291 3.34342 -3.36319 20.8888 -48.6823 11.9103 -30.0522 0.0615366 0.141 -9.47009 -4.597 52.2996 -24.9344 0.0510559 0.116988 -3.14841 -44.2024 -1.43284 9.50369 -4.32711 2.09145 21.2952 -4.26388 -19.8749 -0.876987 -39.8926 -0.674123 -3.81049 14.0434 0.223015 -2.39345 -41.5694 -6.22357 -18.6435 6.71024 21.2957 0.801613 -10.1701 12.8571 1.6333e-15 -7.31247e-16 -5.14829e-17 -9.50369 -4.32711 2.09145 -5.32666 2.39523 26.412 0.876987 -39.8926 -0.674123 4.09912 15.0679 -0.277649 2.39345 -41.5694 -6.22357 7.90673 -0.440354 -18.2797 -0.801613 -10.1701 12.8571 -2.97832e-15 -4.59844e-16 -1.26354e-14 
29.7537 98.679 -121.18 -0.124359 -1.03708 -2.70772 0 5.22546 -1.18466 -0.776272 -9.4652 0.0518571 0 5.77894 1.10239 -0.636142 -6.47977 -0.0221896 -1.0557e-17 6.16289 0.118334 -0.531838 -1.03728 0.0654254 -1.13649e-17 6.69386 -0.456341 -0.4534 6.61562 0.0971645 -2.02997e-17 7.82529 -1.54945 -0.340851 11.3947 0.122835 -2.60628e-17 9.77186 -0.940923 -0.341943 13.9137 0.161845 -2.98794e-17 10.8563 1.62248 -0.00738332 -0.821593 0.0366107 -1.32927e-17 4.92478 0.736013 0.0418989 13.5215 1.72087 -1.86396e-17 4.96043 0.433981 1.84839 -3.40053 0.714446 -2.06766e-17 4.97002 0.787173 1.41898 -5.07014 0.928389 1.26863 -7.82717 7.75148 13.8192 -10.9107 8.42461 13.3291 3.34342 -3.36319 -33.4358 -37.1245 -36.0737 30.0522 0.0615366 0.141 9.13583 -4.18926 -49.788 24.9344 0.0510561 0.116988 5.16847 -52.6418 4.09436 -1.26863 -7.82715 7.75138 -18.5973 -9.37883 -8.71027 -13.3291 3.34342 -3.36319 19.5541 -45.6073 7.77667 -30.0522 0.0615366 0.141 -8.98542 -4.01686 48.6952 -24.9344 0.0510559 0.116988 -3.19855 -48.0505 -1.26859 9.50369 -4.32711 2.09145 21.1081 -6.90519 -15.2675 -0.876987 -39.8926 -0.674123 -3.73422 13.7712 0.209437 -2.39345 -41.5694 -6.22357 -17.8706 3.14951 19.5531 0.801613 -10.1701 12.8571 -4.34102e-15 -9.81191e-16 1.98477e-16 -9.50369 -4.32711 2.09145 -6.16922 0.569634 24.2183 0.876987 -39.8926 -0.674123 2.78522 10.3412 -0.0710546 2.39345 -41.5694 -6.22357 10.5109 10.8573 -19.3121 -0.801613 -10.1701 12.8571 -1.79054e-15 -5.09324e-16 -1.26973e-14 
30.5537 101.221 -122.683 -0.0179046 1.72405 -3.52444 0 5.22546 -1.18466 -0.363601 -9.85219 0.0195872 0 5.77894 1.10239 -0.327064 -6.79591 0.0571833 -1.0557e-17 6.16289 0.118334 -0.32688 -1.25392 0.107419 -1.13649e-17 6.69386 -0.456341 -0.334057 6.63143 0.138541 -2.02997e-17 7.82529 -1.54945 -0.304474 11.5555 0.14395 -2.60628e-17 9.77186 -0.940923 -0.400372 14.1509 0.180186 -2.98794e-17 10.8563 1.62248 -0.0396248 -0.864655 0.0511564 -1.32927e-17 4.92478 0.736013 -0.11095 11.8446 1.93921 -1.86396e-17 4.96043 0.433981 1.44657 -3.4918 0.823901 -2.06766e-17 4.97002 0.787173 0.633619 -4.68629 0.754927 1.26863 -7.82717 7.75148 10.9039 -10.5777 6.98461 13.3291 3.34342 -3.36319 -30.9689 -35.9309 -32.2701 30.0522 0.0615366 0.141 8.30581 -3.31306 -44.0272 24.9344 0.0510561 0.116988 5.36438 -56.3686 3.72368 -1.26863 -7.82715 7.75138 -15.2941 -9.19049 -7.26148 -13.3291 3.34342 -3.36319 18.7568 -42.9264 4.99812 -30.0522 0.0615366 0.141 -8.31093 -3.31781 44.0587 -24.9344 0.0510559 0.116988 -2.03813 -51.6417 0.200762 9.50369 -4.32711 2.09145 20.8739 -10.1782 -10.425 -0.876987 -39.8926 -0.674123 -3.69236 13.6216 0.20214 -2.39345 -41.5694 -6.22357 -17.2364 1.73519 18.5791 0.801613 -10.1701 12.8571 -5.14257e-15 -1.01873e-15 2.36011e-16 -9.50369 -4.32711 2.09145 -6.69679 -2.82959 22.2798 0.876987 -39.8926 -0.674123 2.02889 7.56006 -0.00190798 2.39345 -41.5694 -6.22357 11.6729 17.2782 -19.7051 -0.801613 -10.1701 12.8571 8.88237e-15 -1.76266e-15 -1.39631e-14 
31.119 103.693 -123.61 -0.00815765 4.36061 -4.13214 0 5.22546 -1.18466 0.0162254 -10.2871 0.0512511 0 5.77894 1.10239 -0.0440711 -7.15882 0.165077 -1.0557e-17 6.16289 0.118334 -0.139112 -1.49674 0.179025 -1.13649e-17 6.69386 -0.456341 -0.227163 6.68784 0.207373 -2.02997e-17 7.82529 -1.54945 -0.269805 11.8096 0.203106 -2.60628e-17 9.77186 -0.940923 -0.436906 14.4835 0.239556 -2.98794e-17 10.8563 1.62248 -0.0690825 -0.888939 0.057405 -1.32927e-17 4.92478 0.736013 -0.195015 9.77897 2.09062 -1.86396e-17 4.96043 0.433981 1.02394 -3.65284 0.904004 -2.06766e-17 4.97002 0.787173 0.323292 -3.83577 0.387732 1.26863 -7.82717 7.75148 7.91862 -10.0504 5.57444 13.3291 3.34342 -3.36319 -28.7273 -34.2779 -28.7715 30.0522 0.0615366 0.141 7.40394 -2.53336 -38.3277 24.9344 0.0510561 0.116988 4.50422 -60.5196 2.56691 -1.26863 -7.82715 7.75138 -11.8074 -8.83337 -5.9495 -13.3291 3.34342 -3.36319 18.7 -39.823 3.63903 -30.0522 0.0615366 0.141 -7.45422 -2.57272 38.6313 -24.9344 0.0510559 0.116988 -0.120588 -54.6203 2.17719 9.50369 -4.32711 2.09145 20.007 -13.5663 -8.61728 -0.876987 -39.8926 -0.674123 -3.72189 13.7272 0.207277 -2.39345 -41.5694 -6.22357 -16.3482 2.31033 18.4197 0.801613 -10.1701 12.8571 -1.17279e-15 -8.4505e-16 6.23359e-17 -9.50369 -4.32711 2.09145 -6.8216 -6.51975 21.6425 0.876987 -39.8926 -0.674123 2.2228 8.2763 -0.0161192 2.39345 -41.5694 -6.22357 8.0451 8.93221 -17.8587 -0.801613 -10.1701 12.8571 2.9891e-15 -7.21888e-16 -1.28975e-14 
31.6404 105.877 -124.127 -0.192449 6.32123 -4.18954 0 5.22546 -1.18466 0.33389 -10.4559 0.0665825 0 5.77894 1.10239 0.195818 -7.29105 0.237162 -1.0557e-17 6.16289 0.118334 0.0284398 -1.58499 0.224312 -1.13649e-17 6.69386 -0.456341 -0.116269 6.79257 0.250485 -2.02997e-17 7.82529 -1.54945 -0.216466 12.0549 0.23909 -2.60628e-17 9.77186 -0.940923 -0.437241 14.7584 0.270882 -2.98794e-17 10.8563 1.62248 -0.0910107 -0.878299 0.0679423 -1.32927e-17 4.92478 0.736013 -0.212085 7.72295 1.96941 -1.86396e-17 4.96043 0.433981 0.703988 -3.76253 0.857971 -2.06766e-17 4.97002 0.787173 0.518825 -2.72684 0.1127 1.26863 -7.82717 7.75148 4.87671 -9.33701 4.15027 13.3291 3.34342 -3.36319 -26.5471 -31.5221 -25.9668 30.0522 0.0615366 0.141 6.3452 -1.79422 -32.1427 24.9344 0.0510561 0.116988 2.80971 -64.9348 0.197493 -1.26863 -7.82715 7.75138 -8.35992 -8.29479 -4.58998 -13.3291 3.34342 -3.36319 19.1446 -36.8613 2.76876 -30.0522 0.0615366 0.141 -6.5674 -1.93542 33.4023 -24.9344 0.0510559 0.116988 2.29979 -56.5353 4.1461 9.50369 -4.32711 2.09145 18.547 -16.233 -9.10775 -0.876987 -39.8926 -0.674123 -3.61308 13.3378 0.188618 -2.39345 -41.5694 -6.22357 -15.24 2.80848 18.3609 0.801613 -10.1701 12.8571 4.20446e-16 -7.82792e-16 7.70153e-20 -9.50369 -4.32711 2.09145 -6.33819 -9.47665 20.9384 0.876987 -39.8926 -0.674123 2.39469 8.90948 -0.030749 2.39345 -41.5694 -6.22357 5.5517 2.7902 -16.9359 -0.801613 -10.1701 12.8571 -2.5773e-15 -4.8483e-16 -1.26604e-14 
32.146 107.616 -124.621 -0.460171 7.76142 -4.14276 0 5.22546 -1.18466 0.654064 -10.36 0.103829 0 5.77894 1.10239 0.445008 -7.17791 0.318853 -1.0557e-17 6.16289 0.118334 0.214989 -1.51204 0.289427 -1.13649e-17 6.69386 -0.456341 0.0197183 6.9127 0.315821 -2.02997e-17 7.82529 -1.54945 -0.121783 12.222 0.292726 -2.60628e-17 9.77186 -0.940923 -0.365783 14.8979 0.306073 -2.98794e-17 10.8563 1.62248 -0.10005 -0.841744 0.0809703 -1.32927e-17 4.92478 0.736013 -0.121344 5.50921 2.03807 -1.86396e-17 4.96043 0.433981 0.640268 -3.86463 0.921282 -2.06766e-17 4.97002 0.787173 0.502891 -1.52718 -0.705796 1.26863 -7.82717 7.75148 1.97322 -8.40829 2.66086 13.3291 3.34342 -3.36319 -24.9758 -27.7156 -24.0032 30.0522 0.0615366 0.141 5.2015 -1.16781 -25.8842 24.9344 0.0510561 0.116988 0.7562 -69.5803 -2.70877 -1.26863 -7.82715 7.75138 -5.07306 -7.54418 -3.18587 -13.3291 3.34342 -3.36319 20.2594 -34.4568 2.75004 -30.0522 0.0615366 0.141 -5.66763 -1.40348 28.3896 -24.9344 0.0510559 0.116988 4.24942 -57.3232 5.47569 9.50369 -4.32711 2.09145 16.8708 -18.4108 -9.99664 -0.876987 -39.8926 -0.674123 -3.48118 12.8643 0.166993 -2.39345 -41.5694 -6.22357 -13.9009 2.8352 18.0673 0.801613 -10.1701 12.8571 -1.56296e-15 -8.69575e-16 8.68605e-17 -9.50369 -4.32711 2.09145 -5.16498 -11.8469 20.613 0.876987 -39.8926 -0.674123 2.56366 9.53016 -0.0469859 2.39345 -41.5694 -6.22357 3.95094 2.09812 -16.411 -0.801613 -10.1701 12.8571 -2.01742e-16 -5.83807e-16 -1.27594e-14 
32.5671 108.859 -125.003 -0.716005 9.25453 -4.60129 0 5.22546 -1.18466 0.941056 -9.964 0.18842 0 5.77894 1.10239 0.668358 -6.81609 0.42413 -1.0557e-17 6.16289 0.118334 0.387488 -1.35386 0.388215 -1.13649e-17 6.69386 -0.456341 0.14896 6.87951 0.416236 -2.02997e-17 7.82529 -1.54945 -0.0122469 12.0512 0.38261 -2.60628e-17 9.77186 -0.940923 -0.237116 14.6335 0.371006 -2.98794e-17 10.8563 1.62248 -0.0962616 -0.773198 0.0950666 -1.32927e-17 4.92478 0.736013 0.0817521 2.51002 2.1676 -1.86396e-17 4.96043 0.433981 0.654176 -3.92012 1.01979 -2.06766e-17 4.97002 0.787173 -0.0239474 -0.258949 -1.31988 1.26863 -7.82717 7.75148 -0.583907 -7.15138 1.16799 13.3291 3.34342 -3.36319 -23.8241 -23.1588 -22.1567 30.0522 0.0615366 0.141 4.09509 -0.704932 -20.1186 24.9344 0.0510561 0.116988 -2.5495 -74.8828 -6.54656 -1.26863 -7.82715 7.75138 -1.91661 -6.43742 -1.72214 -13.3291 3.34342 -3.36319 22.1105 -32.2325 3.7651 -30.0522 0.0615366 0.141 -4.74314 -0.959975 23.4649 -24.9344 0.0510559 0.116988 5.63914 -58.3477 6.45565 9.50369 -4.32711 2.09145 15.2992 -20.4876 -10.3321 -0.876987 -39.8926 -0.674123 -3.40288 12.5825 0.15467 -2.39345 -41.5694 -6.22357 -12.3775 2.73539 17.6353 0.801613 -10.1701 12.8571 -2.35957e-15 -8.945e-16 1.11785e-16 -9.50369 -4.32711 2.09145 -3.47199 -14.0405 21.0936 0.876987 -39.8926 -0.674123 2.6785 9.95093 -0.0590683 2.39345 -41.5694 -6.22357 3.03535 3.60609 -16.0314 -0.801613 -10.1701 12.8571 5.95359e-16 -6.21155e-16 -1.27967e-14 
32.862 109.581 -125.288 -0.729062 10.3643 -5.37417 0 5.22546 -1.18466 1.08205 -9.27731 0.329867 0 5.77894 1.10239 0.754485 -6.19994 0.554866 -1.0557e-17 6.16289 0.118334 0.448667 -1.05543 0.520947 -1.13649e-17 6.69386 -0.456341 0.187116 6.79093 0.550745 -2.02997e-17 7.82529 -1.54945 0.0409003 11.6935 0.520774 -2.60628e-17 9.77186 -0.940923 -0.11348 14.1345 0.49105 -2.98794e-17 10.8563 1.62248 -0.0831791 -0.691581 0.104835 -1.32927e-17 4.92478 0.736013 0.332695 -1.095 2.26295 -1.86396e-17 4.96043 0.433981 0.60353 -3.95173 1.09688 -2.06766e-17 4.97002 0.787173 -0.635098 1.35223 -1.7415 1.26863 -7.82717 7.75148 -2.85823 -5.6547 -0.395942 13.3291 3.34342 -3.36319 -23.1758 -18.5112 -20.5125 30.0522 0.0615366 0.141 3.1122 -0.397978 -15.1626 24.9344 0.0510561 0.116988 -10.3553 -80.3303 -14.3317 -1.26863 -7.82715 7.75138 1.15026 -5.05789 -0.239033 -13.3291 3.34342 -3.36319 24.6171 -30.0198 5.35901 -30.0522 0.0615366 0.141 -3.89125 -0.633386 19.078 -24.9344 0.0510559 0.116988 6.44029 -60.0029 6.94954 9.50369 -4.32711 2.09145 13.5428 -22.18 -10.2682 -0.876987 -39.8926 -0.674123 -3.40425 12.5874 0.154883 -2.39345 -41.5694 -6.22357 -10.5573 2.52769 17.137 0.801613 -10.1701 12.8571 -3.75209e-16 -8.07672e-16 2.49569e-17 -9.50369 -4.32711 2.09145 -1.75363 -15.6955 21.8918 0.876987 -39.8926 -0.674123 2.77829 10.3159 -0.0702543 2.39345 -41.5694 -6.22357 2.12308 5.16749 -15.583 -0.801613 -10.1701 12.8571 3.37586e-15 -7.32879e-16 -1.29084e-14 
33.1086 109.729 -125.396 -0.539977 10.6918 -5.98425 0 5.22546 -1.18466 1.08589 -8.01299 0.453487 0 5.77894 1.10239 0.728032 -5.1053 0.648925 -1.0557e-17 6.16289 0.118334 0.43059 -0.522205 0.62582 -1.13649e-17 6.69386 -0.456341 0.177059 6.55604 0.657151 -2.02997e-17 7.82529 -1.54945 0.0718751 10.9045 0.637502 -2.60628e-17 9.77186 -0.940923 0.013876 13.1048 0.583457 -2.98794e-17 10.8563 1.62248 -0.0716955 -0.5631 0.120248 -1.32927e-17 4.92478 0.736013 0.61876 -5.08599 2.38149 -1.86396e-17 4.96043 0.433981 0.531009 -3.47923 1.17425 -2.06766e-17 4.97002 0.787173 -1.19778 4.00936 -2.10177 1.26863 -7.82717 7.75148 -5.01451 -3.68965 -2.12655 13.3291 3.34342 -3.36319 -22.7308 -13.2233 -18.7238 30.0522 0.0615366 0.141 2.32372 -0.217138 -11.2663 24.9344 0.0510561 0.116988 -42.3281 -85.7426 -45.9649 -1.26863 -7.82715 7.75138 4.08999 -3.13962 1.39684 -13.3291 3.34342 -3.36319 26.8904 -26.6136 6.43639 -30.0522 0.0615366 0.141 -3.16683 -0.412456 15.4331 -24.9344 0.0510559 0.116988 7.59898 -62.8003 8.01175 9.50369 -4.32711 2.09145 11.3829 -23.1291 -10.3926 -0.876987 -39.8926 -0.674123 -3.51428 12.9833 0.172316 -2.39345 -41.5694 -6.22357 -8.52895 1.88 16.6103 0.801613 -10.1701 12.8571 2.80385e-15 -6.71069e-16 -1.11645e-16 -9.50369 -4.32711 2.09145 -0.335512 -16.2368 22.536 0.876987 -39.8926 -0.674123 2.83803 10.534 -0.0772559 2.39345 -41.5694 -6.22357 0.98759 5.60187 -15.1307 -0.801613 -10.1701 12.8571 -9.88449e-16 -5.46891e-16 -1.27225e-14 
33.3044 109.332 -125.298 -0.411181 10.4293 -6.35872 0 5.22546 -1.18466 1.02173 -6.41807 0.545889 0 5.77894 1.10239 0.662624 -3.78838 0.701037 -1.0557e-17 6.16289 0.118334 0.393184 0.10743 0.695559 -1.13649e-17 6.69386 -0.456341 0.165617 6.20646 0.72747 -2.02997e-17 7.82529 -1.54945 0.1109 9.82678 0.71728 -2.60628e-17 9.77186 -0.940923 0.150603 11.7349 0.630879 -2.98794e-17 10.8563 1.62248 -0.0609189 -0.403666 0.131033 -1.32927e-17 4.92478 0.736013 0.963422 -8.99146 2.59777 -1.86396e-17 4.96043 0.433981 0.535817 -2.52318 1.28296 -2.06766e-17 4.97002 0.787173 -1.58165 7.33663 -2.3696 1.26863 -7.82717 7.75148 -6.8997 -1.45122 -3.88261 13.3291 3.34342 -3.36319 -22.9641 -7.60608 -17.1088 30.0522 0.0615366 0.141 1.72091 -0.116297 -8.32135 24.9344 0.0510561 0.116988 -131.835 -84.6681 -134.838 -1.26863 -7.82715 7.75138 6.72613 -0.871214 2.92683 -13.3291 3.34342 -3.36319 29.0726 -21.1761 7.0606 -30.0522 0.0615366 0.141 -2.58668 -0.271026 12.5578 -24.9344 0.0510559 0.116988 10.1089 -66.9795 10.7883 9.50369 -4.32711 2.09145 9.11735 -23.2356 -10.9144 -0.876987 -39.8926 -0.674123 -3.66484 13.5232 0.197402 -2.39345 -41.5694 -6.22357 -6.35964 0.667352 16.1249 0.801613 -10.1701 12.8571 -3.6874e-16 -8.07392e-16 2.4677e-17 -9.50369 -4.32711 2.09145 1.10902 -15.8433 23.5526 0.876987 -39.8926 -0.674123 2.84435 10.557 -0.0780097 2.39345 -41.5694 -6.22357 -0.55817 5.11707 -14.6998 -0.801613 -10.1701 12.8571 -2.18514e-15 -4.97024e-16 -1.26726e-14 
33.4911 108.412 -125.105 -0.435362 10.183 -6.48092 0 5.22546 -1.18466 0.945037 -4.86733 0.577047 0 5.77894 1.10239 0.611675 -2.57466 0.691538 -1.0557e-17 6.16289 0.118334 0.377304 0.672299 0.707635 -1.13649e-17 6.69386 -0.456341 0.183624 5.82605 0.73924 -2.02997e-17 7.82529 -1.54945 0.170421 8.73486 0.732763 -2.60628e-17 9.77186 -0.940923 0.280068 10.3645 0.61216 -2.98794e-17 10.8563 1.62248 -0.0519509 -0.249082 0.133082 -1.32927e-17 4.92478 0.736013 1.2921 -12.345 2.76545 -1.86396e-17 4.96043 0.433981 0.572784 -1.52656 1.3523 -2.06766e-17 4.97002 0.787173 -1.80211 10.2776 -2.29663 1.26863 -7.82717 7.75148 -8.21785 0.604176 -5.33459 13.3291 3.34342 -3.36319 -24.3487 -2.18013 -15.9451 30.0522 0.0615366 0.141 1.30555 -0.0651818 -6.30444 24.9344 0.0510561 0.116988 -154.142 -78.6068 -156.329 -1.26863 -7.82715 7.75138 8.85187 1.3054 4.13189 -13.3291 3.34342 -3.36319 31.5191 -14.1371 7.58026 -30.0522 0.0615366 0.141 -2.16048 -0.186512 10.4649 -24.9344 0.0510559 0.116988 17.1019 -72.704 18.3849 9.50369 -4.32711 2.09145 7.03752 -23.2258 -11.4832 -0.876987 -39.8926 -0.674123 -3.9044 14.3777 0.240226 -2.39345 -41.5694 -6.22357 -4.12063 -1.04158 15.7432 0.801613 -10.1701 12.8571 4.21422e-16 -7.82746e-16 3.11023e-20 -9.50369 -4.32711 2.09145 2.68586 -15.2993 24.8233 0.876987 -39.8926 -0.674123 2.83952 10.5394 -0.077433 2.39345 -41.5694 -6.22357 -2.2603 4.05707 -14.3704 -0.801613 -10.1701 12.8571 -2.01273e-16 -5.83821e-16 -1.27594e-14 
33.6872 107.025 -124.891 -0.560102 9.93615 -6.64893 0 5.22546 -1.18466 0.910867 -3.43997 0.586065 0 5.77894 1.10239 0.610596 -1.50724 0.671198 -1.0557e-17 6.16289 0.118334 0.400997 1.15786 0.708496 -1.13649e-17 6.69386 -0.456341 0.228802 5.44221 0.73996 -2.02997e-17 7.82529 -1.54945 0.241279 7.70076 0.730078 -2.60628e-17 9.77186 -0.940923 0.390521 9.07656 0.575497 -2.98794e-17 10.8563 1.62248 -0.0444304 -0.108063 0.132515 -1.32927e-17 4.92478 0.736013 1.53279 -15.1735 2.81059 -1.86396e-17 4.96043 0.433981 0.574773 -0.798974 1.34883 -2.06766e-17 4.97002 0.787173 -1.93104 12.5453 -2.06741 1.26863 -7.82717 7.75148 -8.98723 2.3098 -6.3406 13.3291 3.34342 -3.36319 -26.9589 2.82829 -15.1794 30.0522 0.0615366 0.141 1.06043 -0.0419517 -5.11769 24.9344 0.0510561 0.116988 -160.214 -72.6061 -161.649 -1.26863 -7.82715 7.75138 10.5046 3.2312 5.02152 -13.3291 3.34342 -3.36319 34.2804 -6.59468 8.23724 -30.0522 0.0615366 0.141 -1.89579 -0.142107 9.17193 -24.9344 0.0510559 0.116988 33.7043 -78.5571 35.9583 9.50369 -4.32711 2.09145 5.30311 -23.2375 -11.7916 -0.876987 -39.8926 -0.674123 -4.31476 15.8276 0.321809 -2.39345 -41.5694 -6.22357 -2.16389 -3.07202 15.5135 0.801613 -10.1701 12.8571 2.53457e-17 -7.95123e-16 1.24085e-17 -9.50369 -4.32711 2.09145 4.31587 -14.8055 25.8946 0.876987 -39.8926 -0.674123 2.88996 10.7234 -0.0835266 2.39345 -41.5694 -6.22357 -4.0278 2.79979 -14.1273 -0.801613 -10.1701 12.8571 -1.98785e-16 -5.8393e-16 -1.27595e-14 
33.8892 105.218 -124.752 -0.727404 9.68008 -6.92903 0 5.22546 -1.18466 0.8983 -2.09291 0.594942 0 5.77894 1.10239 0.629944 -0.547111 0.662444 -1.0557e-17 6.16289 0.118334 0.433723 1.57522 0.718934 -1.13649e-17 6.69386 -0.456341 0.269163 5.0312 0.750294 -2.02997e-17 7.82529 -1.54945 0.293638 6.67926 0.734321 -2.60628e-17 9.77186 -0.940923 0.460327 7.80688 0.550873 -2.98794e-17 10.8563 1.62248 -0.0379004 0.031424 0.134384 -1.32927e-17 4.92478 0.736013 1.60898 -16.8069 2.74547 -1.86396e-17 4.96043 0.433981 0.475322 -0.32476 1.2849 -2.06766e-17 4.97002 0.787173 -1.90841 13.6626 -1.76919 1.26863 -7.82717 7.75148 -9.23506 3.61012 -6.87108 13.3291 3.34342 -3.36319 -30.7251 7.15946 -14.7201 30.0522 0.0615366 0.141 0.96738 -0.0344724 -4.66772 24.9344 0.0510561 0.116988 -162.581 -67.7937 -163.652 -1.26863 -7.82715 7.75138 11.6035 4.8143 5.66179 -13.3291 3.34342 -3.36319 37.4109 0.10237 8.89706 -30.0522 0.0615366 0.141 -1.79262 -0.126458 8.66923 -24.9344 0.0510559 0.116988 65.7097 -81.6264 68.857 9.50369 -4.32711 2.09145 3.81827 -23.4212 -12.3779 -0.876987 -39.8926 -0.674123 -4.90688 17.8862 0.457541 -2.39345 -41.5694 -6.22357 -0.609709 -5.10968 15.4306 0.801613 -10.1701 12.8571 2.48481e-17 -7.95139e-16 1.2424e-17 -9.50369 -4.32711 2.09145 5.82128 -14.5492 26.3971 0.876987 -39.8926 -0.674123 3.0839 11.4288 -0.108466 2.39345 -41.5694 -6.22357 -5.41783 1.48494 -14.0221 -0.801613 -10.1701 12.8571 -1.39e-15 -5.34296e-16 -1.27099e-14 
34.0985 103.036 -124.784 -0.904724 9.44419 -7.23492 0 5.22546 -1.18466 0.892419 -0.75914 0.589557 0 5.77894 1.10239 0.656905 0.360385 0.648338 -1.0557e-17 6.16289 0.118334 0.468529 1.9443 0.721438 -1.13649e-17 6.69386 -0.456341 0.305297 4.56283 0.751403 -2.02997e-17 7.82529 -1.54945 0.33107 5.61249 0.727063 -2.60628e-17 9.77186 -0.940923 0.495589 6.48238 0.517849 -2.98794e-17 10.8563 1.62248 -0.0327377 0.173562 0.143438 -1.32927e-17 4.92478 0.736013 1.57925 -17.2915 2.69784 -1.86396e-17 4.96043 0.433981 0.285861 0.166846 1.22407 -2.06766e-17 4.97002 0.787173 -1.83701 14.0351 -1.34675 1.26863 -7.82717 7.75148 -9.02288 4.61049 -7.06161 13.3291 3.34342 -3.36319 -35.278 11.0084 -14.3222 30.0522 0.0615366 0.141 0.994861 -0.0366047 -4.80057 24.9344 0.0510561 0.116988 -163.737 -64.161 -164.703 -1.26863 -7.82715 7.75138 12.3052 6.13823 6.1728 -13.3291 3.34342 -3.36319 40.7322 5.71448 9.24169 -30.0522 0.0615366 0.141 -1.8208 -0.130639 8.80655 -24.9344 0.0510559 0.116988 101.915 -80.5224 105.853 9.50369 -4.32711 2.09145 2.71835 -23.8398 -12.4878 -0.876987 -39.8926 -0.674123 -5.6923 20.5489 0.669528 -2.39345 -41.5694 -6.22357 0.764386 -6.79474 15.4013 0.801613 -10.1701 12.8571 2.48481e-17 -7.95139e-16 1.2424e-17 -9.50369 -4.32711 2.09145 7.09092 -14.6852 26.2587 0.876987 -39.8926 -0.674123 3.45607 12.774 -0.162998 2.39345 -41.5694 -6.22357 -6.47567 0.192881 -14.0004 -0.801613 -10.1701 12.8571 -1.78856e-15 -5.09417e-16 -1.26974e-14 
34.3562 100.526 -124.868 -1.02685 9.00535 -7.71165 0 5.22546 -1.18466 0.866742 0.466191 0.58444 0 5.77894 1.10239 0.672061 1.16889 0.635875 -1.0557e-17 6.16289 0.118334 0.498412 2.25492 0.722296 -1.13649e-17 6.69386 -0.456341 0.342585 4.08503 0.75014 -2.02997e-17 7.82529 -1.54945 0.376492 4.60124 0.716156 -2.60628e-17 9.77186 -0.940923 0.537456 5.21699 0.473726 -2.98794e-17 10.8563 1.62248 -0.0266571 0.310287 0.157903 -1.32927e-17 4.92478 0.736013 1.52539 -17.2514 2.66217 -1.86396e-17 4.96043 0.433981 0.0893489 0.624857 1.16752 -2.06766e-17 4.97002 0.787173 -1.92869 14.2877 -0.740396 1.26863 -7.82717 7.75148 -8.47886 5.38868 -6.99078 13.3291 3.34342 -3.36319 -40.3948 14.8279 -13.9549 30.0522 0.0615366 0.141 1.09234 -0.0446858 -5.27202 24.9344 0.0510561 0.116988 -164.539 -61.4122 -165.486 -1.26863 -7.82715 7.75138 12.8363 7.23982 6.55252 -13.3291 3.34342 -3.36319 44.244 10.1557 9.54848 -30.0522 0.0615366 0.141 -1.91679 -0.145405 9.2746 -24.9344 0.0510559 0.116988 124.772 -76.944 129.547 9.50369 -4.32711 2.09145 2.21371 -23.8424 -11.1151 -0.876987 -39.8926 -0.674123 -6.5944 23.5016 0.956193 -2.39345 -41.5694 -6.22357 1.75581 -8.24916 15.3866 0.801613 -10.1701 12.8571 -3.72224e-16 -8.07547e-16 2.48325e-17 -9.50369 -4.32711 2.09145 8.03559 -14.7139 26.0239 0.876987 -39.8926 -0.674123 4.06322 14.9409 -0.270574 2.39345 -41.5694 -6.22357 -7.19698 -1.05371 -14.048 -0.801613 -10.1701 12.8571 1.96296e-16 -5.96245e-16 -1.27718e-14 
34.7322 97.6967 -125.058 -1.13786 7.56202 -8.55773 0 5.22546 -1.18466 0.662755 1.95013 0.618931 0 5.77894 1.10239 0.524635 2.1381 0.644847 -1.0557e-17 6.16289 0.118334 0.402614 2.6895 0.742049 -1.13649e-17 6.69386 -0.456341 0.291624 3.65668 0.770221 -2.02997e-17 7.82529 -1.54945 0.373928 3.60718 0.739019 -2.60628e-17 9.77186 -0.940923 0.577059 3.93022 0.461255 -2.98794e-17 10.8563 1.62248 -0.0226875 0.455433 0.173305 -1.32927e-17 4.92478 0.736013 1.40542 -16.0358 2.65945 -1.86396e-17 4.96043 0.433981 -0.110153 0.531603 1.13478 -2.06766e-17 4.97002 0.787173 -1.64784 13.611 -0.0508725 1.26863 -7.82717 7.75148 -7.57754 6.01618 -6.71354 13.3291 3.34342 -3.36319 -46.1121 18.1075 -13.3048 30.0522 0.0615366 0.141 1.25595 -0.0600682 -6.0641 24.9344 0.0510561 0.116988 -165.296 -59.9212 -166.856 -1.26863 -7.82715 7.75138 13.0475 8.15628 6.98574 -13.3291 3.34342 -3.36319 48.2061 12.6049 10.1432 -30.0522 0.0615366 0.141 -2.01522 -0.161382 9.75507 -24.9344 0.0510559 0.116988 135.521 -74.414 140.274 9.50369 -4.32711 2.09145 1.86665 -23.4652 -10.3625 -0.876987 -39.8926 -0.674123 -8.01538 27.902 1.49563 -2.39345 -41.5694 -6.22357 1.496 -9.07415 15.4746 0.801613 -10.1701 12.8571 -3.72721e-16 -8.07563e-16 2.48481e-17 -9.50369 -4.32711 2.09145 8.15067 -13.974 24.5679 0.876987 -39.8926 -0.674123 5.20693 18.913 -0.534287 2.39345 -41.5694 -6.22357 -6.46079 -2.91495 -14.3569 -0.801613 -10.1701 12.8571 -1.98287e-16 -5.83946e-16 -1.27595e-14 
35.1227 94.6761 -125.076 -1.14868 4.86472 -9.56597 0 5.22546 -1.18466 0.455694 3.40306 0.784215 0 5.77894 1.10239 0.37166 3.12806 0.777671 -1.0557e-17 6.16289 0.118334 0.285777 3.26211 0.881751 -1.13649e-17 6.69386 -0.456341 0.196034 3.46413 0.912185 -2.02997e-17 7.82529 -1.54945 0.349714 2.94179 0.890648 -2.60628e-17 9.77186 -0.940923 0.628135 3.01291 0.577542 -2.98794e-17 10.8563 1.62248 -0.0149125 0.577449 0.175411 -1.32927e-17 4.92478 0.736013 1.35659 -14.2034 2.79548 -1.86396e-17 4.96043 0.433981 -0.0189884 -0.0802775 1.17251 -2.06766e-17 4.97002 0.787173 -1.81008 11.5858 -0.245163 1.26863 -7.82717 7.75148 -6.55482 6.45927 -6.50063 13.3291 3.34342 -3.36319 -51.7715 21.6387 -12.9276 30.0522 0.0615366 0.141 1.41666 -0.077404 -6.84315 24.9344 0.0510561 0.116988 -166.004 -58.7538 -168.052 -1.26863 -7.82715 7.75138 12.5163 8.70189 6.74823 -13.3291 3.34342 -3.36319 52.1379 16.2273 10.8643 -30.0522 0.0615366 0.141 -1.94881 -0.150509 9.43088 -24.9344 0.0510559 0.116988 142.308 -71.4623 146.896 9.50369 -4.32711 2.09145 0.653775 -21.4693 -12.1944 -0.876987 -39.8926 -0.674123 -9.35965 31.7657 2.09672 -2.39345 -41.5694 -6.22357 1.97692 -10.0684 15.5539 0.801613 -10.1701 12.8571 2.43504e-17 -7.95154e-16 1.24396e-17 -9.50369 -4.32711 2.09145 8.64757 -11.6829 26.2221 0.876987 -39.8926 -0.674123 6.36153 22.7508 -0.877894 2.39345 -41.5694 -6.22357 -8.10506 -5.18637 -14.6148 -0.801613 -10.1701 12.8571 -5.95856e-16 -5.59113e-16 -1.27471e-14 
35.5691 91.3705 -124.946 -1.35039 1.63775 -10.6669 0 5.22546 -1.18466 0.0265204 5.21366 0.855847 0 5.77894 1.10239 0.0452285 4.35285 0.782981 -1.0557e-17 6.16289 0.118334 0.0438413 3.99289 0.889937 -1.13649e-17 6.69386 -0.456341 0.0325503 3.30721 0.919884 -2.02997e-17 7.82529 -1.54945 0.28122 2.23462 0.919487 -2.60628e-17 9.77186 -0.940923 0.647691 2.00188 0.588852 -2.98794e-17 10.8563 1.62248 -0.0201514 0.70616 0.165364 -1.32927e-17 4.92478 0.736013 1.12027 -11.4273 2.60064 -1.86396e-17 4.96043 0.433981 0.135657 -0.683442 1.07998 -2.06766e-17 4.97002 0.787173 -1.26664 9.0559 1.06703 1.26863 -7.82717 7.75148 -5.36555 6.83369 -6.32635 13.3291 3.34342 -3.36319 -57.183 24.651 -11.8994 30.0522 0.0615366 0.141 1.59076 -0.0986862 -7.68842 24.9344 0.0510561 0.116988 -166.467 -57.0793 -168.708 -1.26863 -7.82715 7.75138 11.3323 9.085 6.73643 -13.3291 3.34342 -3.36319 56.8712 19.4706 11.3822 -30.0522 0.0615366 0.141 -1.86013 -0.136594 8.9984 -24.9344 0.0510559 0.116988 143.757 -69.621 147.926 9.50369 -4.32711 2.09145 -0.00312026 -20.64 -13.554 -0.876987 -39.8926 -0.674123 -11.7061 37.8023 3.33041 -2.39345 -41.5694 -6.22357 3.3269 -13.8576 15.8643 0.801613 -10.1701 12.8571 2.48481e-17 -7.95139e-16 1.2424e-17 -9.50369 -4.32711 2.09145 9.54372 -10.61 27.7331 0.876987 -39.8926 -0.674123 8.58005 29.561 -1.73791 2.39345 -41.5694 -6.22357 -8.69226 -8.55914 -15.238 -0.801613 -10.1701 12.8571 -5.96354e-16 -5.59082e-16 -1.27471e-14 
35.9491 88.5407 -124.931 -1.22647 -1.97872 -10.6806 0 5.22546 -1.18466 -0.463188 7.11609 0.779682 0 5.77894 1.10239 -0.302485 5.61912 0.626379 -1.0557e-17 6.16289 0.118334 -0.205353 4.74036 0.73244 -1.13649e-17 6.69386 -0.456341 -0.120169 3.11239 0.757341 -2.02997e-17 7.82529 -1.54945 0.201627 1.45673 0.77113 -2.60628e-17 9.77186 -0.940923 0.616468 0.898323 0.43843 -2.98794e-17 10.8563 1.62248 -0.0321451 0.845208 0.153963 -1.32927e-17 4.92478 0.736013 0.895264 -8.2571 2.4273 -1.86396e-17 4.96043 0.433981 0.201558 -0.597943 0.996027 -2.06766e-17 4.97002 0.787173 -0.377149 7.39626 2.14098 1.26863 -7.82717 7.75148 -4.15306 7.25523 -6.23248 13.3291 3.34342 -3.36319 -62.7527 27.7753 -10.4224 30.0522 0.0615366 0.141 1.80658 -0.128699 -8.73841 24.9344 0.0510561 0.116988 -167.43 -55.3071 -169.899 -1.26863 -7.82715 7.75138 9.65483 9.33088 6.7536 -13.3291 3.34342 -3.36319 61.3009 22.6859 11.1918 -30.0522 0.0615366 0.141 -1.83556 -0.132862 8.87868 -24.9344 0.0510559 0.116988 144.81 -68.8974 148.243 9.50369 -4.32711 2.09145 -1.34931 -19.5958 -14.6753 -0.876987 -39.8926 -0.674123 -14.3007 43.4819 4.92112 -2.39345 -41.5694 -6.22357 3.6887 -16.6033 16.067 0.801613 -10.1701 12.8571 -7.69295e-16 -8.32364e-16 4.96495e-17 -9.50369 -4.32711 2.09145 9.91284 -9.47038 27.6407 0.876987 -39.8926 -0.674123 10.9857 36.0433 -2.92874 2.39345 -41.5694 -6.22357 -9.84693 -11.7057 -15.8126 -0.801613 -10.1701 12.8571 -1.99282e-16 -5.83899e-16 -1.27595e-14 
36.0797 86.8399 -124.764 -1.29859 -6.9266 -11.4073 0 5.22546 -1.18466 -0.84951 8.58087 0.710254 0 5.77894 1.10239 -0.571037 6.69113 0.485843 -1.0557e-17 6.16289 0.118334 -0.402295 5.55784 0.589071 -1.13649e-17 6.69386 -0.456341 -0.247935 3.41697 0.615456 -2.02997e-17 7.82529 -1.54945 0.127713 1.41638 0.644999 -2.60628e-17 9.77186 -0.940923 0.582817 0.736039 0.318271 -2.98794e-17 10.8563 1.62248 -0.0479801 0.89348 0.135977 -1.32927e-17 4.92478 0.736013 0.754137 -6.15515 2.39431 -1.86396e-17 4.96043 0.433981 0.261741 -0.837865 0.98929 -2.06766e-17 4.97002 0.787173 -0.0353618 6.39476 3.39868 1.26863 -7.82717 7.75148 -3.99285 7.43708 -6.34949 13.3291 3.34342 -3.36319 -66.7252 29.7747 -9.70415 30.0522 0.0615366 0.141 1.93724 -0.148837 -9.37542 24.9344 0.0510561 0.116988 -170.654 -54.317 -172.349 -1.26863 -7.82715 7.75138 8.50215 9.22785 6.8862 -13.3291 3.34342 -3.36319 63.8501 24.729 11.5121 -30.0522 0.0615366 0.141 -1.80959 -0.128976 8.75217 -24.9344 0.0510559 0.116988 143.454 -71.3076 145.711 9.50369 -4.32711 2.09145 -2.62254 -16.8935 -15.1487 -0.876987 -39.8926 -0.674123 -16.4798 47.5324 6.40364 -2.39345 -41.5694 -6.22357 2.94677 -17.3119 16.0574 0.801613 -10.1701 12.8571 1.21504e-15 -7.45552e-16 -3.71622e-17 -9.50369 -4.32711 2.09145 10.2783 -8.6195 27.4788 0.876987 -39.8926 -0.674123 14.6635 44.1994 -5.1596 2.39345 -41.5694 -6.22357 -12.1699 -16.6155 -16.8759 -0.801613 -10.1701 12.8571 2.18362e-15 -6.83197e-16 -1.28588e-14 
35.9467 85.5347 -124.326 -1.11012 -4.82502 -12.5221 0 5.22546 -1.18466 -0.688548 7.50854 0.495163 0 5.77894 1.10239 -0.394935 6.0774 0.269035 -1.0557e-17 6.16289 0.118334 -0.242662 5.19977 0.364098 -1.13649e-17 6.69386 -0.456341 -0.101926 3.55918 0.380424 -2.02997e-17 7.82529 -1.54945 0.196172 1.88617 0.376371 -2.60628e-17 9.77186 -0.940923 0.543982 1.31771 0.0703741 -2.98794e-17 10.8563 1.62248 -0.0525763 0.793398 0.111482 -1.32927e-17 4.92478 0.736013 1.05402 -5.96065 3.78 -1.86396e-17 4.96043 0.433981 0.566436 -0.700114 1.62845 -2.06766e-17 4.97002 0.787173 -1.34172 3.66262 3.74881 1.26863 -7.82717 7.75148 -3.70686 6.82414 -5.54657 13.3291 3.34342 -3.36319 -70.9213 29.5528 -8.41144 30.0522 0.0615366 0.141 2.09547 -0.175213 -10.1483 24.9344 0.0510561 0.116988 -170.257 -55.7993 -170.806 -1.26863 -7.82715 7.75138 7.90411 8.44647 6.26459 -13.3291 3.34342 -3.36319 64.4213 25.9666 12.4611 -30.0522 0.0615366 0.141 -1.95055 -0.150797 9.43949 -24.9344 0.0510559 0.116988 132.397 -75.6732 134.765 9.50369 -4.32711 2.09145 -2.15984 -21.5404 -14.3259 -0.876987 -39.8926 -0.674123 -19.529 52.2695 8.65179 -2.39345 -41.5694 -6.22357 2.66993 -17.7224 16.0578 0.801613 -10.1701 12.8571 4.23422e-16 -7.82668e-16 -4.70978e-20 -9.50369 -4.32711 2.09145 11.7752 -13.2151 28.6728 0.876987 -39.8926 -0.674123 17.2372 48.8034 -6.94498 2.39345 -41.5694 -6.22357 -11.52 -16.5036 -16.9397 -0.801613 -10.1701 12.8571 9.9543e-16 -6.33689e-16 -1.28092e-14 
35.6427 85.0377 -123.719 -0.912982 -5.02581 -12.7735 0 5.22546 -1.18466 -0.991836 6.27338 0.359319 0 5.77894 1.10239 -0.645026 5.27703 0.0843704 -1.0557e-17 6.16289 0.118334 -0.442435 4.72217 0.164029 -1.13649e-17 6.69386 -0.456341 -0.245913 3.61982 0.168125 -2.02997e-17 7.82529 -1.54945 0.0589058 2.31761 0.178702 -2.60628e-17 9.77186 -0.940923 0.414264 1.90742 -0.0896197 -2.98794e-17 10.8563 1.62248 -0.0539772 0.737445 0.0731385 -1.32927e-17 4.92478 0.736013 1.16343 -7.81756 3.88251 -1.86396e-17 4.96043 0.433981 0.463359 -1.13211 1.66695 -2.06766e-17 4.97002 0.787173 0.123464 4.37182 4.88644 1.26863 -7.82717 7.75148 -5.15152 6.72893 -5.29474 13.3291 3.34342 -3.36319 -71.6999 27.654 -7.44395 30.0522 0.0615366 0.141 2.00231 -0.159415 -9.69304 24.9344 0.0510561 0.116988 -171.398 -60.4845 -171.467 -1.26863 -7.82715 7.75138 7.62757 7.6703 5.56905 -13.3291 3.34342 -3.36319 65.7979 24.4257 11.6536 -30.0522 0.0615366 0.141 -2.21694 -0.196787 10.7419 -24.9344 0.0510559 0.116988 113.014 -80.5862 114.26 9.50369 -4.32711 2.09145 -2.27294 -22.2594 -13.7583 -0.876987 -39.8926 -0.674123 -20.8182 53.9944 9.65145 -2.39345 -41.5694 -6.22357 2.49431 -17.2372 16.0659 0.801613 -10.1701 12.8571 -7.68783e-16 -8.32348e-16 4.96334e-17 -9.50369 -4.32711 2.09145 12.0141 -14.4685 28.9767 0.876987 -39.8926 -0.674123 18.7464 51.1465 -8.05816 2.39345 -41.5694 -6.22357 -10.9216 -16.5535 -16.7945 -0.801613 -10.1701 12.8571 -1.38848e-15 -5.34359e-16 -1.27099e-14 
35.1529 85.2521 -123.179 -0.921907 -5.40392 -12.4876 0 5.22546 -1.18466 -1.02689 4.69457 0.244617 0 5.77894 1.10239 -0.677568 4.30695 -0.0393415 -1.0557e-17 6.16289 0.118334 -0.460832 4.27749 0.0343018 -1.13649e-17 6.69386 -0.456341 -0.239389 4.04204 0.0292985 -2.02997e-17 7.82529 -1.54945 0.0576728 3.29611 0.0463033 -2.60628e-17 9.77186 -0.940923 0.396835 3.15857 -0.211127 -2.98794e-17 10.8563 1.62248 -0.0449912 0.635904 0.0366457 -1.32927e-17 4.92478 0.736013 1.28927 -7.02914 4.11849 -1.86396e-17 4.96043 0.433981 0.787776 -1.10231 1.81386 -2.06766e-17 4.97002 0.787173 -0.0483723 3.74835 4.89639 1.26863 -7.82717 7.75148 -5.70856 5.69578 -4.3078 13.3291 3.34342 -3.36319 -71.4899 25.1311 -7.65212 30.0522 0.0615366 0.141 1.86796 -0.137972 -9.03755 24.9344 0.0510561 0.116988 -171.103 -66.2785 -170.504 -1.26863 -7.82715 7.75138 7.06666 6.04781 4.35891 -13.3291 3.34342 -3.36319 66.1023 19.4684 11.1586 -30.0522 0.0615366 0.141 -2.4935 -0.251173 12.0996 -24.9344 0.0510559 0.116988 78.5222 -83.322 78.3945 9.50369 -4.32711 2.09145 -2.43494 -21.583 -14.1284 -0.876987 -39.8926 -0.674123 -20.5048 53.5887 9.40606 -2.39345 -41.5694 -6.22357 2.00879 -16.8437 16.0211 0.801613 -10.1701 12.8571 4.2091e-16 -7.82777e-16 6.27971e-20 -9.50369 -4.32711 2.09145 11.9371 -13.9439 28.5282 0.876987 -39.8926 -0.674123 18.3537 50.56 -7.76434 2.39345 -41.5694 -6.22357 -11.2097 -16.5098 -16.7427 -0.801613 -10.1701 12.8571 -5.97359e-16 -5.5905e-16 -1.2747e-14 
34.3841 86.2562 -123.154 -1.08266 -4.48114 -11.9976 0 5.22546 -1.18466 -0.886902 2.67847 0.141657 0 5.77894 1.10239 -0.57238 3.01556 -0.117011 -1.0557e-17 6.16289 0.118334 -0.374171 3.68198 -0.0489251 -1.13649e-17 6.69386 -0.456341 -0.157866 4.5767 -0.0592516 -2.02997e-17 7.82529 -1.54945 0.104566 4.5418 -0.0508218 -2.60628e-17 9.77186 -0.940923 0.398888 4.72655 -0.29917 -2.98794e-17 10.8563 1.62248 -0.0343828 0.474363 -0.0143455 -1.32927e-17 4.92478 0.736013 1.20925 -4.33897 3.95405 -1.86396e-17 4.96043 0.433981 1.27367 -1.64045 1.78401 -2.06766e-17 4.97002 0.787173 -0.693095 1.92463 5.17306 1.26863 -7.82717 7.75148 -5.2432 3.94954 -2.91153 13.3291 3.34342 -3.36319 -71.8313 21.8495 -8.18875 30.0522 0.0615366 0.141 1.78652 -0.125736 -8.64073 24.9344 0.0510561 0.116988 -168.976 -71.0396 -169.008 -1.26863 -7.82715 7.75138 5.3919 3.85936 2.60343 -13.3291 3.34342 -3.36319 67.3702 15.1035 10.8455 -30.0522 0.0615366 0.141 -2.69719 -0.295607 13.1036 -24.9344 0.0510559 0.116988 57.1783 -83.6726 57.1759 9.50369 -4.32711 2.09145 -2.1964 -21.3667 -14.8448 -0.876987 -39.8926 -0.674123 -18.8701 51.328 8.15127 -2.39345 -41.5694 -6.22357 2.12026 -15.9474 15.9738 0.801613 -10.1701 12.8571 1.21655e-15 -7.4549e-16 -3.7225e-17 -9.50369 -4.32711 2.09145 12.024 -13.2809 28.7195 0.876987 -39.8926 -0.674123 16.2349 47.1071 -6.23132 2.39345 -41.5694 -6.22357 -11.278 -16.4626 -16.5794 -0.801613 -10.1701 12.8571 9.91914e-16 -6.33532e-16 -1.28091e-14 
33.5829 87.9945 -123.521 -1.23207 -3.40756 -11.4334 0 5.22546 -1.18466 -0.748596 0.698296 0.0826722 0 5.77894 1.10239 -0.48006 1.64833 -0.136966 -1.0557e-17 6.16289 0.118334 -0.310546 3.00259 -0.0719085 -1.13649e-17 6.69386 -0.456341 -0.110553 4.97172 -0.0852081 -2.02997e-17 7.82529 -1.54945 0.116944 5.633 -0.0805418 -2.60628e-17 9.77186 -0.940923 0.369332 6.12038 -0.310639 -2.98794e-17 10.8563 1.62248 -0.0256928 0.319364 -0.0561665 -1.32927e-17 4.92478 0.736013 1.03375 -1.24491 3.64502 -1.86396e-17 4.96043 0.433981 1.44071 -2.10766 1.66739 -2.06766e-17 4.97002 0.787173 -0.781581 0.0466716 5.13707 1.26863 -7.82717 7.75148 -4.5349 2.26697 -1.5518 13.3291 3.34342 -3.36319 -71.7182 18.4172 -8.2124 30.0522 0.0615366 0.141 1.8238 -0.131261 -8.8223 24.9344 0.0510561 0.116988 -166.862 -73.8801 -167.657 -1.26863 -7.82715 7.75138 3.52066 1.83866 0.94869 -13.3291 3.34342 -3.36319 67.8194 10.8865 9.79118 -30.0522 0.0615366 0.141 -3.05906 -0.383852 14.897 -24.9344 0.0510559 0.116988 44.1796 -83.9319 43.7656 9.50369 -4.32711 2.09145 -2.24027 -20.1262 -16.0626 -0.876987 -39.8926 -0.674123 -16.0942 46.8593 6.1329 -2.39345 -41.5694 -6.22357 2.41245 -14.2996 15.9531 0.801613 -10.1701 12.8571 4.23422e-16 -7.82668e-16 -4.70978e-20 -9.50369 -4.32711 2.09145 11.5694 -11.6131 28.8759 0.876987 -39.8926 -0.674123 13.1995 41.1924 -4.22033 2.39345 -41.5694 -6.22357 -10.4961 -15.5826 -16.2147 -0.801613 -10.1701 12.8571 -5.94344e-16 -5.59176e-16 -1.27471e-14 
32.9757 90.2402 -124.073 -1.32045 -2.30028 -11.033 0 5.22546 -1.18466 -0.604208 -1.28744 0.0375969 0 5.77894 1.10239 -0.385052 0.206866 -0.143036 -1.0557e-17 6.16289 0.118334 -0.248806 2.26677 -0.0848711 -1.13649e-17 6.69386 -0.456341 -0.0682942 5.34577 -0.102354 -2.02997e-17 7.82529 -1.54945 0.119973 6.71633 -0.104515 -2.60628e-17 9.77186 -0.940923 0.321761 7.49721 -0.313208 -2.98794e-17 10.8563 1.62248 -0.0212311 0.169617 -0.0893095 -1.32927e-17 4.92478 0.736013 0.821638 2.28963 3.38553 -1.86396e-17 4.96043 0.433981 1.54675 -2.54403 1.55564 -2.06766e-17 4.97002 0.787173 -0.995741 -1.72405 5.2031 1.26863 -7.82717 7.75148 -3.37534 0.506568 -0.0483517 13.3291 3.34342 -3.36319 -71.2604 14.9157 -8.04563 30.0522 0.0615366 0.141 2.00506 -0.159863 -9.7065 24.9344 0.0510561 0.116988 -166.624 -76.4166 -167.726 -1.26863 -7.82715 7.75138 1.44593 -0.0956643 -0.644044 -13.3291 3.34342 -3.36319 67.6287 7.04074 8.33336 -30.0522 0.0615366 0.141 -3.57106 -0.529529 17.4592 -24.9344 0.0510559 0.116988 26.8773 -83.1165 25.7885 9.50369 -4.32711 2.09145 -2.39669 -17.8217 -17.3278 -0.876987 -39.8926 -0.674123 -12.8444 40.4167 4.00207 -2.39345 -41.5694 -6.22357 2.79412 -11.6711 15.8362 0.801613 -10.1701 12.8571 2.53505e-17 -7.95123e-16 1.24083e-17 -9.50369 -4.32711 2.09145 10.8782 -10.5423 28.5846 0.876987 -39.8926 -0.674123 10.8049 35.5889 -2.83098 2.39345 -41.5694 -6.22357 -8.50922 -11.4854 -15.4451 -0.801613 -10.1701 12.8571 -5.96354e-16 -5.59082e-16 -1.27471e-14 
32.7946 92.7888 -125.066 -1.59794 -1.43292 -10.8785 0 5.22546 -1.18466 -0.402134 -2.55455 0.0149739 0 5.77894 1.10239 -0.237937 -0.801036 -0.111834 -1.0557e-17 6.16289 0.118334 -0.145021 1.67263 -0.0569281 -1.13649e-17 6.69386 -0.456341 0.00022265 5.43237 -0.073841 -2.02997e-17 7.82529 -1.54945 0.143447 7.21959 -0.0906611 -2.60628e-17 9.77186 -0.940923 0.291376 8.15452 -0.287005 -2.98794e-17 10.8563 1.62248 -0.013689 0.0841038 -0.0966937 -1.32927e-17 4.92478 0.736013 0.646367 5.2712 3.2084 -1.86396e-17 4.96043 0.433981 1.67649 -2.78502 1.47199 -2.06766e-17 4.97002 0.787173 -1.31885 -2.72734 5.08306 1.26863 -7.82717 7.75148 -1.84468 -0.740123 1.24964 13.3291 3.34342 -3.36319 -70.7831 11.9541 -7.46219 30.0522 0.0615366 0.141 2.33866 -0.220041 -11.3396 24.9344 0.0510561 0.116988 -168.869 -79.1847 -170.292 -1.26863 -7.82715 7.75138 -0.509526 -1.39796 -1.7419 -13.3291 3.34342 -3.36319 66.3837 3.36477 6.31752 -30.0522 0.0615366 0.141 -4.21537 -0.748868 20.7333 -24.9344 0.0510559 0.116988 13.5941 -81.0855 11.551 9.50369 -4.32711 2.09145 -2.10998 -15.0397 -17.9173 -0.876987 -39.8926 -0.674123 -9.79718 32.9592 2.30987 -2.39345 -41.5694 -6.22357 2.21773 -7.27209 15.4952 0.801613 -10.1701 12.8571 2.48481e-17 -7.95139e-16 1.2424e-17 -9.50369 -4.32711 2.09145 9.78333 -9.39524 26.6896 0.876987 -39.8926 -0.674123 8.59098 29.5927 -1.74275 2.39345 -41.5694 -6.22357 -5.53141 -5.32341 -14.6078 -0.801613 -10.1701 12.8571 1.9778e-16 -5.96307e-16 -1.27719e-14 
33.0577 95.5206 -126.663 -1.81728 -0.809168 -10.8104 0 5.22546 -1.18466 -0.156905 -3.5774 0.0393027 0 5.77894 1.10239 -0.0527587 -1.63204 -0.0287134 -1.0557e-17 6.16289 0.118334 -0.0156711 1.18267 0.0238785 -1.13649e-17 6.69386 -0.456341 0.0722998 5.49327 0.00863748 -2.02997e-17 7.82529 -1.54945 0.16726 7.60503 -0.0237579 -2.60628e-17 9.77186 -0.940923 0.263485 8.64475 -0.20647 -2.98794e-17 10.8563 1.62248 0.00209569 0.00568262 -0.0954358 -1.32927e-17 4.92478 0.736013 0.483734 7.97483 2.9079 -1.86396e-17 4.96043 0.433981 1.78222 -2.96213 1.3232 -2.06766e-17 4.97002 0.787173 -1.68233 -3.57035 4.80271 1.26863 -7.82717 7.75148 0.294003 -1.81939 2.46732 13.3291 3.34342 -3.36319 -70.3081 9.97784 -7.21957 30.0522 0.0615366 0.141 2.66419 -0.288305 -12.9416 24.9344 0.0510561 0.116988 -174.211 -82.2407 -175.691 -1.26863 -7.82715 7.75138 -2.60593 -2.5191 -2.81365 -13.3291 3.34342 -3.36319 64.2494 0.538807 4.5198 -30.0522 0.0615366 0.141 -4.76015 -0.967281 23.5546 -24.9344 0.0510559 0.116988 7.82074 -79.1582 4.96201 9.50369 -4.32711 2.09145 -1.23931 -12.9846 -17.1433 -0.876987 -39.8926 -0.674123 -7.53597 26.453 1.30211 -2.39345 -41.5694 -6.22357 1.09987 -2.53 15.1279 0.801613 -10.1701 12.8571 2.48481e-17 -7.95139e-16 1.2424e-17 -9.50369 -4.32711 2.09145 8.67542 -7.56705 24.5361 0.876987 -39.8926 -0.674123 6.22808 22.3169 -0.834357 2.39345 -41.5694 -6.22357 -3.25144 2.78281 -13.5613 -0.801613 -10.1701 12.8571 1.38999e-15 -6.45987e-16 -1.2834e-14 
33.966 98.2756 -128.167 -1.80585 0.486313 -10.6397 0 5.22546 -1.18466 0.0328015 -4.25463 0.0358631 0 5.77894 1.10239 0.101764 -2.24778 0.0258906 -1.0557e-17 6.16289 0.118334 0.100313 0.723899 0.082818 -1.13649e-17 6.69386 -0.456341 0.14903 5.32101 0.0707786 -2.02997e-17 7.82529 -1.54945 0.206539 7.58916 0.0207242 -2.60628e-17 9.77186 -0.940923 0.259773 8.64427 -0.163149 -2.98794e-17 10.8563 1.62248 0.0234013 -0.0481374 -0.0814742 -1.32927e-17 4.92478 0.736013 0.383195 9.93459 2.33804 -1.86396e-17 4.96043 0.433981 1.98993 -2.7621 1.04163 -2.06766e-17 4.97002 0.787173 -2.07036 -3.81935 5.11162 1.26863 -7.82717 7.75148 2.98538 -2.52378 3.59743 13.3291 3.34342 -3.36319 -70.0217 8.38056 -6.84156 30.0522 0.0615366 0.141 3.02417 -0.374965 -14.7246 24.9344 0.0510561 0.116988 178.344 -85.2656 176.64 -1.26863 -7.82715 7.75138 -4.72396 -3.29268 -3.71186 -13.3291 3.34342 -3.36319 61.625 -2.31998 2.66762 -30.0522 0.0615366 0.141 -5.26537 -1.19848 26.2233 -24.9344 0.0510559 0.116988 6.51491 -77.7327 2.97746 9.50369 -4.32711 2.09145 0.799316 -13.735 -14.4389 -0.876987 -39.8926 -0.674123 -6.66368 23.7234 0.980055 -2.39345 -41.5694 -6.22357 1.75784 -3.88562 15.2116 0.801613 -10.1701 12.8571 4.21915e-16 -7.8273e-16 1.56993e-20 -9.50369 -4.32711 2.09145 7.68791 -7.89193 22.7265 0.876987 -39.8926 -0.674123 4.82562 17.6061 -0.437669 2.39345 -41.5694 -6.22357 -1.24175 7.83106 -13.2342 -0.801613 -10.1701 12.8571 -1.78504e-15 -5.09558e-16 -1.26975e-14 
34.7814 101.037 -128.864 -1.73936 2.98315 -10.0203 0 5.22546 -1.18466 0.231189 -4.88189 0.00841793 0 5.77894 1.10239 0.28162 -2.8678 0.0577439 -1.0557e-17 6.16289 0.118334 0.244366 0.184694 0.121298 -1.13649e-17 6.69386 -0.456341 0.258948 4.97339 0.112483 -2.02997e-17 7.82529 -1.54945 0.275725 7.33381 0.0404058 -2.60628e-17 9.77186 -0.940923 0.277174 8.37336 -0.15585 -2.98794e-17 10.8563 1.62248 0.0486957 -0.0925104 -0.0523478 -1.32927e-17 4.92478 0.736013 0.296161 10.8695 2.02363 -1.86396e-17 4.96043 0.433981 2.20319 -2.33592 0.880957 -2.06766e-17 4.97002 0.787173 -2.31571 -3.53394 4.97816 1.26863 -7.82717 7.75148 6.03897 -2.90995 4.57876 13.3291 3.34342 -3.36319 -69.7435 6.8328 -6.58106 30.0522 0.0615366 0.141 3.44404 -0.491212 -16.8217 24.9344 0.0510561 0.116988 162.095 -88.0113 160.044 -1.26863 -7.82715 7.75138 -6.54893 -3.74476 -4.42421 -13.3291 3.34342 -3.36319 58.4869 -5.67057 0.946339 -30.0522 0.0615366 0.141 -5.72797 -1.43591 28.7189 -24.9344 0.0510559 0.116988 6.61063 -77.2823 2.77643 9.50369 -4.32711 2.09145 3.81677 -16.3336 -10.172 -0.876987 -39.8926 -0.674123 -6.0534 21.745 0.778856 -2.39345 -41.5694 -6.22357 2.7098 -6.74215 15.457 0.801613 -10.1701 12.8571 4.22417e-16 -7.82715e-16 2.88531e-33 -9.50369 -4.32711 2.09145 6.82493 -11.493 21.5568 0.876987 -39.8926 -0.674123 4.81166 17.558 -0.434297 2.39345 -41.5694 -6.22357 -3.64394 1.87254 -13.7954 -0.801613 -10.1701 12.8571 -1.78906e-15 -5.09386e-16 -1.26974e-14 
35.2768 103.626 -129.16 -1.70818 6.2249 -8.98676 0 5.22546 -1.18466 0.396097 -5.75882 -0.0436524 0 5.77894 1.10239 0.4347 -3.71656 0.0590229 -1.0557e-17 6.16289 0.118334 0.367026 -0.488763 0.129609 -1.13649e-17 6.69386 -0.456341 0.355133 4.65153 0.128381 -2.02997e-17 7.82529 -1.54945 0.326725 7.21125 0.041385 -2.60628e-17 9.77186 -0.940923 0.27041 8.3148 -0.155567 -2.98794e-17 10.8563 1.62248 0.0676379 -0.140637 -0.0151598 -1.32927e-17 4.92478 0.736013 0.139338 11.2994 1.85689 -1.86396e-17 4.96043 0.433981 2.09676 -1.94335 0.788036 -2.06766e-17 4.97002 0.787173 -1.98861 -2.99458 4.64312 1.26863 -7.82717 7.75148 8.72523 -3.3089 5.48867 13.3291 3.34342 -3.36319 -68.6977 4.60552 -6.62541 30.0522 0.0615366 0.141 3.93061 -0.646995 -19.2799 24.9344 0.0510561 0.116988 43.5962 -88.747 41.2488 -1.26863 -7.82715 7.75138 -7.74885 -4.16734 -4.91272 -13.3291 3.34342 -3.36319 54.6671 -10.0221 -0.330087 -30.0522 0.0615366 0.141 -6.11576 -1.65517 30.8555 -24.9344 0.0510559 0.116988 6.44212 -77.2661 2.37772 9.50369 -4.32711 2.09145 6.72395 -19.8425 -6.70534 -0.876987 -39.8926 -0.674123 -5.4634 19.7813 0.604056 -2.39345 -41.5694 -6.22357 1.71525 -6.87494 15.627 0.801613 -10.1701 12.8571 2.53505e-17 -7.95123e-16 1.24083e-17 -9.50369 -4.32711 2.09145 5.49319 -15.4781 19.7319 0.876987 -39.8926 -0.674123 4.64333 16.9751 -0.394528 2.39345 -41.5694 -6.22357 -4.51158 -3.92352 -14.7103 -0.801613 -10.1701 12.8571 -5.97861e-16 -5.59019e-16 -1.2747e-14 
35.6721 105.893 -129.421 -1.6552 8.73046 -7.96761 0 5.22546 -1.18466 0.516564 -6.82809 -0.0354237 0 5.77894 1.10239 0.529254 -4.70412 0.104307 -1.0557e-17 6.16289 0.118334 0.428508 -1.13317 0.17645 -1.13649e-17 6.69386 -0.456341 0.377286 4.57166 0.188307 -2.02997e-17 7.82529 -1.54945 0.311021 7.4753 0.099556 -2.60628e-17 9.77186 -0.940923 0.214096 8.77137 -0.0756428 -2.98794e-17 10.8563 1.62248 0.0832669 -0.191099 0.018137 -1.32927e-17 4.92478 0.736013 -0.0658543 11.8258 1.87351 -1.86396e-17 4.96043 0.433981 1.76148 -2.22846 0.782698 -2.06766e-17 4.97002 0.787173 -1.34397 -2.85195 3.57504 1.26863 -7.82717 7.75148 10.3894 -3.96913 6.37468 13.3291 3.34342 -3.36319 -66.0412 1.79106 -7.22578 30.0522 0.0615366 0.141 4.43878 -0.834811 -21.885 24.9344 0.0510561 0.116988 14.6759 -86.4173 12.6063 -1.26863 -7.82715 7.75138 -8.5493 -4.77715 -5.4334 -13.3291 3.34342 -3.36319 50.4216 -15.1072 -1.06204 -30.0522 0.0615366 0.141 -6.41297 -1.83646 32.5241 -24.9344 0.0510559 0.116988 4.37446 -77.001 0.0427946 9.50369 -4.32711 2.09145 8.4856 -22.2222 -6.96485 -0.876987 -39.8926 -0.674123 -4.75705 17.3692 0.421208 -2.39345 -41.5694 -6.22357 -0.726482 -5.35672 15.8138 0.801613 -10.1701 12.8571 4.2191e-16 -7.8273e-16 1.58472e-20 -9.50369 -4.32711 2.09145 3.67128 -17.7595 16.755 0.876987 -39.8926 -0.674123 4.10965 15.1051 -0.279741 2.39345 -41.5694 -6.22357 -3.67658 -5.67291 -15.0822 -0.801613 -10.1701 12.8571 -1.99292e-16 -5.83898e-16 -1.27595e-14 
36.0258 107.761 -129.503 -1.67461 10.0917 -7.32073 0 5.22546 -1.18466 0.681035 -7.53303 -0.00142503 0 5.77894 1.10239 0.654293 -5.36268 0.165881 -1.0557e-17 6.16289 0.118334 0.507595 -1.51966 0.232577 -1.13649e-17 6.69386 -0.456341 0.397991 4.57666 0.256552 -2.02997e-17 7.82529 -1.54945 0.289403 7.74216 0.165656 -2.60628e-17 9.77186 -0.940923 0.142328 9.22203 0.0245931 -2.98794e-17 10.8563 1.62248 0.0931399 -0.214525 0.0455819 -1.32927e-17 4.92478 0.736013 -0.178551 11.8506 1.58351 -1.86396e-17 4.96043 0.433981 1.34487 -3.79332 0.635453 -2.06766e-17 4.97002 0.787173 -1.01562 -3.97469 2.65702 1.26863 -7.82717 7.75148 11.3265 -4.62689 7.21662 13.3291 3.34342 -3.36319 -62.0435 -0.44954 -8.1717 30.0522 0.0615366 0.141 4.92422 -1.03938 -24.4165 24.9344 0.0510561 0.116988 8.24327 -85.6155 6.98167 -1.26863 -7.82715 7.75138 -9.40464 -5.34654 -6.09462 -13.3291 3.34342 -3.36319 46.1838 -20.262 -1.59043 -30.0522 0.0615366 0.141 -6.64508 -1.98648 33.8481 -24.9344 0.0510559 0.116988 3.42251 -75.9474 -1.01822 9.50369 -4.32711 2.09145 10.1792 -23.2953 -7.10482 -0.876987 -39.8926 -0.674123 -4.26269 15.6446 0.310886 -2.39345 -41.5694 -6.22357 -3.26621 -3.54441 15.9754 0.801613 -10.1701 12.8571 4.22417e-16 -7.82715e-16 2.88531e-33 -9.50369 -4.32711 2.09145 2.06376 -18.5224 14.3187 0.876987 -39.8926 -0.674123 3.53183 13.0463 -0.175166 2.39345 -41.5694 -6.22357 -2.47942 -4.78321 -15.1706 -0.801613 -10.1701 12.8571 -9.92909e-16 -5.46705e-16 -1.27223e-14 
36.2628 109.07 -129.427 -1.80101 10.6863 -7.09941 0 5.22546 -1.18466 0.709608 -7.93929 0.0531804 0 5.77894 1.10239 0.667718 -5.73736 0.217773 -1.0557e-17 6.16289 0.118334 0.513524 -1.68966 0.27634 -1.13649e-17 6.69386 -0.456341 0.389554 4.68235 0.307798 -2.02997e-17 7.82529 -1.54945 0.282375 8.03236 0.215479 -2.60628e-17 9.77186 -0.940923 0.127486 9.65064 0.0915669 -2.98794e-17 10.8563 1.62248 0.105775 -0.2414 0.0558668 -1.32927e-17 4.92478 0.736013 -0.176685 12.6857 1.23877 -1.86396e-17 4.96043 0.433981 1.38925 -4.86753 0.471094 -2.06766e-17 4.97002 0.787173 -0.864077 -5.64022 2.64119 1.26863 -7.82717 7.75148 12.7228 -5.31623 8.15218 13.3291 3.34342 -3.36319 -58.4139 -2.83466 -9.11846 30.0522 0.0615366 0.141 5.47905 -1.30513 -27.3707 24.9344 0.0510561 0.116988 9.16822 -85.0311 8.60891 -1.26863 -7.82715 7.75138 -11.0102 -6.03859 -7.04945 -13.3291 3.34342 -3.36319 43.0557 -24.7708 -1.3583 -30.0522 0.0615366 0.141 -6.77259 -2.07218 34.5838 -24.9344 0.0510559 0.116988 3.13819 -74.2153 -1.15192 9.50369 -4.32711 2.09145 12.5099 -23.3452 -4.79846 -0.876987 -39.8926 -0.674123 -4.01187 14.7591 0.260593 -2.39345 -41.5694 -6.22357 -5.63118 -2.73677 16.1417 0.801613 -10.1701 12.8571 -3.71707e-16 -8.07531e-16 2.48164e-17 -9.50369 -4.32711 2.09145 0.985199 -18.6538 13.3685 0.876987 -39.8926 -0.674123 3.14151 11.6378 -0.116334 2.39345 -41.5694 -6.22357 -1.16281 -3.04088 -15.243 -0.801613 -10.1701 12.8571 -9.93923e-16 -5.46658e-16 -1.27222e-14 
36.3908 109.714 -129.31 -2.01182 10.8591 -6.98413 0 5.22546 -1.18466 0.524815 -7.85637 0.135735 0 5.77894 1.10239 0.496175 -5.68948 0.259912 -1.0557e-17 6.16289 0.118334 0.378617 -1.63751 0.31283 -1.13649e-17 6.69386 -0.456341 0.287094 4.70667 0.3467 -2.02997e-17 7.82529 -1.54945 0.225882 8.03629 0.264444 -2.60628e-17 9.77186 -0.940923 0.114504 9.6852 0.158382 -2.98794e-17 10.8563 1.62248 0.115573 -0.250978 0.0596709 -1.32927e-17 4.92478 0.736013 -0.162315 13.7621 1.15497 -1.86396e-17 4.96043 0.433981 1.62588 -5.03234 0.432043 -2.06766e-17 4.97002 0.787173 -0.125239 -6.07034 2.99263 1.26863 -7.82717 7.75148 14.5794 -5.794 8.98848 13.3291 3.34342 -3.36319 -55.1097 -5.84692 -9.50117 30.0522 0.0615366 0.141 6.16288 -1.68326 -31.1196 24.9344 0.0510561 0.116988 11.5813 -83.6518 11.4843 -1.26863 -7.82715 7.75138 -13.2015 -6.50054 -8.02186 -13.3291 3.34342 -3.36319 40.6237 -28.0312 -0.916153 -30.0522 0.0615366 0.141 -6.77594 -2.07447 34.6032 -24.9344 0.0510559 0.116988 3.93745 -73.1172 0.171026 9.50369 -4.32711 2.09145 14.9919 -22.9554 -2.07976 -0.876987 -39.8926 -0.674123 -3.99841 14.7114 0.258003 -2.39345 -41.5694 -6.22357 -7.5879 -2.92129 16.2751 0.801613 -10.1701 12.8571 -1.56391e-15 -8.69604e-16 8.68891e-17 -9.50369 -4.32711 2.09145 0.260686 -18.489 13.3221 0.876987 -39.8926 -0.674123 2.95662 10.9661 -0.0918278 2.39345 -41.5694 -6.22357 0.136854 -1.96727 -15.3638 -0.801613 -10.1701 12.8571 -5.96861e-16 -5.59066e-16 -1.2747e-14 
36.5975 109.882 -129.037 -2.26528 10.2529 -6.84959 0 5.22546 -1.18466 0.36764 -7.04957 0.193571 0 5.77894 1.10239 0.357749 -5.02776 0.274962 -1.0557e-17 6.16289 0.118334 0.268494 -1.30183 0.324021 -1.13649e-17 6.69386 -0.456341 0.203125 4.50651 0.355547 -2.02997e-17 7.82529 -1.54945 0.173701 7.47617 0.279169 -2.60628e-17 9.77186 -0.940923 0.0932325 8.97132 0.196084 -2.98794e-17 10.8563 1.62248 0.108967 -0.209307 0.0713981 -1.32927e-17 4.92478 0.736013 -0.171376 14.2564 1.30337 -1.86396e-17 4.96043 0.433981 1.617 -4.54929 0.495228 -2.06766e-17 4.97002 0.787173 0.635362 -5.27959 3.06081 1.26863 -7.82717 7.75148 16.4807 -5.7478 9.51598 13.3291 3.34342 -3.36319 -52.0189 -9.0621 -8.86555 30.0522 0.0615366 0.141 6.85134 -2.12645 -35.0432 24.9344 0.0510561 0.116988 10.0867 -82.2814 10.3041 -1.26863 -7.82715 7.75138 -15.8366 -6.38148 -8.84548 -13.3291 3.34342 -3.36319 37.6792 -29.7018 -1.23888 -30.0522 0.0615366 0.141 -6.81617 -2.10203 34.8367 -24.9344 0.0510559 0.116988 5.406 -73.3561 2.32114 9.50369 -4.32711 2.09145 17.0663 -21.5986 -0.499409 -0.876987 -39.8926 -0.674123 -4.00338 14.729 0.258957 -2.39345 -41.5694 -6.22357 -9.32786 -3.19722 16.3702 0.801613 -10.1701 12.8571 4.19882e-16 -7.82826e-16 1.10932e-19 -9.50369 -4.32711 2.09145 -0.388184 -17.4026 14.0292 0.876987 -39.8926 -0.674123 2.85623 10.6004 -0.0794341 2.39345 -41.5694 -6.22357 1.57757 -1.24998 -15.524 -0.801613 -10.1701 12.8571 -9.93416e-16 -5.46674e-16 -1.27223e-14 
36.922 109.577 -128.661 -2.50916 8.83406 -6.60507 0 5.22546 -1.18466 0.286495 -5.79968 0.193726 0 5.77894 1.10239 0.298415 -4.0035 0.240843 -1.0557e-17 6.16289 0.118334 0.226991 -0.774841 0.289052 -1.13649e-17 6.69386 -0.456341 0.178808 4.22759 0.316805 -2.02997e-17 7.82529 -1.54945 0.158817 6.66027 0.238414 -2.60628e-17 9.77186 -0.940923 0.0847649 7.88599 0.177008 -2.98794e-17 10.8563 1.62248 0.0942776 -0.132795 0.0807082 -1.32927e-17 4.92478 0.736013 -0.142955 14.5688 1.42774 -1.86396e-17 4.96043 0.433981 1.50893 -3.99479 0.547366 -2.06766e-17 4.97002 0.787173 1.04475 -4.47729 3.00508 1.26863 -7.82717 7.75148 18.4094 -5.42819 9.94432 13.3291 3.34342 -3.36319 -49.7689 -12.583 -7.90164 30.0522 0.0615366 0.141 7.47825 -2.5919 -38.7801 24.9344 0.0510561 0.116988 6.04467 -80.6132 6.30102 -1.26863 -7.82715 7.75138 -18.947 -5.91057 -9.7161 -13.3291 3.34342 -3.36319 34.8122 -30.3271 -1.98847 -30.0522 0.0615366 0.141 -7.06901 -2.28081 36.3191 -24.9344 0.0510559 0.116988 5.54801 -74.5605 3.12256 9.50369 -4.32711 2.09145 18.6489 -19.4147 -0.432533 -0.876987 -39.8926 -0.674123 -4.00447 14.7329 0.259167 -2.39345 -41.5694 -6.22357 -10.9531 -3.75192 16.3641 0.801613 -10.1701 12.8571 2.53552e-17 -7.95123e-16 1.24082e-17 -9.50369 -4.32711 2.09145 -1.04023 -15.4875 15.5071 0.876987 -39.8926 -0.674123 2.8829 10.6976 -0.0826643 2.39345 -41.5694 -6.22357 2.88835 -1.10218 -15.6957 -0.801613 -10.1701 12.8571 -5.96861e-16 -5.59066e-16 -1.2747e-14 
37.2769 108.769 -128.239 -2.634 7.27726 -6.25751 0 5.22546 -1.18466 0.182811 -4.44247 0.155508 0 5.77894 1.10239 0.226611 -2.91745 0.166917 -1.0557e-17 6.16289 0.118334 0.184077 -0.222913 0.219175 -1.13649e-17 6.69386 -0.456341 0.162221 3.92021 0.244741 -2.02997e-17 7.82529 -1.54945 0.152883 5.79012 0.166044 -2.60628e-17 9.77186 -0.940923 0.08312 6.71339 0.122261 -2.98794e-17 10.8563 1.62248 0.0794334 -0.0388814 0.0903754 -1.32927e-17 4.92478 0.736013 -0.0990457 14.7305 1.53245 -1.86396e-17 4.96043 0.433981 1.47449 -3.39996 0.596398 -2.06766e-17 4.97002 0.787173 1.26808 -4.03627 2.96152 1.26863 -7.82717 7.75148 20.4697 -4.9962 10.4461 13.3291 3.34342 -3.36319 -48.1898 -16.5352 -6.86334 30.0522 0.0615366 0.141 8.13534 -3.15339 -42.9118 24.9344 0.0510561 0.116988 2.53192 -78.4856 2.89623 -1.26863 -7.82715 7.75138 -22.0856 -5.22818 -10.5988 -13.3291 3.34342 -3.36319 32.158 -31.1897 -3.03247 -30.0522 0.0615366 0.141 -7.57214 -2.6671 39.3538 -24.9344 0.0510559 0.116988 3.58831 -76.1377 1.44156 9.50369 -4.32711 2.09145 19.9084 -17.2548 -1.53347 -0.876987 -39.8926 -0.674123 -4.04302 14.8694 0.266628 -2.39345 -41.5694 -6.22357 -12.5595 -4.69353 16.2137 0.801613 -10.1701 12.8571 2.48481e-17 -7.95139e-16 1.2424e-17 -9.50369 -4.32711 2.09145 -1.67435 -13.4149 17.5825 0.876987 -39.8926 -0.674123 3.02636 11.2198 -0.100817 2.39345 -41.5694 -6.22357 3.98808 -1.73606 -15.8572 -0.801613 -10.1701 12.8571 -5.96354e-16 -5.59082e-16 -1.27471e-14 
37.6045 107.519 -127.859 -2.59481 5.82173 -5.80696 0 5.22546 -1.18466 0.0130677 -3.14669 0.102156 0 5.77894 1.10239 0.100864 -1.90754 0.0711175 -1.0557e-17 6.16289 0.118334 0.105221 0.282375 0.134716 -1.13649e-17 6.69386 -0.456341 0.124399 3.61048 0.16037 -2.02997e-17 7.82529 -1.54945 0.141175 4.96108 0.0874721 -2.60628e-17 9.77186 -0.940923 0.0887119 5.59229 0.0563314 -2.98794e-17 10.8563 1.62248 0.0665395 0.0580886 0.107026 -1.32927e-17 4.92478 0.736013 -0.0343282 14.6987 1.5429 -1.86396e-17 4.96043 0.433981 1.57471 -2.66633 0.609032 -2.06766e-17 4.97002 0.787173 1.36351 -3.62892 3.05664 1.26863 -7.82717 7.75148 22.5199 -4.53047 10.9942 13.3291 3.34342 -3.36319 -46.8654 -20.6433 -5.99228 30.0522 0.0615366 0.141 8.83304 -3.849 -47.6156 24.9344 0.0510561 0.116988 1.17586 -75.7989 1.68796 -1.26863 -7.82715 7.75138 -24.8825 -4.45692 -11.3886 -13.3291 3.34342 -3.36319 29.4089 -33.0045 -4.33529 -30.0522 0.0615366 0.141 -8.22061 -3.23235 43.4652 -24.9344 0.0510559 0.116988 -0.397638 -77.4083 -2.62546 9.50369 -4.32711 2.09145 20.9336 -15.4863 -3.14245 -0.876987 -39.8926 -0.674123 -4.13931 15.2099 0.285666 -2.39345 -41.5694 -6.22357 -14.0692 -5.60032 15.9933 0.801613 -10.1701 12.8571 -3.72214e-16 -8.07547e-16 2.48322e-17 -9.50369 -4.32711 2.09145 -2.22855 -11.5495 20.0981 0.876987 -39.8926 -0.674123 3.29534 12.1945 -0.138374 2.39345 -41.5694 -6.22357 4.89239 -2.7066 -15.999 -0.801613 -10.1701 12.8571 -5.96354e-16 -5.59082e-16 -1.27471e-14 
37.8856 105.915 -127.525 -2.47661 4.41297 -5.39827 0 5.22546 -1.18466 -0.181273 -2.04541 0.062336 0 5.77894 1.10239 -0.0436597 -1.06685 -0.0143422 -1.0557e-17 6.16289 0.118334 0.0159348 0.702924 0.0691232 -1.13649e-17 6.69386 -0.456341 0.081277 3.34044 0.0971611 -2.02997e-17 7.82529 -1.54945 0.139514 4.267 0.0337201 -2.60628e-17 9.77186 -0.940923 0.121648 4.64029 0.00750174 -2.98794e-17 10.8563 1.62248 0.0609414 0.141911 0.12769 -1.32927e-17 4.92478 0.736013 0.0548257 14.5461 1.5767 -1.86396e-17 4.96043 0.433981 1.7622 -1.9463 0.63884 -2.06766e-17 4.97002 0.787173 1.3005 -3.11825 3.03076 1.26863 -7.82717 7.75148 24.5074 -4.11028 11.564 13.3291 3.34342 -3.36319 -45.7662 -24.4344 -5.7142 30.0522 0.0615366 0.141 9.45386 -4.5765 -52.1766 24.9344 0.0510561 0.116988 0.207436 -72.8213 0.730979 -1.26863 -7.82715 7.75138 -27.2498 -3.76462 -12.1024 -13.3291 3.34342 -3.36319 26.5944 -35.9459 -5.49383 -30.0522 0.0615366 0.141 -8.91409 -3.93744 48.1863 -24.9344 0.0510559 0.116988 -6.23925 -77.5368 -8.81199 9.50369 -4.32711 2.09145 21.8137 -13.9972 -4.95535 -0.876987 -39.8926 -0.674123 -4.31279 15.8207 0.321395 -2.39345 -41.5694 -6.22357 -15.379 -6.20272 15.822 0.801613 -10.1701 12.8571 -3.72721e-16 -8.07563e-16 2.48481e-17 -9.50369 -4.32711 2.09145 -2.4719 -9.89754 23.2161 0.876987 -39.8926 -0.674123 3.67923 13.5747 -0.199873 2.39345 -41.5694 -6.22357 5.57589 -3.4204 -16.1538 -0.801613 -10.1701 12.8571 -9.93416e-16 -5.46674e-16 -1.27223e-14 
38.1173 104.009 -127.233 -2.27933 3.12401 -5.01643 0 5.22546 -1.18466 -0.405922 -1.25834 0.0423268 0 5.77894 1.10239 -0.21494 -0.474382 -0.0883613 -1.0557e-17 6.16289 0.118334 -0.0921605 1.00056 0.0216797 -1.13649e-17 6.69386 -0.456341 0.024696 3.14562 0.0536547 -2.02997e-17 7.82529 -1.54945 0.138577 3.7843 0.00610827 -2.60628e-17 9.77186 -0.940923 0.171711 3.95961 -0.0179413 -2.98794e-17 10.8563 1.62248 0.0620067 0.199998 0.146322 -1.32927e-17 4.92478 0.736013 0.157221 14.4068 1.58614 -1.86396e-17 4.96043 0.433981 1.98858 -1.36665 0.660334 -2.06766e-17 4.97002 0.787173 1.161 -2.61184 2.85574 1.26863 -7.82717 7.75148 26.3289 -3.8289 12.1654 13.3291 3.34342 -3.36319 -45.0176 -28.0367 -6.22374 30.0522 0.0615366 0.141 10.0084 -5.34054 -56.6753 24.9344 0.0510561 0.116988 -0.198588 -69.7321 0.316465 -1.26863 -7.82715 7.75138 -29.0997 -3.29254 -12.7789 -13.3291 3.34342 -3.36319 23.835 -40.0021 -6.12788 -30.0522 0.0615366 0.141 -9.54419 -4.69255 52.8758 -24.9344 0.0510559 0.116988 -10.1813 -75.9747 -13.3684 9.50369 -4.32711 2.09145 22.4859 -13.0031 -7.37548 -0.876987 -39.8926 -0.674123 -4.64353 16.9757 0.394574 -2.39345 -41.5694 -6.22357 -16.5897 -6.24617 15.8733 0.801613 -10.1701 12.8571 2.4341e-17 -7.95155e-16 1.24399e-17 -9.50369 -4.32711 2.09145 -2.3869 -8.47576 26.7547 0.876987 -39.8926 -0.674123 4.14663 15.2357 -0.287135 2.39345 -41.5694 -6.22357 6.10561 -3.70492 -16.3671 -0.801613 -10.1701 12.8571 -9.93923e-16 -5.46658e-16 -1.27222e-14 
38.3147 101.806 -126.986 -1.89942 2.09469 -4.53765 0 5.22546 -1.18466 -0.704621 -0.785293 0.0440549 0 5.77894 1.10239 -0.453795 -0.138661 -0.15773 -1.0557e-17 6.16289 0.118334 -0.252375 1.15085 -0.0174011 -1.13649e-17 6.69386 -0.456341 -0.0709622 2.98333 0.0189043 -2.02997e-17 7.82529 -1.54945 0.115882 3.45162 -0.00278227 -2.60628e-17 9.77186 -0.940923 0.219304 3.49293 -0.0246183 -2.98794e-17 10.8563 1.62248 0.0684273 0.241326 0.157344 -1.32927e-17 4.92478 0.736013 0.243674 14.3575 1.6574 -1.86396e-17 4.96043 0.433981 2.17739 -0.987171 0.712667 -2.06766e-17 4.97002 0.787173 1.16127 -2.12626 2.46929 1.26863 -7.82717 7.75148 27.8482 -3.68742 12.7459 13.3291 3.34342 -3.36319 -44.4863 -31.4837 -7.66943 30.0522 0.0615366 0.141 10.4908 -6.12618 -61.0667 24.9344 0.0510561 0.116988 -0.287196 -66.9819 0.285937 -1.26863 -7.82715 7.75138 -30.3907 -3.02697 -13.4112 -13.3291 3.34342 -3.36319 21.2295 -44.7778 -6.03128 -30.0522 0.0615366 0.141 -10.0314 -5.37493 56.8708 -24.9344 0.0510559 0.116988 -10.3751 -72.92 -14.2146 9.50369 -4.32711 2.09145 22.6688 -12.7912 -10.7419 -0.876987 -39.8926 -0.674123 -5.20908 18.9203 0.534858 -2.39345 -41.5694 -6.22357 -17.5705 -5.85947 16.323 0.801613 -10.1701 12.8571 2.48481e-17 -7.95139e-16 1.2424e-17 -9.50369 -4.32711 2.09145 -2.39834 -6.84937 29.8016 0.876987 -39.8926 -0.674123 4.57922 16.7521 -0.379827 2.39345 -41.5694 -6.22357 6.80091 -4.51101 -16.6347 -0.801613 -10.1701 12.8571 -1.99799e-16 -5.83882e-16 -1.27594e-14 
38.5714 99.3099 -126.799 -1.30647 1.20838 -3.98647 0 5.22546 -1.18466 -1.06591 -0.556572 0.0857231 0 5.77894 1.10239 -0.764178 -0.0281288 -0.200075 -1.0557e-17 6.16289 0.118334 -0.477827 1.16164 -0.0332 -1.13649e-17 6.69386 -0.456341 -0.224906 2.84152 0.00713118 -2.02997e-17 7.82529 -1.54945 0.0426449 3.21917 0.0178698 -2.60628e-17 9.77186 -0.940923 0.232438 3.19527 -0.00181066 -2.98794e-17 10.8563 1.62248 0.0826601 0.28227 0.166973 -1.32927e-17 4.92478 0.736013 0.288246 14.613 1.85667 -1.86396e-17 4.96043 0.433981 2.33851 -0.974273 0.82646 -2.06766e-17 4.97002 0.787173 1.52139 -1.73642 1.85073 1.26863 -7.82717 7.75148 28.8858 -3.72131 13.3218 13.3291 3.34342 -3.36319 -44.0878 -34.7195 -10.309 30.0522 0.0615366 0.141 10.8744 -6.86624 -65.037 24.9344 0.0510561 0.116988 -0.596337 -64.5107 0.188463 -1.26863 -7.82715 7.75138 -31.1461 -2.9602 -14.0229 -13.3291 3.34342 -3.36319 18.6119 -49.9019 -5.19575 -30.0522 0.0615366 0.141 -10.3427 -5.8701 59.6563 -24.9344 0.0510559 0.116988 -7.35576 -69.0647 -11.8059 9.50369 -4.32711 2.09145 21.9503 -12.9888 -15.3444 -0.876987 -39.8926 -0.674123 -5.96509 21.4542 0.751441 -2.39345 -41.5694 -6.22357 -18.2379 -5.58279 17.2024 0.801613 -10.1701 12.8571 4.2191e-16 -7.8273e-16 1.58474e-20 -9.50369 -4.32711 2.09145 -3.13992 -5.17415 29.6683 0.876987 -39.8926 -0.674123 5.30062 19.2312 -0.559333 2.39345 -41.5694 -6.22357 7.29969 -6.19264 -16.8533 -0.801613 -10.1701 12.8571 1.98278e-16 -5.96338e-16 -1.27719e-14 
38.8422 96.5135 -126.595 -0.698409 0.591703 -3.53455 0 5.22546 -1.18466 -1.3332 -0.889304 0.158681 0 5.77894 1.10239 -0.972274 -0.299324 -0.207744 -1.0557e-17 6.16289 0.118334 -0.611676 1.0186 -0.0132911 -1.13649e-17 6.69386 -0.456341 -0.304749 2.8833 0.0298557 -2.02997e-17 7.82529 -1.54945 0.03028 3.41354 0.0648822 -2.60628e-17 9.77186 -0.940923 0.29626 3.46064 0.0342131 -2.98794e-17 10.8563 1.62248 0.101691 0.272684 0.169257 -1.32927e-17 4.92478 0.736013 0.459836 14.757 1.9408 -1.86396e-17 4.96043 0.433981 2.83643 -1.24729 0.890165 -2.06766e-17 4.97002 0.787173 1.10101 -2.08115 1.07837 1.26863 -7.82717 7.75148 29.3792 -4.05034 14.0527 13.3291 3.34342 -3.36319 -44.2145 -37.491 -14.8459 30.0522 0.0615366 0.141 11.1739 -7.55033 -68.5956 24.9344 0.0510561 0.116988 1.30425 -61.8833 2.39829 -1.26863 -7.82715 7.75138 -31.4176 -3.14705 -14.8151 -13.3291 3.34342 -3.36319 16.67 -55.304 -2.32469 -30.0522 0.0615366 0.141 -10.5088 -6.15809 61.2397 -24.9344 0.0510559 0.116988 -3.332 -64.4145 -7.79518 9.50369 -4.32711 2.09145 20.6406 -12.9793 -20.4495 -0.876987 -39.8926 -0.674123 -6.80723 24.1807 1.03031 -2.39345 -41.5694 -6.22357 -17.7274 -6.55571 17.924 0.801613 -10.1701 12.8571 -4.34233e-15 -9.81246e-16 1.98531e-16 -9.50369 -4.32711 2.09145 -3.23423 -3.81827 30.5186 0.876987 -39.8926 -0.674123 6.12918 21.9936 -0.802725 2.39345 -41.5694 -6.22357 5.74613 -8.77151 -16.8658 -0.801613 -10.1701 12.8571 -1.98278e-16 -5.83946e-16 -1.27595e-14 
39.1083 93.3908 -126.363 -0.253806 -0.372549 -3.31059 0 5.22546 -1.18466 -1.54523 -1.06079 0.202885 0 5.77894 1.10239 -1.14222 -0.478265 -0.229606 -1.0557e-17 6.16289 0.118334 -0.724891 0.879345 -0.0142872 -1.13649e-17 6.69386 -0.456341 -0.372632 2.81301 0.0257201 -2.02997e-17 7.82529 -1.54945 0.0104435 3.41777 0.0876306 -2.60628e-17 9.77186 -0.940923 0.332173 3.49598 0.0498773 -2.98794e-17 10.8563 1.62248 0.107128 0.299747 0.165913 -1.32927e-17 4.92478 0.736013 0.576573 14.8378 1.62589 -1.86396e-17 4.96043 0.433981 3.08238 -1.34741 0.759591 -2.06766e-17 4.97002 0.787173 0.828742 -2.20651 1.18242 1.26863 -7.82717 7.75148 29.9479 -4.26937 14.6706 13.3291 3.34342 -3.36319 -45.4162 -39.8458 -20.4142 30.0522 0.0615366 0.141 11.3527 -8.02426 -71.0107 24.9344 0.0510561 0.116988 2.52659 -57.94 3.77946 -1.26863 -7.82715 7.75138 -31.5543 -3.24164 -15.5628 -13.3291 3.34342 -3.36319 16.2233 -60.3315 2.4774 -30.0522 0.0615366 0.141 -10.6189 -6.35945 62.3325 -24.9344 0.0510559 0.116988 0.619387 -59.6875 -3.9 9.50369 -4.32711 2.09145 19.7645 -12.4444 -23.4177 -0.876987 -39.8926 -0.674123 -8.00776 27.8793 1.49247 -2.39345 -41.5694 -6.22357 -17.2849 -8.34987 18.0566 0.801613 -10.1701 12.8571 -1.56901e-15 -8.69827e-16 8.71122e-17 -9.50369 -4.32711 2.09145 -2.80897 -3.01239 31.4389 0.876987 -39.8926 -0.674123 7.43499 26.1431 -1.26281 2.39345 -41.5694 -6.22357 4.52783 -12.1131 -16.8742 -0.801613 -10.1701 12.8571 1.98273e-16 -5.96338e-16 -1.27719e-14 
38.9686 89.7806 -125.271 -0.434884 -2.44548 -2.96288 0 5.22546 -1.18466 -1.52504 -0.891601 0.281494 0 5.77894 1.10239 -1.124 -0.399986 -0.151949 -1.0557e-17 6.16289 0.118334 -0.712183 0.878847 0.0859911 -1.13649e-17 6.69386 -0.456341 -0.378604 2.64056 0.132705 -2.02997e-17 7.82529 -1.54945 0.0187677 3.16812 0.201377 -2.60628e-17 9.77186 -0.940923 0.372328 3.19924 0.141883 -2.98794e-17 10.8563 1.62248 0.109992 0.37548 0.186546 -1.32927e-17 4.92478 0.736013 0.635078 14.8927 1.20518 -1.86396e-17 4.96043 0.433981 3.10805 -1.22687 0.571918 -2.06766e-17 4.97002 0.787173 0.924575 -1.01315 0.896135 1.26863 -7.82717 7.75148 30.1321 -4.43517 14.9058 13.3291 3.34342 -3.36319 -47.7359 -40.9049 -27.158 30.0522 0.0615366 0.141 11.4638 -8.35375 -72.6694 24.9344 0.0510561 0.116988 2.24901 -53.7677 3.44686 -1.26863 -7.82715 7.75138 -31.5211 -3.22998 -15.8832 -13.3291 3.34342 -3.36319 17.6381 -64.6998 8.4875 -30.0522 0.0615366 0.141 -10.749 -6.61017 63.678 -24.9344 0.0510559 0.116988 4.09665 -54.7209 -0.131676 9.50369 -4.32711 2.09145 19.5561 -11.4734 -25.0923 -0.876987 -39.8926 -0.674123 -9.45743 32.0352 2.14364 -2.39345 -41.5694 -6.22357 -16.2121 -12.4891 17.2393 0.801613 -10.1701 12.8571 -7.71314e-16 -8.32459e-16 4.97442e-17 -9.50369 -4.32711 2.09145 -2.03236 -2.16742 31.4781 0.876987 -39.8926 -0.674123 9.2726 31.5245 -2.0553 2.39345 -41.5694 -6.22357 1.22178 -19.0975 -16.7759 -0.801613 -10.1701 12.8571 -1.38945e-15 -5.34314e-16 -1.27099e-14 
39.0372 87.3416 -124.739 -1.8177 -6.29825 -2.87771 0 5.22546 -1.18466 -1.15952 -0.702611 0.334781 0 5.77894 1.10239 -0.787078 -0.183239 -0.0405994 -1.0557e-17 6.16289 0.118334 -0.443335 1.21947 0.224181 -1.13649e-17 6.69386 -0.456341 -0.184013 3.05506 0.288845 -2.02997e-17 7.82529 -1.54945 0.156721 3.69052 0.333177 -2.60628e-17 9.77186 -0.940923 0.475417 3.86124 0.223432 -2.98794e-17 10.8563 1.62248 0.110619 0.389939 0.193856 -1.32927e-17 4.92478 0.736013 0.748183 15.4092 0.584254 -1.86396e-17 4.96043 0.433981 3.1087 -1.64452 0.293207 -2.06766e-17 4.97002 0.787173 0.923537 0.158059 1.20296 1.26863 -7.82717 7.75148 29.6968 -5.3704 15.3553 13.3291 3.34342 -3.36319 -52.5971 -41.2551 -36.3744 30.0522 0.0615366 0.141 11.5555 -8.65259 -74.1615 24.9344 0.0510561 0.116988 0.883273 -48.915 3.28326 -1.26863 -7.82715 7.75138 -31.2477 -3.84622 -16.1574 -13.3291 3.34342 -3.36319 23.8265 -67.5851 18.4676 -30.0522 0.0615366 0.141 -10.9776 -7.08916 66.2063 -24.9344 0.0510559 0.116988 5.10442 -49.9003 1.18261 9.50369 -4.32711 2.09145 20.7577 -8.60246 -25.9279 -0.876987 -39.8926 -0.674123 -10.6471 35.1881 2.74673 -2.39345 -41.5694 -6.22357 -15.09 -15.5645 16.8455 0.801613 -10.1701 12.8571 2.38244e-17 -7.95187e-16 1.2472e-17 -9.50369 -4.32711 2.09145 -0.650823 0.908879 30.689 0.876987 -39.8926 -0.674123 10.5584 34.9609 -2.69975 2.39345 -41.5694 -6.22357 -1.28571 -22.4425 -16.9184 -0.801613 -10.1701 12.8571 -9.94435e-16 -5.46642e-16 -1.27222e-14 
39.118 86.0787 -123.994 -2.39395 -8.04896 -2.44303 0 5.22546 -1.18466 -0.785971 -2.20041 0.321815 0 5.77894 1.10239 -0.4636 -1.13256 -0.000974888 -1.0557e-17 6.16289 0.118334 -0.1928 1.11008 0.276708 -1.13649e-17 6.69386 -0.456341 -0.0175216 4.16277 0.351778 -2.02997e-17 7.82529 -1.54945 0.228623 5.67566 0.379515 -2.60628e-17 9.77186 -0.940923 0.47173 6.42748 0.253157 -2.98794e-17 10.8563 1.62248 0.114677 0.188944 0.157117 -1.32927e-17 4.92478 0.736013 0.807492 16.6747 -0.0997762 -1.86396e-17 4.96043 0.433981 2.83584 -2.12126 -0.0306847 -2.06766e-17 4.97002 0.787173 0.853478 -1.88013 1.55165 1.26863 -7.82717 7.75148 28.6051 -7.142 16.2139 13.3291 3.34342 -3.36319 -57.5975 -40.0946 -44.5374 30.0522 0.0615366 0.141 11.7441 -9.38124 -77.7582 24.9344 0.0510561 0.116988 1.13232 -44.1482 4.83439 -1.26863 -7.82715 7.75138 -30.6104 -5.39541 -16.7065 -13.3291 3.34342 -3.36319 32.6884 -67.7913 30.436 -30.0522 0.0615366 0.141 -11.2428 -7.72575 69.4931 -24.9344 0.0510559 0.116988 3.64105 -43.2036 0.733225 9.50369 -4.32711 2.09145 21.2267 -7.23294 -26.1666 -0.876987 -39.8926 -0.674123 -11.0494 36.2023 2.96352 -2.39345 -41.5694 -6.22357 -14.8917 -17.1245 16.7654 0.801613 -10.1701 12.8571 2.48481e-17 -7.95139e-16 1.2424e-17 -9.50369 -4.32711 2.09145 -0.249602 1.98579 29.6654 0.876987 -39.8926 -0.674123 11.561 37.4545 -3.24794 2.39345 -41.5694 -6.22357 -2.28747 -24.5437 -17.2498 -0.801613 -10.1701 12.8571 -5.96866e-16 -5.59066e-16 -1.2747e-14 
38.6217 85.3998 -122.96 -1.43353 -3.84017 -3.03593 0 5.22546 -1.18466 -0.838483 -4.84387 0.351808 0 5.77894 1.10239 -0.548639 -3.1945 0.020302 -1.0557e-17 6.16289 0.118334 -0.272315 0.0590273 0.288634 -1.13649e-17 6.69386 -0.456341 -0.100697 4.7432 0.353148 -2.02997e-17 7.82529 -1.54945 0.136662 7.33273 0.389667 -2.60628e-17 9.77186 -0.940923 0.378849 8.73353 0.270814 -2.98794e-17 10.8563 1.62248 0.130771 -0.0993214 0.0870501 -1.32927e-17 4.92478 0.736013 0.777776 17.6343 -0.0735545 -1.86396e-17 4.96043 0.433981 3.034 -2.29637 -0.0159391 -2.06766e-17 4.97002 0.787173 0.437405 -6.13345 1.7852 1.26863 -7.82717 7.75148 27.5283 -8.234 16.7572 13.3291 3.34342 -3.36319 -57.9305 -40.5104 -46.2852 30.0522 0.0615366 0.141 11.932 -10.4337 -82.8793 24.9344 0.0510561 0.116988 3.52409 -42.7794 7.32042 -1.26863 -7.82715 7.75138 -29.646 -6.61709 -17.1632 -13.3291 3.34342 -3.36319 39.9168 -67.3043 39.6681 -30.0522 0.0615366 0.141 -11.4107 -8.19202 71.8565 -24.9344 0.0510559 0.116988 1.69126 -37.9383 -0.45878 9.50369 -4.32711 2.09145 21.185 -10.9897 -23.226 -0.876987 -39.8926 -0.674123 -11.4492 37.1844 3.18498 -2.39345 -41.5694 -6.22357 -15.1991 -18.4737 16.2205 0.801613 -10.1701 12.8571 2.48481e-17 -7.95139e-16 1.2424e-17 -9.50369 -4.32711 2.09145 -0.781157 -3.04385 30.3256 0.876987 -39.8926 -0.674123 12.4916 39.6274 -3.78925 2.39345 -41.5694 -6.22357 -2.53344 -27.5569 -17.8842 -0.801613 -10.1701 12.8571 -5.96354e-16 -5.59082e-16 -1.27471e-14 
37.9237 85.4298 -121.794 0.0918142 -4.10279 -3.82023 0 5.22546 -1.18466 -1.3414 -6.08775 0.453794 0 5.77894 1.10239 -1.03574 -4.17758 0.0552965 -1.0557e-17 6.16289 0.118334 -0.687819 -0.479993 0.304559 -1.13649e-17 6.69386 -0.456341 -0.44125 4.8475 0.352946 -2.02997e-17 7.82529 -1.54945 -0.10045 7.84779 0.433372 -2.60628e-17 9.77186 -0.940923 0.247272 9.50006 0.344427 -2.98794e-17 10.8563 1.62248 0.113891 -0.199997 0.043234 -1.32927e-17 4.92478 0.736013 0.728574 17.4339 -0.0906458 -1.86396e-17 4.96043 0.433981 3.22723 -2.59999 -0.0329968 -2.06766e-17 4.97002 0.787173 1.00129 -5.40703 2.21182 1.26863 -7.82717 7.75148 26.6706 -8.41857 16.0677 13.3291 3.34342 -3.36319 -54.4928 -41.0573 -45.0692 30.0522 0.0615366 0.141 11.9524 -10.5964 -83.6661 24.9344 0.0510561 0.116988 3.21023 -43.1041 7.64898 -1.26863 -7.82715 7.75138 -28.9731 -6.83499 -16.8601 -13.3291 3.34342 -3.36319 35.7243 -64.2814 36.3405 -30.0522 0.0615366 0.141 -11.2851 -7.83773 70.0639 -24.9344 0.0510559 0.116988 1.76947 -38.2261 1.24714 9.50369 -4.32711 2.09145 20.3664 -9.72911 -20.7898 -0.876987 -39.8926 -0.674123 -11.0259 36.1436 2.95065 -2.39345 -41.5694 -6.22357 -15.67 -17.5419 15.7492 0.801613 -10.1701 12.8571 -1.56338e-15 -8.69587e-16 8.68723e-17 -9.50369 -4.32711 2.09145 -2.38608 -2.89184 31.8151 0.876987 -39.8926 -0.674123 12.4974 39.6407 -3.79275 2.39345 -41.5694 -6.22357 -1.12762 -28.9495 -17.8169 -0.801613 -10.1701 12.8571 1.38893e-15 -6.45938e-16 -1.28339e-14 
37.1755 86.1093 -120.907 0.615077 -5.30616 -3.25443 0 5.22546 -1.18466 -1.49623 -6.64027 0.422101 0 5.77894 1.10239 -1.18485 -4.53111 0.00918846 -1.0557e-17 6.16289 0.118334 -0.819793 -0.56095 0.23355 -1.13649e-17 6.69386 -0.456341 -0.550811 5.10571 0.271424 -2.02997e-17 7.82529 -1.54945 -0.194421 8.36388 0.369175 -2.60628e-17 9.77186 -0.940923 0.157398 10.1405 0.314557 -2.98794e-17 10.8563 1.62248 0.09093 -0.294348 0.0443929 -1.32927e-17 4.92478 0.736013 0.637517 16.9657 -0.0602699 -1.86396e-17 4.96043 0.433981 2.88027 -3.33467 -0.0412844 -2.06766e-17 4.97002 0.787173 1.8124 -4.53616 1.79433 1.26863 -7.82717 7.75148 25.7113 -8.57352 15.3095 13.3291 3.34342 -3.36319 -50.7595 -40.8747 -43.0218 30.0522 0.0615366 0.141 11.8916 -10.1543 -81.526 24.9344 0.0510561 0.116988 3.72347 -44.98 7.00298 -1.26863 -7.82715 7.75138 -28.1544 -7.17716 -16.2184 -13.3291 3.34342 -3.36319 29.6765 -61.1463 30.494 -30.0522 0.0615366 0.141 -10.933 -6.99125 65.6938 -24.9344 0.0510559 0.116988 2.64853 -39.6904 4.45258 9.50369 -4.32711 2.09145 19.5584 -8.1245 -21.2284 -0.876987 -39.8926 -0.674123 -10.4067 34.5697 2.62021 -2.39345 -41.5694 -6.22357 -15.533 -15.3854 16.0319 0.801613 -10.1701 12.8571 8.16916e-16 -7.58011e-16 -2.47041e-17 -9.50369 -4.32711 2.09145 -3.36496 -1.06157 31.6289 0.876987 -39.8926 -0.674123 11.68 37.7399 -3.3155 2.39345 -41.5694 -6.22357 -0.221017 -28.0506 -17.5051 -0.801613 -10.1701 12.8571 -1.78497e-15 -5.09562e-16 -1.26975e-14 
36.3974 87.6561 -120.587 0.193146 -4.70832 -2.92572 0 5.22546 -1.18466 -1.39605 -7.61431 0.357553 0 5.77894 1.10239 -1.08769 -5.23578 -0.0258889 -1.0557e-17 6.16289 0.118334 -0.749413 -0.730473 0.185128 -1.13649e-17 6.69386 -0.456341 -0.507533 5.6609 0.226157 -2.02997e-17 7.82529 -1.54945 -0.195473 9.4617 0.308836 -2.60628e-17 9.77186 -0.940923 0.0969508 11.5282 0.271748 -2.98794e-17 10.8563 1.62248 0.0813395 -0.454961 0.0237252 -1.32927e-17 4.92478 0.736013 0.503389 17.1612 0.877984 -1.86396e-17 4.96043 0.433981 2.74078 -3.36478 0.386405 -2.06766e-17 4.97002 0.787173 2.0996 -5.46707 0.772682 1.26863 -7.82717 7.75148 24.0419 -9.50126 14.8318 13.3291 3.34342 -3.36319 -49.0983 -40.8327 -42.9716 30.0522 0.0615366 0.141 11.7443 -9.38238 -77.7638 24.9344 0.0510561 0.116988 4.09719 -45.8356 6.55284 -1.26863 -7.82715 7.75138 -27.2047 -7.85221 -15.4689 -13.3291 3.34342 -3.36319 26.1181 -58.9703 24.7606 -30.0522 0.0615366 0.141 -10.8587 -6.8331 64.8613 -24.9344 0.0510559 0.116988 1.0586 -41.9756 2.65155 9.50369 -4.32711 2.09145 19.4052 -7.40685 -22.5981 -0.876987 -39.8926 -0.674123 -9.18532 31.2814 2.01411 -2.39345 -41.5694 -6.22357 -15.4384 -12.0829 16.9887 0.801613 -10.1701 12.8571 2.58718e-17 -7.95091e-16 1.23761e-17 -9.50369 -4.32711 2.09145 -3.13213 -0.630499 31.8674 0.876987 -39.8926 -0.674123 10.2649 34.2003 -2.54663 2.39345 -41.5694 -6.22357 0.257842 -24.7338 -17.4147 -0.801613 -10.1701 12.8571 -1.392e-15 -5.34202e-16 -1.27098e-14 
35.797 89.7702 -120.649 0.00906743 -3.89202 -2.77752 0 5.22546 -1.18466 -1.29745 -8.36724 0.263291 0 5.77894 1.10239 -1.00087 -5.78136 -0.0818336 -1.0557e-17 6.16289 0.118334 -0.698012 -0.883627 0.107243 -1.13649e-17 6.69386 -0.456341 -0.481897 6.0387 0.145953 -2.02997e-17 7.82529 -1.54945 -0.217819 10.238 0.215681 -2.60628e-17 9.77186 -0.940923 0.00154297 12.4865 0.201939 -2.98794e-17 10.8563 1.62248 0.0523741 -0.591095 0.0146928 -1.32927e-17 4.92478 0.736013 0.431611 16.7761 1.1235 -1.86396e-17 4.96043 0.433981 2.49236 -3.26484 0.477615 -2.06766e-17 4.97002 0.787173 2.23866 -5.67863 1.04964 1.26863 -7.82717 7.75148 21.5661 -10.1544 13.6475 13.3291 3.34342 -3.36319 -46.3535 -40.8455 -40.7518 30.0522 0.0615366 0.141 11.4843 -8.41826 -72.9925 24.9344 0.0510561 0.116988 3.99037 -46.811 5.19403 -1.26863 -7.82715 7.75138 -25.7125 -8.39725 -14.2119 -13.3291 3.34342 -3.36319 22.3655 -55.7418 18.1648 -30.0522 0.0615366 0.141 -10.6552 -6.42803 62.7022 -24.9344 0.0510559 0.116988 -1.02662 -44.7977 1.79453 9.50369 -4.32711 2.09145 19.1916 -6.22328 -23.3227 -0.876987 -39.8926 -0.674123 -7.51033 26.3745 1.29208 -2.39345 -41.5694 -6.22357 -16.291 -6.79964 18.1898 0.801613 -10.1701 12.8571 -3.15161e-15 -9.31627e-16 1.48913e-16 -9.50369 -4.32711 2.09145 -3.40801 -0.127379 32.2925 0.876987 -39.8926 -0.674123 8.57567 29.5484 -1.73597 2.39345 -41.5694 -6.22357 2.41353 -19.959 -17.3592 -0.801613 -10.1701 12.8571 -9.94435e-16 -5.46642e-16 -1.27222e-14 
35.4546 92.1845 -121.157 -0.093505 -3.99512 -2.56527 0 5.22546 -1.18466 -1.15558 -8.89473 0.217907 0 5.77894 1.10239 -0.891386 -6.12591 -0.0799838 -1.0557e-17 6.16289 0.118334 -0.643872 -0.962158 0.0784177 -1.13649e-17 6.69386 -0.456341 -0.472164 6.30315 0.111501 -2.02997e-17 7.82529 -1.54945 -0.252901 10.752 0.171238 -2.60628e-17 9.77186 -0.940923 -0.0983227 13.0875 0.183275 -2.98794e-17 10.8563 1.62248 0.0233193 -0.684569 0.00466667 -1.32927e-17 4.92478 0.736013 0.325906 16.0462 1.39492 -1.86396e-17 4.96043 0.433981 2.02076 -3.41945 0.579833 -2.06766e-17 4.97002 0.787173 2.58558 -4.54945 0.642457 1.26863 -7.82717 7.75148 18.7162 -10.5018 11.8369 13.3291 3.34342 -3.36319 -43.0722 -40.567 -37.6652 30.0522 0.0615366 0.141 11.0823 -7.32862 -67.4526 24.9344 0.0510561 0.116988 3.31459 -47.7805 3.99214 -1.26863 -7.82715 7.75138 -23.8349 -8.95948 -12.5933 -13.3291 3.34342 -3.36319 21.847 -53.3432 14.3357 -30.0522 0.0615366 0.141 -10.4318 -6.02236 60.4967 -24.9344 0.0510559 0.116988 -1.68706 -44.906 0.590505 9.50369 -4.32711 2.09145 18.9146 -3.96508 -23.4726 -0.876987 -39.8926 -0.674123 -5.67809 20.5015 0.665377 -2.39345 -41.5694 -6.22357 -17.1976 0.728376 19.9979 0.801613 -10.1701 12.8571 -3.15571e-15 -9.31803e-16 1.49089e-16 -9.50369 -4.32711 2.09145 -4.04956 1.46401 31.8817 0.876987 -39.8926 -0.674123 6.80715 24.1805 -1.03028 2.39345 -41.5694 -6.22357 4.47182 -13.1586 -17.4501 -0.801613 -10.1701 12.8571 -9.93923e-16 -5.46658e-16 -1.27222e-14 
35.553 94.6999 -122.419 -0.370131 -4.15022 -2.10064 0 5.22546 -1.18466 -0.972893 -9.19349 0.128528 0 5.77894 1.10239 -0.749626 -6.27911 -0.0904088 -1.0557e-17 6.16289 0.118334 -0.563461 -0.918337 0.0430941 -1.13649e-17 6.69386 -0.456341 -0.435822 6.60473 0.0759257 -2.02997e-17 7.82529 -1.54945 -0.270581 11.2574 0.121763 -2.60628e-17 9.77186 -0.940923 -0.196224 13.6568 0.14626 -2.98794e-17 10.8563 1.62248 -0.00256573 -0.745767 0.0103237 -1.32927e-17 4.92478 0.736013 0.228679 15.5297 1.43675 -1.86396e-17 4.96043 0.433981 1.7871 -3.22072 0.578114 -2.06766e-17 4.97002 0.787173 2.78297 -3.76417 0.50528 1.26863 -7.82717 7.75148 15.8438 -10.7885 10.1561 13.3291 3.34342 -3.36319 -40.1605 -39.5519 -35.1839 30.0522 0.0615366 0.141 10.5242 -6.18586 -61.3924 24.9344 0.0510561 0.116988 3.1405 -48.7585 3.48538 -1.26863 -7.82715 7.75138 -21.5196 -9.44175 -10.8817 -13.3291 3.34342 -3.36319 21.4588 -51.4864 9.97049 -30.0522 0.0615366 0.141 -10.1968 -5.6314 58.3242 -24.9344 0.0510559 0.116988 -2.07264 -44.9025 -0.621223 9.50369 -4.32711 2.09145 18.7785 -1.95127 -22.7014 -0.876987 -39.8926 -0.674123 -3.89084 14.3295 0.237707 -2.39345 -41.5694 -6.22357 -18.368 9.94317 22.4124 0.801613 -10.1701 12.8571 -3.15571e-15 -9.31803e-16 1.49089e-16 -9.50369 -4.32711 2.09145 -4.58058 2.84314 30.2598 0.876987 -39.8926 -0.674123 5.19195 18.862 -0.530329 2.39345 -41.5694 -6.22357 6.64405 -4.43254 -17.841 -0.801613 -10.1701 12.8571 -4.56744e-15 -3.97761e-16 -1.25733e-14 
36.0493 97.322 -124.393 -0.608549 -3.43659 -1.78012 0 5.22546 -1.18466 -0.738768 -9.43097 0.0190753 0 5.77894 1.10239 -0.570522 -6.39779 -0.102967 -1.0557e-17 6.16289 0.118334 -0.45243 -0.891274 0.00356341 -1.13649e-17 6.69386 -0.456341 -0.371177 6.85687 0.0345497 -2.02997e-17 7.82529 -1.54945 -0.268835 11.6798 0.0611651 -2.60628e-17 9.77186 -0.940923 -0.28316 14.1344 0.0876204 -2.98794e-17 10.8563 1.62248 -0.0240302 -0.800896 0.0225203 -1.32927e-17 4.92478 0.736013 0.0990781 14.833 1.59731 -1.86396e-17 4.96043 0.433981 1.62983 -2.84775 0.64866 -2.06766e-17 4.97002 0.787173 2.61698 -3.23086 0.410387 1.26863 -7.82717 7.75148 12.8447 -10.8333 8.48407 13.3291 3.34342 -3.36319 -37.3466 -38.0687 -32.4696 30.0522 0.0615366 0.141 9.81366 -5.05769 -55.0397 24.9344 0.0510561 0.116988 3.05583 -50.5585 2.82308 -1.26863 -7.82715 7.75138 -18.6924 -9.69275 -9.2358 -13.3291 3.34342 -3.36319 20.8937 -49.5473 5.84358 -30.0522 0.0615366 0.141 -9.88383 -5.15747 55.619 -24.9344 0.0510559 0.116988 -2.98025 -46.1257 -1.57127 9.50369 -4.32711 2.09145 18.7107 -1.88892 -20.4064 -0.876987 -39.8926 -0.674123 -2.63998 9.80988 0.0549213 -2.39345 -41.5694 -6.22357 -19.4354 17.0019 24.2344 0.801613 -10.1701 12.8571 -2.72769e-14 -2.76819e-15 1.99789e-15 -9.50369 -4.32711 2.09145 -5.11125 2.99483 27.7682 0.876987 -39.8926 -0.674123 3.64468 13.451 -0.19396 2.39345 -41.5694 -6.22357 9.33054 6.17636 -18.7764 -0.801613 -10.1701 12.8571 3.76616e-15 -7.57403e-16 -1.2933e-14 
36.7378 99.9867 -126.183 -0.681521 -1.46427 -1.8146 0 5.22546 -1.18466 -0.464891 -9.7859 -0.109236 0 5.77894 1.10239 -0.3629 -6.65845 -0.125603 -1.0557e-17 6.16289 0.118334 -0.314832 -1.03106 -0.0492035 -1.13649e-17 6.69386 -0.456341 -0.277986 6.96582 -0.021651 -2.02997e-17 7.82529 -1.54945 -0.243711 11.9592 -0.0150504 -2.60628e-17 9.77186 -0.940923 -0.354244 14.4973 0.0040476 -2.98794e-17 10.8563 1.62248 -0.0422298 -0.842861 0.0369969 -1.32927e-17 4.92478 0.736013 -0.0408132 13.7682 1.81022 -1.86396e-17 4.96043 0.433981 1.50748 -2.42424 0.753722 -2.06766e-17 4.97002 0.787173 1.94717 -2.80677 0.621199 1.26863 -7.82717 7.75148 9.82894 -10.5975 7.02623 13.3291 3.34342 -3.36319 -34.3778 -36.2592 -29.2572 30.0522 0.0615366 0.141 8.99217 -4.0246 -48.746 24.9344 0.0510561 0.116988 3.25793 -53.5087 2.30588 -1.26863 -7.82715 7.75138 -15.3966 -9.70006 -7.73091 -13.3291 3.34342 -3.36319 20.2083 -47.7158 2.45658 -30.0522 0.0615366 0.141 -9.37772 -4.4806 51.5913 -24.9344 0.0510559 0.116988 -2.75716 -48.839 -0.693171 9.50369 -4.32711 2.09145 19.0538 -4.6528 -16.4018 -0.876987 -39.8926 -0.674123 -2.61831 9.7305 0.0526305 -2.39345 -41.5694 -6.22357 -18.1781 11.7466 21.9729 0.801613 -10.1701 12.8571 -1.69847e-14 -2.32388e-15 1.55359e-15 -9.50369 -4.32711 2.09145 -5.62308 1.01296 24.9056 0.876987 -39.8926 -0.674123 2.6658 9.90445 -0.0576906 2.39345 -41.5694 -6.22357 10.5552 13.1488 -19.2097 -0.801613 -10.1701 12.8571 1.08742e-14 -1.84976e-15 -1.40501e-14 
37.2828 102.728 -127.252 -0.969082 1.67348 -2.15808 0 5.22546 -1.18466 -0.0688842 -10.4701 -0.230682 0 5.77894 1.10239 -0.039312 -7.25472 -0.139441 -1.0557e-17 6.16289 0.118334 -0.0712861 -1.41487 -0.091841 -1.13649e-17 6.69386 -0.456341 -0.0901789 7.01281 -0.0654608 -2.02997e-17 7.82529 -1.54945 -0.132963 12.2924 -0.0837534 -2.60628e-17 9.77186 -0.940923 -0.344822 14.979 -0.0894673 -2.98794e-17 10.8563 1.62248 -0.0545213 -0.875275 0.0430125 -1.32927e-17 4.92478 0.736013 -0.0965271 12.1841 2.08157 -1.86396e-17 4.96043 0.433981 1.41338 -2.20053 0.900094 -2.06766e-17 4.97002 0.787173 0.809943 -2.42833 0.759242 1.26863 -7.82717 7.75148 6.87673 -10.2288 5.88676 13.3291 3.34342 -3.36319 -32.167 -33.9784 -26.3512 30.0522 0.0615366 0.141 8.09863 -3.11981 -42.6742 24.9344 0.0510561 0.116988 3.24135 -57.0107 1.59219 -1.26863 -7.82715 7.75138 -11.8555 -9.52076 -6.53886 -13.3291 3.34342 -3.36319 19.984 -45.3421 0.644485 -30.0522 0.0615366 0.141 -8.70099 -3.70823 46.693 -24.9344 0.0510559 0.116988 -1.66316 -52.2096 0.897524 9.50369 -4.32711 2.09145 19.5964 -8.23685 -11.6457 -0.876987 -39.8926 -0.674123 -2.53399 9.42128 0.0440017 -2.39345 -41.5694 -6.22357 -16.7725 6.51271 19.7285 0.801613 -10.1701 12.8571 4.37034e-15 -6.11006e-16 -1.71693e-16 -9.50369 -4.32711 2.09145 -5.72221 -2.86139 23.3328 0.876987 -39.8926 -0.674123 2.61777 9.72854 -0.0525737 2.39345 -41.5694 -6.22357 7.39622 6.94671 -17.7327 -0.801613 -10.1701 12.8571 2.19793e-15 -6.8484e-16 -1.28604e-14 
37.7364 105.26 -127.914 -1.48469 4.84287 -2.14147 0 5.22546 -1.18466 0.29646 -11.1745 -0.334802 0 5.77894 1.10239 0.265365 -7.91315 -0.168624 -1.0557e-17 6.16289 0.118334 0.166667 -1.87599 -0.145871 -1.13649e-17 6.69386 -0.456341 0.10799 7.01654 -0.121291 -2.02997e-17 7.82529 -1.54945 -0.00436539 12.6051 -0.156553 -2.60628e-17 9.77186 -0.940923 -0.30345 15.436 -0.183536 -2.98794e-17 10.8563 1.62248 -0.0617068 -0.872374 0.0396577 -1.32927e-17 4.92478 0.736013 -0.0666247 10.1519 2.24784 -1.86396e-17 4.96043 0.433981 1.15605 -2.30974 0.999122 -2.06766e-17 4.97002 0.787173 0.26553 -1.68856 0.733829 1.26863 -7.82717 7.75148 4.00756 -9.65815 4.81186 13.3291 3.34342 -3.36319 -30.5935 -31.1505 -23.9964 30.0522 0.0615366 0.141 7.10495 -2.30716 -36.5339 24.9344 0.0510561 0.116988 2.10131 -61.4791 -0.285631 -1.26863 -7.82715 7.75138 -8.38107 -9.17257 -5.52909 -13.3291 3.34342 -3.36319 20.598 -42.4412 0.343937 -30.0522 0.0615366 0.141 -7.80144 -2.85771 40.779 -24.9344 0.0510559 0.116988 0.210854 -55.4614 2.66494 9.50369 -4.32711 2.09145 19.6905 -12.0722 -8.87275 -0.876987 -39.8926 -0.674123 -2.50041 9.29803 0.0406932 -2.39345 -41.5694 -6.22357 -15.9048 5.20652 18.9192 0.801613 -10.1701 12.8571 -6.71937e-15 -1.09269e-15 2.97564e-16 -9.50369 -4.32711 2.09145 -5.21237 -6.96445 22.9448 0.876987 -39.8926 -0.674123 2.58318 9.60174 -0.0489799 2.39345 -41.5694 -6.22357 5.19614 1.52304 -16.9632 -0.801613 -10.1701 12.8571 -1.95685e-16 -5.84059e-16 -1.27596e-14 
38.1685 107.398 -128.538 -2.03598 7.20386 -1.54249 0 5.22546 -1.18466 0.553578 -11.5628 -0.406696 0 5.77894 1.10239 0.475664 -8.28814 -0.193435 -1.0557e-17 6.16289 0.118334 0.334377 -2.16798 -0.187739 -1.13649e-17 6.69386 -0.456341 0.257762 7.01077 -0.163722 -2.02997e-17 7.82529 -1.54945 0.102961 12.8037 -0.206702 -2.60628e-17 9.77186 -0.940923 -0.241647 15.7089 -0.250718 -2.98794e-17 10.8563 1.62248 -0.0583967 -0.830716 0.0401577 -1.32927e-17 4.92478 0.736013 0.0531489 7.57264 2.35099 -1.86396e-17 4.96043 0.433981 0.873161 -2.72962 1.07813 -2.06766e-17 4.97002 0.787173 0.452846 -0.624177 0.200168 1.26863 -7.82717 7.75148 1.00917 -8.77342 3.51123 13.3291 3.34342 -3.36319 -28.452 -26.9217 -22.0118 30.0522 0.0615366 0.141 5.89817 -1.52994 -29.6528 24.9344 0.0510561 0.116988 -2.74683 -67.6437 -5.91708 -1.26863 -7.82715 7.75138 -5.02145 -8.56431 -4.43519 -13.3291 3.34342 -3.36319 21.5778 -39.4927 0.557106 -30.0522 0.0615366 0.141 -6.80586 -2.09492 34.7764 -24.9344 0.0510559 0.116988 1.96908 -58.666 3.82882 9.50369 -4.32711 2.09145 19.047 -15.2742 -8.33036 -0.876987 -39.8926 -0.674123 -2.51368 9.34676 0.0419923 -2.39345 -41.5694 -6.22357 -15.1254 5.37319 18.7443 0.801613 -10.1701 12.8571 5.17775e-15 -5.72184e-16 -2.10547e-16 -9.50369 -4.32711 2.09145 -4.423 -9.96521 21.7893 0.876987 -39.8926 -0.674123 2.44584 9.09753 -0.0354694 2.39345 -41.5694 -6.22357 4.73041 0.654208 -16.6877 -0.801613 -10.1701 12.8571 -1.787e-15 -5.09483e-16 -1.26975e-14 
38.5498 109.05 -129.196 -2.46033 8.90575 -0.982352 0 5.22546 -1.18466 0.748132 -11.7375 -0.448893 0 5.77894 1.10239 0.637065 -8.42774 -0.211811 -1.0557e-17 6.16289 0.118334 0.475826 -2.22862 -0.213991 -1.13649e-17 6.69386 -0.456341 0.398636 7.16107 -0.188994 -2.02997e-17 7.82529 -1.54945 0.232619 13.1564 -0.239089 -2.60628e-17 9.77186 -0.940923 -0.113592 16.0962 -0.310109 -2.98794e-17 10.8563 1.62248 -0.0452335 -0.799719 0.0361376 -1.32927e-17 4.92478 0.736013 0.342542 4.56925 2.52923 -1.86396e-17 4.96043 0.433981 0.935361 -3.40431 1.21064 -2.06766e-17 4.97002 0.787173 0.115107 0.0708138 -0.663176 1.26863 -7.82717 7.75148 -1.96065 -7.78774 2.08317 13.3291 3.34342 -3.36319 -27.0029 -22.3164 -21.0305 30.0522 0.0615366 0.141 4.7677 -0.970672 -23.5954 24.9344 0.0510561 0.116988 -9.36522 -73.6029 -13.3615 -1.26863 -7.82715 7.75138 -1.94642 -7.90335 -3.37143 -13.3291 3.34342 -3.36319 23.2733 -37.1749 1.83755 -30.0522 0.0615366 0.141 -5.82376 -1.4883 29.242 -24.9344 0.0510559 0.116988 3.81594 -61.9413 4.79964 9.50369 -4.32711 2.09145 17.9419 -17.9349 -8.60673 -0.876987 -39.8926 -0.674123 -2.65519 9.86558 0.0565474 -2.39345 -41.5694 -6.22357 -14.137 5.57855 18.5427 0.801613 -10.1701 12.8571 -7.11539e-15 -1.10505e-15 3.22331e-16 -9.50369 -4.32711 2.09145 -3.20701 -12.199 21.0534 0.876987 -39.8926 -0.674123 2.34793 8.73738 -0.0265797 2.39345 -41.5694 -6.22357 3.66987 2.13214 -16.2595 -0.801613 -10.1701 12.8571 9.90307e-16 -6.33465e-16 -1.2809e-14 
38.837 110.065 -129.736 -2.69458 10.1961 -1.03806 0 5.22546 -1.18466 0.906621 -11.3115 -0.410315 0 5.77894 1.10239 0.762715 -8.00575 -0.179951 -1.0557e-17 6.16289 0.118334 0.583634 -2.00449 -0.186579 -1.13649e-17 6.69386 -0.456341 0.50008 7.17636 -0.163778 -2.02997e-17 7.82529 -1.54945 0.339138 13.0633 -0.217804 -2.60628e-17 9.77186 -0.940923 0.0294881 15.9139 -0.309195 -2.98794e-17 10.8563 1.62248 -0.0370781 -0.747681 0.0365894 -1.32927e-17 4.92478 0.736013 0.711424 0.492668 2.6477 -1.86396e-17 4.96043 0.433981 0.984752 -3.60017 1.30895 -2.06766e-17 4.97002 0.787173 -0.643859 1.66225 -1.19068 1.26863 -7.82717 7.75148 -4.63374 -6.41138 0.481707 13.3291 3.34342 -3.36319 -26.1504 -17.9706 -20.0966 30.0522 0.0615366 0.141 3.865 -0.624648 -18.9465 24.9344 0.0510561 0.116988 -19.0437 -79.2022 -24.052 -1.26863 -7.82715 7.75138 0.787505 -6.81346 -2.17584 -13.3291 3.34342 -3.36319 25.5545 -34.4108 3.93952 -30.0522 0.0615366 0.141 -4.9107 -1.03319 24.3435 -24.9344 0.0510559 0.116988 5.42224 -66.1529 5.64427 9.50369 -4.32711 2.09145 16.6633 -19.9943 -8.87374 -0.876987 -39.8926 -0.674123 -2.96665 11.0027 0.0931029 -2.39345 -41.5694 -6.22357 -12.9078 5.04293 18.0889 0.801613 -10.1701 12.8571 2.00081e-15 -7.08687e-16 -7.40277e-17 -9.50369 -4.32711 2.09145 -1.50494 -14.2713 22.0472 0.876987 -39.8926 -0.674123 2.46612 9.17206 -0.0373879 2.39345 -41.5694 -6.22357 2.3337 3.63924 -15.7572 -0.801613 -10.1701 12.8571 2.18508e-15 -6.83258e-16 -1.28588e-14 
39.0139 110.515 -129.988 -2.56414 10.169 -1.62681 0 5.22546 -1.18466 0.893036 -10.0388 -0.24216 0 5.77894 1.10239 0.715404 -6.81713 -0.0563816 -1.0557e-17 6.16289 0.118334 0.534205 -1.42434 -0.0646576 -1.13649e-17 6.69386 -0.456341 0.445965 6.93265 -0.0477958 -2.02997e-17 7.82529 -1.54945 0.320958 12.2325 -0.0865029 -2.60628e-17 9.77186 -0.940923 0.108907 14.8311 -0.176711 -2.98794e-17 10.8563 1.62248 -0.0353771 -0.630912 0.043961 -1.32927e-17 4.92478 0.736013 1.02054 -4.27687 2.70158 -1.86396e-17 4.96043 0.433981 0.850489 -3.09144 1.35007 -2.06766e-17 4.97002 0.787173 -0.912176 4.93435 -1.4121 1.26863 -7.82717 7.75148 -7.09691 -4.39698 -1.43222 13.3291 3.34342 -3.36319 -25.6239 -14.1279 -18.7343 30.0522 0.0615366 0.141 3.13039 -0.402821 -15.2532 24.9344 0.0510561 0.116988 -41.3257 -83.4473 -47.3245 -1.26863 -7.82715 7.75138 3.46408 -5.02073 -0.763042 -13.3291 3.34342 -3.36319 28.1223 -30.6644 5.61888 -30.0522 0.0615366 0.141 -4.12734 -0.716445 20.2817 -24.9344 0.0510559 0.116988 7.0956 -70.6595 6.79379 9.50369 -4.32711 2.09145 14.8812 -20.2892 -9.32592 -0.876987 -39.8926 -0.674123 -3.30202 12.2186 0.139365 -2.39345 -41.5694 -6.22357 -11.408 4.02022 17.5524 0.801613 -10.1701 12.8571 3.60091e-15 -6.46131e-16 -1.36584e-16 -9.50369 -4.32711 2.09145 0.195242 -14.9228 23.7994 0.876987 -39.8926 -0.674123 2.70687 10.0547 -0.0621834 2.39345 -41.5694 -6.22357 1.18574 4.37145 -15.3001 -0.801613 -10.1701 12.8571 -5.92738e-16 -5.59243e-16 -1.27472e-14 
39.1933 110.419 -129.981 -2.21527 9.05557 -2.18492 0 5.22546 -1.18466 0.736807 -8.16285 -0.0578695 0 5.77894 1.10239 0.552974 -5.16196 0.0669142 -1.0557e-17 6.16289 0.118334 0.400506 -0.617554 0.0656908 -1.13649e-17 6.69386 -0.456341 0.329167 6.52781 0.0778853 -2.02997e-17 7.82529 -1.54945 0.266775 10.9338 0.0593237 -2.60628e-17 9.77186 -0.940923 0.181259 13.1747 -0.037354 -2.98794e-17 10.8563 1.62248 -0.0382662 -0.455138 0.0592126 -1.32927e-17 4.92478 0.736013 1.27813 -8.35547 2.72217 -1.86396e-17 4.96043 0.433981 0.891633 -2.09151 1.35804 -2.06766e-17 4.97002 0.787173 -0.901103 8.4984 -1.5824 1.26863 -7.82717 7.75148 -9.17761 -2.05509 -3.28228 13.3291 3.34342 -3.36319 -25.7419 -10.3549 -17.2547 30.0522 0.0615366 0.141 2.56297 -0.266067 -12.4426 24.9344 0.0510561 0.116988 -93.7411 -84.8266 -100.312 -1.26863 -7.82715 7.75138 5.92182 -2.7793 0.656268 -13.3291 3.34342 -3.36319 30.7029 -25.9277 6.19436 -30.0522 0.0615366 0.141 -3.52705 -0.516014 17.2372 -24.9344 0.0510559 0.116988 10.8886 -75.4757 10.5407 9.50369 -4.32711 2.09145 12.594 -19.181 -10.1276 -0.876987 -39.8926 -0.674123 -3.61641 13.3498 0.189179 -2.39345 -41.5694 -6.22357 -9.44818 2.36315 16.9508 0.801613 -10.1701 12.8571 -1.55871e-15 -8.69392e-16 8.66777e-17 -9.50369 -4.32711 2.09145 1.65086 -14.1046 25.5261 0.876987 -39.8926 -0.674123 2.95833 10.9724 -0.0920447 2.39345 -41.5694 -6.22357 -0.201368 4.18504 -14.8787 -0.801613 -10.1701 12.8571 -5.96354e-16 -5.59082e-16 -1.27471e-14 
39.4517 109.744 -129.837 -1.9822 8.01939 -2.42404 0 5.22546 -1.18466 0.589674 -6.21899 0.0397357 0 5.77894 1.10239 0.430029 -3.56554 0.111174 -1.0557e-17 6.16289 0.118334 0.315384 0.142239 0.124459 -1.13649e-17 6.69386 -0.456341 0.270549 6.06075 0.134035 -2.02997e-17 7.82529 -1.54945 0.260295 9.54692 0.123101 -2.60628e-17 9.77186 -0.940923 0.266336 11.4261 0.00755862 -2.98794e-17 10.8563 1.62248 -0.0461424 -0.265285 0.075761 -1.32927e-17 4.92478 0.736013 1.40249 -11.0141 2.4938 -1.86396e-17 4.96043 0.433981 1.06418 -0.952849 1.24183 -2.06766e-17 4.97002 0.787173 -0.77361 11.1257 -1.41362 1.26863 -7.82717 7.75148 -10.5921 0.067261 -4.71022 13.3291 3.34342 -3.36319 -27.1546 -6.64956 -16.0183 30.0522 0.0615366 0.141 2.17436 -0.189181 -10.5343 24.9344 0.0510561 0.116988 -134.481 -81.6122 -141.098 -1.26863 -7.82715 7.75138 7.82709 -0.563712 1.87455 -13.3291 3.34342 -3.36319 33.4354 -19.9024 6.235 -30.0522 0.0615366 0.141 -3.0485 -0.381091 14.844 -24.9344 0.0510559 0.116988 24.4953 -80.9543 24.5909 9.50369 -4.32711 2.09145 10.3693 -18.0902 -10.7894 -0.876987 -39.8926 -0.674123 -3.97752 14.6373 0.254006 -2.39345 -41.5694 -6.22357 -7.30083 -0.133537 16.3772 0.801613 -10.1701 12.8571 -7.71324e-16 -8.32459e-16 4.97446e-17 -9.50369 -4.32711 2.09145 3.02474 -12.9704 26.94 0.876987 -39.8926 -0.674123 3.17137 11.746 -0.120495 2.39345 -41.5694 -6.22357 -1.86652 2.90658 -14.5842 -0.801613 -10.1701 12.8571 5.94804e-16 -6.21121e-16 -1.27967e-14 
39.7743 108.551 -129.689 -1.86756 7.51313 -2.34315 0 5.22546 -1.18466 0.506532 -4.40917 0.0565534 0 5.77894 1.10239 0.383488 -2.19236 0.0892775 -1.0557e-17 6.16289 0.118334 0.295909 0.741111 0.119984 -1.13649e-17 6.69386 -0.456341 0.268464 5.50591 0.127972 -2.02997e-17 7.82529 -1.54945 0.281146 8.11729 0.11275 -2.60628e-17 9.77186 -0.940923 0.328024 9.65412 -0.0209877 -2.98794e-17 10.8563 1.62248 -0.0582333 -0.0779683 0.0934215 -1.32927e-17 4.92478 0.736013 1.36068 -12.7758 2.04576 -1.86396e-17 4.96043 0.433981 1.09364 0.0512721 1.01589 -2.06766e-17 4.97002 0.787173 -0.575198 12.984 -0.97554 1.26863 -7.82717 7.75148 -11.3918 1.8643 -5.74488 13.3291 3.34342 -3.36319 -29.7367 -3.0413 -14.9768 30.0522 0.0615366 0.141 1.93085 -0.147811 -9.34427 24.9344 0.0510561 0.116988 -149.643 -76.4195 -155.951 -1.26863 -7.82715 7.75138 9.16999 1.51011 2.93191 -13.3291 3.34342 -3.36319 36.4742 -12.7874 6.08348 -30.0522 0.0615366 0.141 -2.66161 -0.287562 12.9275 -24.9344 0.0510559 0.116988 75.4495 -84.502 76.4566 9.50369 -4.32711 2.09145 8.39696 -17.6544 -11.0269 -0.876987 -39.8926 -0.674123 -4.40418 16.1411 0.340953 -2.39345 -41.5694 -6.22357 -5.18881 -2.89492 15.9579 0.801613 -10.1701 12.8571 2.38149e-17 -7.95187e-16 1.24725e-17 -9.50369 -4.32711 2.09145 4.21424 -12.2009 27.4691 0.876987 -39.8926 -0.674123 3.35258 12.4011 -0.146956 2.39345 -41.5694 -6.22357 -3.56736 0.81268 -14.4745 -0.801613 -10.1701 12.8571 -1.38891e-15 -5.34347e-16 -1.27099e-14 
40.1049 106.96 -129.618 -1.76753 7.15751 -2.11159 0 5.22546 -1.18466 0.476983 -2.79917 0.0452008 0 5.77894 1.10239 0.39011 -1.0485 0.0546958 -1.0557e-17 6.16289 0.118334 0.315248 1.20717 0.102522 -1.13649e-17 6.69386 -0.456341 0.289325 4.93529 0.110049 -2.02997e-17 7.82529 -1.54945 0.304122 6.77268 0.0843494 -2.60628e-17 9.77186 -0.940923 0.360397 7.99531 -0.0658873 -2.98794e-17 10.8563 1.62248 -0.0694577 0.0940345 0.111469 -1.32927e-17 4.92478 0.736013 1.21267 -13.7892 1.54295 -1.86396e-17 4.96043 0.433981 0.965438 0.768543 0.7577 -2.06766e-17 4.97002 0.787173 -0.467335 14.1 -0.527922 1.26863 -7.82717 7.75148 -11.7068 3.28723 -6.38435 13.3291 3.34342 -3.36319 -33.1303 0.66562 -14.1715 30.0522 0.0615366 0.141 1.79595 -0.127127 -8.68669 24.9344 0.0510561 0.116988 -156.343 -70.8259 -162.124 -1.26863 -7.82715 7.75138 10.0559 3.31178 3.80358 -13.3291 3.34342 -3.36319 39.8368 -5.70996 5.88863 -30.0522 0.0615366 0.141 -2.40785 -0.233589 11.6781 -24.9344 0.0510559 0.116988 126.986 -81.4088 129.052 9.50369 -4.32711 2.09145 6.60796 -17.5358 -11.3343 -0.876987 -39.8926 -0.674123 -4.91403 17.9108 0.459308 -2.39345 -41.5694 -6.22357 -3.33509 -5.33302 15.7272 0.801613 -10.1701 12.8571 2.48481e-17 -7.95139e-16 1.2424e-17 -9.50369 -4.32711 2.09145 5.11906 -11.7075 27.1203 0.876987 -39.8926 -0.674123 3.5461 13.0976 -0.1775 2.39345 -41.5694 -6.22357 -5.1552 -1.42448 -14.4919 -0.801613 -10.1701 12.8571 -5.97387e-16 -5.5905e-16 -1.2747e-14 
40.4061 105.054 -129.61 -1.65587 6.7051 -1.94913 0 5.22546 -1.18466 0.453279 -1.38814 0.0326374 0 5.77894 1.10239 0.404293 -0.0901082 0.0267012 -1.0557e-17 6.16289 0.118334 0.339016 1.59095 0.0901816 -1.13649e-17 6.69386 -0.456341 0.31057 4.41094 0.0983109 -2.02997e-17 7.82529 -1.54945 0.324599 5.59916 0.061023 -2.60628e-17 9.77186 -0.940923 0.381219 6.53576 -0.108225 -2.98794e-17 10.8563 1.62248 -0.0788761 0.245581 0.126758 -1.32927e-17 4.92478 0.736013 1.00459 -13.8179 1.0215 -1.86396e-17 4.96043 0.433981 0.8135 1.27724 0.489571 -2.06766e-17 4.97002 0.787173 -0.512347 14.3325 0.0525496 1.26863 -7.82717 7.75148 -11.5784 4.28921 -6.61393 13.3291 3.34342 -3.36319 -37.2722 4.15057 -13.48 30.0522 0.0615366 0.141 1.76483 -0.122579 -8.53511 24.9344 0.0510561 0.116988 -160.223 -65.9291 -165.531 -1.26863 -7.82715 7.75138 10.5271 4.71088 4.41615 -13.3291 3.34342 -3.36319 43.5776 0.385843 5.72025 -30.0522 0.0615366 0.141 -2.28879 -0.210252 11.0938 -24.9344 0.0510559 0.116988 142.127 -76.434 145.071 9.50369 -4.32711 2.09145 4.9369 -17.2088 -12.0006 -0.876987 -39.8926 -0.674123 -5.39835 19.5619 0.586001 -2.39345 -41.5694 -6.22357 -1.64705 -7.41428 15.6314 0.801613 -10.1701 12.8571 2.48481e-17 -7.95139e-16 1.2424e-17 -9.50369 -4.32711 2.09145 5.79995 -11.3593 26.717 0.876987 -39.8926 -0.674123 3.78468 13.9514 -0.218379 2.39345 -41.5694 -6.22357 -6.23011 -3.30894 -14.5904 -0.801613 -10.1701 12.8571 -9.93407e-16 -5.46674e-16 -1.27223e-14 
40.6675 102.872 -129.734 -1.48548 5.80629 -1.90638 0 5.22546 -1.18466 0.385377 -0.0659283 0.0247877 0 5.77894 1.10239 0.382273 0.805383 0.00167774 -1.0557e-17 6.16289 0.118334 0.337887 1.98812 0.0777405 -1.13649e-17 6.69386 -0.456341 0.317487 3.98815 0.0869012 -2.02997e-17 7.82529 -1.54945 0.346162 4.62074 0.0403629 -2.60628e-17 9.77186 -0.940923 0.411791 5.29069 -0.154265 -2.98794e-17 10.8563 1.62248 -0.0826714 0.377911 0.138448 -1.32927e-17 4.92478 0.736013 0.810504 -13.0118 0.538298 -1.86396e-17 4.96043 0.433981 0.722744 1.62631 0.242489 -2.06766e-17 4.97002 0.787173 -0.67295 14.0377 0.824899 1.26863 -7.82717 7.75148 -11.0776 4.97525 -6.55113 13.3291 3.34342 -3.36319 -41.9046 7.54733 -12.9095 30.0522 0.0615366 0.141 1.78035 -0.124836 -8.61068 24.9344 0.0510561 0.116988 -162.929 -61.8312 -167.853 -1.26863 -7.82715 7.75138 10.8007 5.75675 4.79251 -13.3291 3.34342 -3.36319 47.6074 4.91861 5.64646 -30.0522 0.0615366 0.141 -2.23634 -0.200369 10.8367 -24.9344 0.0510559 0.116988 147.326 -71.9715 151.071 9.50369 -4.32711 2.09145 3.66539 -16.4725 -11.8898 -0.876987 -39.8926 -0.674123 -5.89244 21.2141 0.729215 -2.39345 -41.5694 -6.22357 -0.431931 -8.86995 15.5782 0.801613 -10.1701 12.8571 2.48481e-17 -7.95139e-16 1.2424e-17 -9.50369 -4.32711 2.09145 6.37057 -10.8793 26.8017 0.876987 -39.8926 -0.674123 4.09988 15.0706 -0.277801 2.39345 -41.5694 -6.22357 -7.28421 -4.59966 -14.6566 -0.801613 -10.1701 12.8571 -5.96871e-16 -5.59066e-16 -1.2747e-14 
40.8649 100.387 -130.015 -1.31239 4.77367 -1.98667 0 5.22546 -1.18466 0.286413 1.13041 0.0125149 0 5.77894 1.10239 0.337046 1.61588 -0.030161 -1.0557e-17 6.16289 0.118334 0.325419 2.3688 0.0569615 -1.13649e-17 6.69386 -0.456341 0.326941 3.64248 0.067813 -2.02997e-17 7.82529 -1.54945 0.383992 3.79816 0.013286 -2.60628e-17 9.77186 -0.940923 0.465438 4.2155 -0.213158 -2.98794e-17 10.8563 1.62248 -0.0815113 0.48739 0.145269 -1.32927e-17 4.92478 0.736013 0.708163 -11.5666 0.235091 -1.86396e-17 4.96043 0.433981 0.746194 1.76944 0.0856 -2.06766e-17 4.97002 0.787173 -1.00253 13.163 1.6238 1.26863 -7.82717 7.75148 -10.1151 5.37352 -6.22411 13.3291 3.34342 -3.36319 -47.1438 10.8655 -12.3782 30.0522 0.0615366 0.141 1.80463 -0.128409 -8.72891 24.9344 0.0510561 0.116988 -164.811 -58.2193 -169.403 -1.26863 -7.82715 7.75138 10.8884 6.51838 4.98621 -13.3291 3.34342 -3.36319 51.7102 8.19992 5.9129 -30.0522 0.0615366 0.141 -2.17587 -0.18928 10.5406 -24.9344 0.0510559 0.116988 150.219 -67.9744 154.577 9.50369 -4.32711 2.09145 3.15318 -15.8672 -10.3331 -0.876987 -39.8926 -0.674123 -6.54868 23.3549 0.94059 -2.39345 -41.5694 -6.22357 0.00982395 -9.73929 15.542 0.801613 -10.1701 12.8571 2.48481e-17 -7.95139e-16 1.2424e-17 -9.50369 -4.32711 2.09145 6.93939 -10.3394 27.4689 0.876987 -39.8926 -0.674123 4.47278 16.381 -0.355967 2.39345 -41.5694 -6.22357 -8.03713 -5.63914 -14.7405 -0.801613 -10.1701 12.8571 -5.96354e-16 -5.59082e-16 -1.27471e-14 
41.0722 97.5998 -130.339 -1.21959 3.55776 -2.0886 0 5.22546 -1.18466 0.0953608 2.42766 -0.0278219 0 5.77894 1.10239 0.208853 2.45065 -0.0985393 -1.0557e-17 6.16289 0.118334 0.24869 2.745 -0.00596863 -1.13649e-17 6.69386 -0.456341 0.298756 3.26772 0.00507734 -2.02997e-17 7.82529 -1.54945 0.389333 2.93248 -0.0541799 -2.60628e-17 9.77186 -0.940923 0.490866 3.07488 -0.310061 -2.98794e-17 10.8563 1.62248 -0.0880713 0.601245 0.154311 -1.32927e-17 4.92478 0.736013 0.620787 -9.72402 0.155271 -1.86396e-17 4.96043 0.433981 0.609644 1.56368 0.0244677 -2.06766e-17 4.97002 0.787173 -0.701555 11.8389 2.40881 1.26863 -7.82717 7.75148 -8.88489 5.71033 -5.79843 13.3291 3.34342 -3.36319 -52.9339 13.3158 -11.2806 30.0522 0.0615366 0.141 1.85024 -0.135261 -8.95116 24.9344 0.0510561 0.116988 -165.729 -55.5606 -170.435 -1.26863 -7.82715 7.75138 10.7615 7.23139 5.34646 -13.3291 3.34342 -3.36319 55.9787 10.1001 6.42594 -30.0522 0.0615366 0.141 -2.08547 -0.173305 10.0984 -24.9344 0.0510559 0.116988 152.426 -65.3787 156.682 9.50369 -4.32711 2.09145 3.10967 -15.5248 -8.74599 -0.876987 -39.8926 -0.674123 -7.56335 26.5368 1.31285 -2.39345 -41.5694 -6.22357 -0.251057 -10.1383 15.6168 0.801613 -10.1701 12.8571 4.21896e-16 -7.82731e-16 1.62917e-20 -9.50369 -4.32711 2.09145 7.06368 -10.4465 26.2004 0.876987 -39.8926 -0.674123 5.81032 20.9418 -0.704451 2.39345 -41.5694 -6.22357 -6.39602 -6.44093 -14.9168 -0.801613 -10.1701 12.8571 -5.96354e-16 -5.59082e-16 -1.27471e-14 
41.3634 94.5696 -130.536 -0.844386 1.97625 -2.25685 0 5.22546 -1.18466 -0.107552 3.3529 0.0584425 0 5.77894 1.10239 0.074275 3.0651 -0.0547827 -1.0557e-17 6.16289 0.118334 0.154262 3.0823 0.0431839 -1.13649e-17 6.69386 -0.456341 0.234439 3.06489 0.0549363 -2.02997e-17 7.82529 -1.54945 0.380523 2.41702 -0.00236756 -2.60628e-17 9.77186 -0.940923 0.537391 2.36335 -0.287206 -2.98794e-17 10.8563 1.62248 -0.0900563 0.678524 0.157195 -1.32927e-17 4.92478 0.736013 0.627059 -8.71162 0.195019 -1.86396e-17 4.96043 0.433981 0.687337 1.12688 0.020718 -2.06766e-17 4.97002 0.787173 -0.681628 10.28 2.06747 1.26863 -7.82717 7.75148 -7.81098 6.02598 -5.50763 13.3291 3.34342 -3.36319 -58.0884 16.5201 -10.3956 30.0522 0.0615366 0.141 1.88481 -0.140575 -9.11969 24.9344 0.0510561 0.116988 -166.799 -52.7784 -171.256 -1.26863 -7.82715 7.75138 10.4274 7.7864 5.2386 -13.3291 3.34342 -3.36319 59.4513 12.8425 7.07446 -30.0522 0.0615366 0.141 -1.90767 -0.143969 9.23017 -24.9344 0.0510559 0.116988 155.487 -62.1625 159.448 9.50369 -4.32711 2.09145 1.7201 -14.8646 -11.2214 -0.876987 -39.8926 -0.674123 -8.77086 30.1099 1.82317 -2.39345 -41.5694 -6.22357 0.541621 -10.5865 15.7471 0.801613 -10.1701 12.8571 2.53694e-17 -7.95122e-16 1.24078e-17 -9.50369 -4.32711 2.09145 7.49486 -9.50712 27.8646 0.876987 -39.8926 -0.674123 7.02218 24.8596 -1.10761 2.39345 -41.5694 -6.22357 -7.09266 -7.84846 -15.1146 -0.801613 -10.1701 12.8571 -5.96354e-16 -5.59082e-16 -1.27471e-14 
41.6705 91.3091 -130.468 -0.684259 -0.585303 -3.04395 0 5.22546 -1.18466 -0.423485 4.49655 0.158115 0 5.77894 1.10239 -0.170407 3.84494 -0.0134114 -1.0557e-17 6.16289 0.118334 -0.0375947 3.56133 0.0839839 -1.13649e-17 6.69386 -0.456341 0.0886763 2.95624 0.0948908 -2.02997e-17 7.82529 -1.54945 0.307274 1.97688 0.0563735 -2.60628e-17 9.77186 -0.940923 0.543889 1.73019 -0.236835 -2.98794e-17 10.8563 1.62248 -0.093948 0.761021 0.149236 -1.32927e-17 4.92478 0.736013 0.482803 -7.74919 -0.0968033 -1.86396e-17 4.96043 0.433981 0.683352 0.683534 -0.126028 -2.06766e-17 4.97002 0.787173 -0.090903 9.14254 2.9811 1.26863 -7.82717 7.75148 -7.03719 6.42743 -5.42346 13.3291 3.34342 -3.36319 -61.8773 19.5585 -9.28719 30.0522 0.0615366 0.141 1.87497 -0.139053 -9.07171 24.9344 0.0510561 0.116988 -168.21 -49.4547 -171.729 -1.26863 -7.82715 7.75138 9.86441 8.27758 5.25178 -13.3291 3.34342 -3.36319 63.1618 15.4453 7.32093 -30.0522 0.0615366 0.141 -1.7232 -0.11645 8.33151 -24.9344 0.0510559 0.116988 156.288 -60.346 159.616 9.50369 -4.32711 2.09145 0.80248 -14.8443 -13.7346 -0.876987 -39.8926 -0.674123 -11.0532 36.2116 2.96556 -2.39345 -41.5694 -6.22357 2.08306 -14.6875 15.9723 0.801613 -10.1701 12.8571 -3.722e-16 -8.07546e-16 2.48318e-17 -9.50369 -4.32711 2.09145 8.70179 -9.12961 29.894 0.876987 -39.8926 -0.674123 9.19768 31.3159 -2.01992 2.39345 -41.5694 -6.22357 -7.34396 -9.24041 -15.3925 -0.801613 -10.1701 12.8571 -5.96354e-16 -5.59082e-16 -1.27471e-14 
41.9042 88.3416 -130.393 -0.670586 -3.61819 -3.16072 0 5.22546 -1.18466 -0.653498 5.69659 0.131989 0 5.77894 1.10239 -0.323884 4.67655 -0.09333 -1.0557e-17 6.16289 0.118334 -0.15292 4.06903 -0.000387607 -1.13649e-17 6.69386 -0.456341 0.00914607 2.83661 0.00400772 -2.02997e-17 7.82529 -1.54945 0.258295 1.4938 -0.0291225 -2.60628e-17 9.77186 -0.940923 0.511292 1.02884 -0.321575 -2.98794e-17 10.8563 1.62248 -0.096907 0.855635 0.136164 -1.32927e-17 4.92478 0.736013 0.486071 -5.70442 0.132762 -1.86396e-17 4.96043 0.433981 0.62448 1.13932 -0.0295682 -2.06766e-17 4.97002 0.787173 0.442186 8.54414 3.49062 1.26863 -7.82717 7.75148 -6.01648 6.71166 -5.21802 13.3291 3.34342 -3.36319 -66.0781 23.018 -7.56368 30.0522 0.0615366 0.141 1.92709 -0.147219 -9.32591 24.9344 0.0510561 0.116988 -169.971 -46.1476 -172.67 -1.26863 -7.82715 7.75138 8.61777 8.46315 5.14103 -13.3291 3.34342 -3.36319 66.25 18.1253 6.74228 -30.0522 0.0615366 0.141 -1.66033 -0.107747 8.02569 -24.9344 0.0510559 0.116988 157.125 -60.2487 159.233 9.50369 -4.32711 2.09145 0.037015 -14.643 -15.3626 -0.876987 -39.8926 -0.674123 -13.858 42.5822 4.63515 -2.39345 -41.5694 -6.22357 2.90007 -18.1773 16.1473 0.801613 -10.1701 12.8571 -7.69769e-16 -8.32378e-16 4.96636e-17 -9.50369 -4.32711 2.09145 10.1857 -8.33498 30.5357 0.876987 -39.8926 -0.674123 11.5894 37.5229 -3.26406 2.39345 -41.5694 -6.22357 -8.80821 -11.6302 -15.8203 -0.801613 -10.1701 12.8571 5.9479e-16 -6.21121e-16 -1.27967e-14 
41.9603 86.6237 -130.236 -0.266114 -8.3935 -2.48169 0 5.22546 -1.18466 -1.01909 7.17549 0.0196012 0 5.77894 1.10239 -0.591905 5.76221 -0.266207 -1.0557e-17 6.16289 0.118334 -0.359258 4.91113 -0.180098 -1.13649e-17 6.69386 -0.456341 -0.132842 3.18699 -0.175473 -2.02997e-17 7.82529 -1.54945 0.153158 1.48914 -0.19723 -2.60628e-17 9.77186 -0.940923 0.433074 0.912011 -0.475009 -2.98794e-17 10.8563 1.62248 -0.105413 0.909948 0.118083 -1.32927e-17 4.92478 0.736013 0.33713 -3.7323 -0.232205 -1.86396e-17 4.96043 0.433981 0.413731 0.679794 -0.19147 -2.06766e-17 4.97002 0.787173 1.38602 7.89735 4.7501 1.26863 -7.82717 7.75148 -5.6355 6.89945 -5.36031 13.3291 3.34342 -3.36319 -68.4675 25.4076 -7.27851 30.0522 0.0615366 0.141 1.90708 -0.14406 -9.22829 24.9344 0.0510561 0.116988 -173.404 -44.4018 -175.186 -1.26863 -7.82715 7.75138 7.59691 8.36916 5.42927 -13.3291 3.34342 -3.36319 68.1425 18.9657 6.46268 -30.0522 0.0615366 0.141 -1.60058 -0.0997948 7.73519 -24.9344 0.0510559 0.116988 156.412 -62.3069 157.078 9.50369 -4.32711 2.09145 -1.24159 -12.6963 -16.8827 -0.876987 -39.8926 -0.674123 -16.3256 47.2654 6.29497 -2.39345 -41.5694 -6.22357 2.03712 -18.7465 16.0679 0.801613 -10.1701 12.8571 4.20853e-16 -7.8278e-16 6.51668e-20 -9.50369 -4.32711 2.09145 10.5175 -6.99217 28.6434 0.876987 -39.8926 -0.674123 14.8862 44.6308 -5.30765 2.39345 -41.5694 -6.22357 -11.2247 -16.9943 -16.8474 -0.801613 -10.1701 12.8571 -1.38889e-15 -5.34348e-16 -1.27099e-14 
41.9034 85.5844 -129.771 -0.482121 -7.67992 -2.95841 0 5.22546 -1.18466 -0.799843 6.18087 -0.197431 0 5.77894 1.10239 -0.36651 5.2453 -0.473176 -1.0557e-17 6.16289 0.118334 -0.154633 4.72905 -0.39166 -1.13649e-17 6.69386 -0.456341 0.0598229 3.63206 -0.393132 -2.02997e-17 7.82529 -1.54945 0.27683 2.29776 -0.451007 -2.60628e-17 9.77186 -0.940923 0.452518 1.87914 -0.740349 -2.98794e-17 10.8563 1.62248 -0.100618 0.789795 0.0936419 -1.32927e-17 4.92478 0.736013 0.645866 -2.87754 1.31461 -1.86396e-17 4.96043 0.433981 0.793589 0.640502 0.536729 -2.06766e-17 4.97002 0.787173 -0.0635553 4.89532 4.53181 1.26863 -7.82717 7.75148 -5.08892 6.04674 -4.45652 13.3291 3.34342 -3.36319 -71.757 25.0835 -6.55167 30.0522 0.0615366 0.141 1.93698 -0.148795 -9.37414 24.9344 0.0510561 0.116988 -175.333 -46.2013 -175.478 -1.26863 -7.82715 7.75138 7.28118 7.38796 4.91479 -13.3291 3.34342 -3.36319 67.6727 18.707 7.35918 -30.0522 0.0615366 0.141 -1.66742 -0.108716 8.06017 -24.9344 0.0510559 0.116988 153.107 -66.9573 153.904 9.50369 -4.32711 2.09145 -1.05023 -15.4101 -16.6947 -0.876987 -39.8926 -0.674123 -18.5365 50.8349 7.90072 -2.39345 -41.5694 -6.22357 1.61529 -19.5629 16.011 0.801613 -10.1701 12.8571 8.19465e-16 -7.57899e-16 -2.48155e-17 -9.50369 -4.32711 2.09145 11.2631 -8.91288 27.9895 0.876987 -39.8926 -0.674123 16.1686 46.9907 -6.18489 2.39345 -41.5694 -6.22357 -11.5084 -17.4393 -17.0705 -0.801613 -10.1701 12.8571 5.93747e-16 -6.21088e-16 -1.27966e-14 
41.5889 85.2684 -129.135 -0.390327 -5.92842 -3.4783 0 5.22546 -1.18466 -0.927228 4.15548 -0.345598 0 5.77894 1.10239 -0.466374 3.94208 -0.640665 -1.0557e-17 6.16289 0.118334 -0.223949 3.99812 -0.567715 -1.13649e-17 6.69386 -0.456341 0.0335145 3.88626 -0.578637 -2.02997e-17 7.82529 -1.54945 0.244703 3.19384 -0.632647 -2.60628e-17 9.77186 -0.940923 0.399781 3.04055 -0.914303 -2.98794e-17 10.8563 1.62248 -0.0850841 0.65291 0.0465171 -1.32927e-17 4.92478 0.736013 0.793648 -4.41862 1.52678 -1.86396e-17 4.96043 0.433981 0.969223 -0.129952 0.641841 -2.06766e-17 4.97002 0.787173 0.158619 4.09089 5.55564 1.26863 -7.82717 7.75148 -5.9367 5.40512 -3.87139 13.3291 3.34342 -3.36319 -72.1935 23.7631 -6.07848 30.0522 0.0615366 0.141 1.77418 -0.123938 -8.58061 24.9344 0.0510561 0.116988 -175.622 -48.6131 -175.469 -1.26863 -7.82715 7.75138 6.69409 6.11167 3.88773 -13.3291 3.34342 -3.36319 67.9786 16.7886 7.45593 -30.0522 0.0615366 0.141 -1.84259 -0.13393 8.91294 -24.9344 0.0510559 0.116988 149.984 -72.3092 150.703 9.50369 -4.32711 2.09145 -0.69782 -17.8354 -15.5397 -0.876987 -39.8926 -0.674123 -19.3895 52.0736 8.54521 -2.39345 -41.5694 -6.22357 2.00057 -19.5457 16.0377 0.801613 -10.1701 12.8571 2.40818e-15 -6.95828e-16 -8.68868e-17 -9.50369 -4.32711 2.09145 11.7679 -11.0543 29.0263 0.876987 -39.8926 -0.674123 16.769 48.0256 -6.60887 2.39345 -41.5694 -6.22357 -11.858 -18.7973 -17.2136 -0.801613 -10.1701 12.8571 -9.91838e-16 -5.46756e-16 -1.27223e-14 
41.0203 85.8711 -128.38 0.196588 -6.17021 -3.55912 0 5.22546 -1.18466 -1.25013 1.81069 -0.343001 0 5.77894 1.10239 -0.771205 2.43269 -0.667212 -1.0557e-17 6.16289 0.118334 -0.474454 3.32043 -0.599444 -1.13649e-17 6.69386 -0.456341 -0.145896 4.52418 -0.617627 -2.02997e-17 7.82529 -1.54945 0.118582 4.71022 -0.629068 -2.60628e-17 9.77186 -0.940923 0.34024 4.99119 -0.890594 -2.98794e-17 10.8563 1.62248 -0.0699781 0.485616 -0.00730248 -1.32927e-17 4.92478 0.736013 0.798667 -4.33588 1.4167 -1.86396e-17 4.96043 0.433981 0.924666 -0.495033 0.601019 -2.06766e-17 4.97002 0.787173 0.73785 3.72047 5.50246 1.26863 -7.82717 7.75148 -6.62685 4.15971 -2.98389 13.3291 3.34342 -3.36319 -70.905 21.6493 -6.3356 30.0522 0.0615366 0.141 1.6267 -0.103408 -7.8631 24.9344 0.0510561 0.116988 -176.222 -52.2329 -175.626 -1.26863 -7.82715 7.75138 6.12667 4.16819 2.54482 -13.3291 3.34342 -3.36319 67.5172 12.3443 7.19171 -30.0522 0.0615366 0.141 -2.11303 -0.178109 10.2332 -24.9344 0.0510559 0.116988 150.509 -77.1336 150.156 9.50369 -4.32711 2.09145 -1.37822 -16.9214 -15.8277 -0.876987 -39.8926 -0.674123 -18.5886 50.9127 7.93975 -2.39345 -41.5694 -6.22357 0.809954 -18.0647 15.8669 0.801613 -10.1701 12.8571 -3.69072e-16 -8.07416e-16 2.47015e-17 -9.50369 -4.32711 2.09145 11.0495 -9.38326 29.8816 0.876987 -39.8926 -0.674123 15.4454 45.6855 -5.68518 2.39345 -41.5694 -6.22357 -11.7421 -19.6365 -17.1666 -0.801613 -10.1701 12.8571 1.78541e-15 -6.70735e-16 -1.28463e-14 
40.1624 87.1027 -128.337 0.611602 -4.95928 -3.75626 0 5.22546 -1.18466 -1.36206 -0.701748 -0.348008 0 5.77894 1.10239 -0.905464 0.7472 -0.662419 -1.0557e-17 6.16289 0.118334 -0.580368 2.59404 -0.596674 -1.13649e-17 6.69386 -0.456341 -0.204634 5.33189 -0.617731 -2.02997e-17 7.82529 -1.54945 0.0868271 6.51981 -0.609088 -2.60628e-17 9.77186 -0.940923 0.342642 7.23599 -0.855871 -2.98794e-17 10.8563 1.62248 -0.0473218 0.257654 -0.064071 -1.32927e-17 4.92478 0.736013 0.865029 -2.00912 1.51475 -1.86396e-17 4.96043 0.433981 1.45288 -1.31998 0.673077 -2.06766e-17 4.97002 0.787173 -0.0890676 1.98006 5.36165 1.26863 -7.82717 7.75148 -5.9157 2.08209 -1.45725 13.3291 3.34342 -3.36319 -70.1145 19.2385 -7.22643 30.0522 0.0615366 0.141 1.64026 -0.105215 -7.92904 24.9344 0.0510561 0.116988 -175.973 -55.8587 -175.255 -1.26863 -7.82715 7.75138 4.52179 1.60636 0.835364 -13.3291 3.34342 -3.36319 67.2746 8.14383 7.36876 -30.0522 0.0615366 0.141 -2.4287 -0.237822 11.7808 -24.9344 0.0510559 0.116988 149.756 -80.3151 148.978 9.50369 -4.32711 2.09145 -1.91252 -17.6265 -16.1517 -0.876987 -39.8926 -0.674123 -17.3696 49.0187 7.0408 -2.39345 -41.5694 -6.22357 0.568416 -14.8577 15.8123 0.801613 -10.1701 12.8571 4.21375e-16 -7.82747e-16 3.25834e-20 -9.50369 -4.32711 2.09145 10.361 -8.91358 30.5859 0.876987 -39.8926 -0.674123 13.5308 41.8993 -4.42737 2.39345 -41.5694 -6.22357 -11.7995 -18.9429 -16.9599 -0.801613 -10.1701 12.8571 -9.90274e-16 -5.46821e-16 -1.27224e-14 
39.2889 88.9994 -128.876 0.486018 -3.2846 -4.11108 0 5.22546 -1.18466 -1.22735 -2.57649 -0.385275 0 5.77894 1.10239 -0.812311 -0.64389 -0.65912 -1.0557e-17 6.16289 0.118334 -0.508938 1.84377 -0.591139 -1.13649e-17 6.69386 -0.456341 -0.143961 5.60661 -0.613795 -2.02997e-17 7.82529 -1.54945 0.120736 7.46034 -0.611073 -2.60628e-17 9.77186 -0.940923 0.332793 8.4183 -0.847484 -2.98794e-17 10.8563 1.62248 -0.0353522 0.107737 -0.0983858 -1.32927e-17 4.92478 0.736013 0.908239 0.182745 1.79928 -1.86396e-17 4.96043 0.433981 1.66675 -1.56106 0.813289 -2.06766e-17 4.97002 0.787173 -0.827285 1.08247 5.12587 1.26863 -7.82717 7.75148 -4.98682 0.634451 -0.263486 13.3291 3.34342 -3.36319 -69.8817 16.817 -7.06786 30.0522 0.0615366 0.141 1.78415 -0.125389 -8.62917 24.9344 0.0510561 0.116988 -175.493 -58.9452 -175.451 -1.26863 -7.82715 7.75138 2.55964 -0.142104 -0.517886 -13.3291 3.34342 -3.36319 66.1114 5.12108 6.42187 -30.0522 0.0615366 0.141 -2.91536 -0.347374 14.1832 -24.9344 0.0510559 0.116988 152.711 -82.2586 151.367 9.50369 -4.32711 2.09145 -1.87501 -17.0255 -16.1647 -0.876987 -39.8926 -0.674123 -14.6508 44.1746 5.15118 -2.39345 -41.5694 -6.22357 1.26422 -12.4789 15.8239 0.801613 -10.1701 12.8571 -3.71679e-16 -8.0753e-16 2.48155e-17 -9.50369 -4.32711 2.09145 9.89165 -8.43637 31.8065 0.876987 -39.8926 -0.674123 11.2727 36.754 -3.08648 2.39345 -41.5694 -6.22357 -9.99058 -16.4267 -16.3732 -0.801613 -10.1701 12.8571 -9.93923e-16 -5.46658e-16 -1.27222e-14 
38.6451 91.426 -129.849 0.0322617 -2.46989 -4.42635 0 5.22546 -1.18466 -0.960848 -4.07291 -0.40574 0 5.77894 1.10239 -0.617571 -1.80603 -0.623134 -1.0557e-17 6.16289 0.118334 -0.372865 1.21692 -0.55611 -1.13649e-17 6.69386 -0.456341 -0.0577946 5.83697 -0.578241 -2.02997e-17 7.82529 -1.54945 0.14707 8.22859 -0.586734 -2.60628e-17 9.77186 -0.940923 0.281597 9.37848 -0.798603 -2.98794e-17 10.8563 1.62248 -0.0301659 -0.00829652 -0.116013 -1.32927e-17 4.92478 0.736013 0.806283 2.71841 1.9034 -1.86396e-17 4.96043 0.433981 1.51731 -1.68518 0.857058 -2.06766e-17 4.97002 0.787173 -1.16364 0.550362 5.01269 1.26863 -7.82717 7.75148 -3.79026 -0.638525 0.733004 13.3291 3.34342 -3.36319 -69.1637 14.1805 -7.16472 30.0522 0.0615366 0.141 1.92787 -0.147336 -9.32975 24.9344 0.0510561 0.116988 -176.425 -62.4736 -176.92 -1.26863 -7.82715 7.75138 0.67492 -1.62174 -1.6066 -13.3291 3.34342 -3.36319 63.9159 2.15288 5.2856 -30.0522 0.0615366 0.141 -3.36528 -0.468001 16.4255 -24.9344 0.0510559 0.116988 154.597 -84.0973 152.366 9.50369 -4.32711 2.09145 -1.56576 -14.217 -16.2823 -0.876987 -39.8926 -0.674123 -11.3767 37.0082 3.14438 -2.39345 -41.5694 -6.22357 1.18831 -9.35276 15.7068 0.801613 -10.1701 12.8571 2.43267e-17 -7.95155e-16 1.24403e-17 -9.50369 -4.32711 2.09145 9.145 -7.15217 31.6875 0.876987 -39.8926 -0.674123 9.03205 30.8514 -1.9426 2.39345 -41.5694 -6.22357 -7.82964 -10.9733 -15.4183 -0.801613 -10.1701 12.8571 -5.96875e-16 -5.59066e-16 -1.2747e-14 
38.2844 94.0795 -131.479 -0.463333 -2.1996 -4.53857 0 5.22546 -1.18466 -0.663864 -5.00304 -0.433323 0 5.77894 1.10239 -0.389602 -2.57078 -0.584205 -1.0557e-17 6.16289 0.118334 -0.20764 0.800039 -0.517427 -1.13649e-17 6.69386 -0.456341 0.0494157 5.98247 -0.535682 -2.02997e-17 7.82529 -1.54945 0.190187 8.71365 -0.563387 -2.60628e-17 9.77186 -0.940923 0.247032 9.9759 -0.761174 -2.98794e-17 10.8563 1.62248 -0.0227204 -0.0875822 -0.115703 -1.32927e-17 4.92478 0.736013 0.686298 5.54499 1.89381 -1.86396e-17 4.96043 0.433981 1.45928 -1.78162 0.846934 -2.06766e-17 4.97002 0.787173 -1.68103 -0.0845859 4.79982 1.26863 -7.82717 7.75148 -2.28614 -1.66894 1.62659 13.3291 3.34342 -3.36319 -68.3158 11.8893 -7.41405 30.0522 0.0615366 0.141 2.10185 -0.176315 -10.1795 24.9344 0.0510561 0.116988 -177.953 -66.2429 -179.028 -1.26863 -7.82715 7.75138 -1.06722 -2.83033 -2.40943 -13.3291 3.34342 -3.36319 61.1299 -1.04582 3.93254 -30.0522 0.0615366 0.141 -3.81262 -0.606964 18.6795 -24.9344 0.0510559 0.116988 147.677 -86.1757 144.732 9.50369 -4.32711 2.09145 -1.11451 -10.7876 -16.0197 -0.876987 -39.8926 -0.674123 -8.41805 29.0904 1.66685 -2.39345 -41.5694 -6.22357 0.168481 -4.02566 15.455 0.801613 -10.1701 12.8571 2.48481e-17 -7.95139e-16 1.2424e-17 -9.50369 -4.32711 2.09145 8.03198 -5.53281 29.465 0.876987 -39.8926 -0.674123 6.89666 24.464 -1.06217 2.39345 -41.5694 -6.22357 -5.08153 -3.56343 -14.3972 -0.801613 -10.1701 12.8571 -1.99311e-16 -5.83897e-16 -1.27595e-14 
38.3337 96.7826 -133.732 -0.837553 -1.42041 -4.46517 0 5.22546 -1.18466 -0.316233 -5.66076 -0.46999 0 5.77894 1.10239 -0.107311 -3.16117 -0.54277 -1.0557e-17 6.16289 0.118334 0.00594806 0.42269 -0.472385 -1.13649e-17 6.69386 -0.456341 0.195359 5.97223 -0.483736 -2.02997e-17 7.82529 -1.54945 0.264285 8.90752 -0.537467 -2.60628e-17 9.77186 -0.940923 0.237574 10.2123 -0.733004 -2.98794e-17 10.8563 1.62248 -0.00799727 -0.147826 -0.099621 -1.32927e-17 4.92478 0.736013 0.567072 8.22593 1.74526 -1.86396e-17 4.96043 0.433981 1.53 -1.72277 0.76752 -2.06766e-17 4.97002 0.787173 -2.38855 -0.815184 4.44123 1.26863 -7.82717 7.75148 -0.0496445 -2.53022 2.61345 13.3291 3.34342 -3.36319 -67.8134 10.1836 -7.88111 30.0522 0.0615366 0.141 2.3103 -0.214544 -11.2005 24.9344 0.0510561 0.116988 179.3 -70.5715 177.79 -1.26863 -7.82715 7.75138 -2.90482 -3.82786 -3.13803 -13.3291 3.34342 -3.36319 57.7903 -4.49771 2.54202 -30.0522 0.0615366 0.141 -4.2226 -0.75157 20.7703 -24.9344 0.0510559 0.116988 101.43 -88.0288 97.8647 9.50369 -4.32711 2.09145 -0.205015 -9.23636 -14.9875 -0.876987 -39.8926 -0.674123 -6.416 22.9271 0.895945 -2.39345 -41.5694 -6.22357 -1.31893 0.886722 15.3072 0.801613 -10.1701 12.8571 -7.69238e-16 -8.32361e-16 4.96468e-17 -9.50369 -4.32711 2.09145 6.94315 -4.63186 26.4625 0.876987 -39.8926 -0.674123 4.92609 17.9522 -0.462294 2.39345 -41.5694 -6.22357 -1.68215 5.46637 -13.564 -0.801613 -10.1701 12.8571 1.38939e-15 -6.45968e-16 -1.28339e-14 
39.2319 99.4634 -135.711 -1.25569 0.239895 -4.11324 0 5.22546 -1.18466 0.0507288 -6.07603 -0.544891 0 5.77894 1.10239 0.211782 -3.60318 -0.533103 -1.0557e-17 6.16289 0.118334 0.260675 0.0325321 -0.454161 -1.13649e-17 6.69386 -0.456341 0.386399 5.72258 -0.456746 -2.02997e-17 7.82529 -1.54945 0.379609 8.70732 -0.542087 -2.60628e-17 9.77186 -0.940923 0.261526 9.99101 -0.751941 -2.98794e-17 10.8563 1.62248 0.0106718 -0.182788 -0.0658155 -1.32927e-17 4.92478 0.736013 0.474579 10.0083 1.44413 -1.86396e-17 4.96043 0.433981 1.67846 -1.40303 0.614723 -2.06766e-17 4.97002 0.787173 -3.04365 -1.03979 4.31235 1.26863 -7.82717 7.75148 2.63018 -3.06651 3.53249 13.3291 3.34342 -3.36319 -67.3368 8.71385 -8.42927 30.0522 0.0615366 0.141 2.53095 -0.259214 -12.2848 24.9344 0.0510561 0.116988 175.345 -74.8325 173.445 -1.26863 -7.82715 7.75138 -4.52122 -4.47985 -3.69609 -13.3291 3.34342 -3.36319 53.9427 -8.34216 1.13954 -30.0522 0.0615366 0.141 -4.58088 -0.891966 22.6201 -24.9344 0.0510559 0.116988 35.7778 -86.3164 31.7968 9.50369 -4.32711 2.09145 2.09882 -10.9162 -12.2745 -0.876987 -39.8926 -0.674123 -5.86709 21.1301 0.72153 -2.39345 -41.5694 -6.22357 -0.346548 -1.93713 15.3754 0.801613 -10.1701 12.8571 -7.70291e-16 -8.32411e-16 4.96962e-17 -9.50369 -4.32711 2.09145 6.14583 -5.85303 23.4947 0.876987 -39.8926 -0.674123 3.72467 13.7371 -0.207762 2.39345 -41.5694 -6.22357 0.681937 11.1902 -13.4053 -0.801613 -10.1701 12.8571 3.77375e-15 -7.57719e-16 -1.29333e-14 
39.9997 102.122 -136.565 -1.79614 3.25576 -3.50864 0 5.22546 -1.18466 0.418176 -6.79816 -0.613124 0 5.77894 1.10239 0.547418 -4.32221 -0.521283 -1.0557e-17 6.16289 0.118334 0.534816 -0.551509 -0.433241 -1.13649e-17 6.69386 -0.456341 0.602061 5.41388 -0.427224 -2.02997e-17 7.82529 -1.54945 0.521543 8.53694 -0.542024 -2.60628e-17 9.77186 -0.940923 0.3135 9.85082 -0.772705 -2.98794e-17 10.8563 1.62248 0.0322958 -0.229003 -0.0262354 -1.32927e-17 4.92478 0.736013 0.382972 10.9562 1.31458 -1.86396e-17 4.96043 0.433981 1.86195 -1.01661 0.544887 -2.06766e-17 4.97002 0.787173 -3.46283 -1.05083 3.92635 1.26863 -7.82717 7.75148 5.56273 -3.52371 4.4879 13.3291 3.34342 -3.36319 -66.6344 7.11319 -9.22793 30.0522 0.0615366 0.141 2.76076 -0.310391 -13.4187 24.9344 0.0510561 0.116988 172.113 -77.9911 169.907 -1.26863 -7.82715 7.75138 -5.90834 -5.03769 -4.26678 -13.3291 3.34342 -3.36319 49.8362 -12.5156 0.349944 -30.0522 0.0615366 0.141 -4.90468 -1.03053 24.3123 -24.9344 0.0510559 0.116988 19.7649 -83.612 15.6662 9.50369 -4.32711 2.09145 5.30056 -14.5848 -8.85148 -0.876987 -39.8926 -0.674123 -5.52777 19.9979 0.622166 -2.39345 -41.5694 -6.22357 0.711152 -5.88589 15.5809 0.801613 -10.1701 12.8571 2.37959e-17 -7.95188e-16 1.24734e-17 -9.50369 -4.32711 2.09145 5.41864 -9.97121 21.6811 0.876987 -39.8926 -0.674123 3.64556 13.4542 -0.194111 2.39345 -41.5694 -6.22357 -1.46815 5.39221 -13.8406 -0.801613 -10.1701 12.8571 -3.36987e-15 -4.47676e-16 -1.26232e-14 
40.3567 104.568 -136.953 -2.28354 6.62042 -2.76304 0 5.22546 -1.18466 0.675253 -7.79417 -0.644108 0 5.77894 1.10239 0.774481 -5.30329 -0.493058 -1.0557e-17 6.16289 0.118334 0.712121 -1.27452 -0.400425 -1.13649e-17 6.69386 -0.456341 0.731922 5.15512 -0.382362 -2.02997e-17 7.82529 -1.54945 0.588154 8.55214 -0.508704 -2.60628e-17 9.77186 -0.940923 0.310949 10.0118 -0.734447 -2.98794e-17 10.8563 1.62248 0.0475745 -0.272854 0.0125216 -1.32927e-17 4.92478 0.736013 0.211762 11.637 1.29524 -1.86396e-17 4.96043 0.433981 1.68358 -0.782008 0.524403 -2.06766e-17 4.97002 0.787173 -3.01416 -0.787391 3.38612 1.26863 -7.82717 7.75148 7.74044 -4.09537 5.35667 13.3291 3.34342 -3.36319 -64.4815 4.60242 -10.2164 30.0522 0.0615366 0.141 3.0384 -0.378635 -14.7953 24.9344 0.0510561 0.116988 169.15 -80.4785 166.883 -1.26863 -7.82715 7.75138 -6.89927 -5.61061 -4.72771 -13.3291 3.34342 -3.36319 45.5455 -17.2825 -0.063068 -30.0522 0.0615366 0.141 -5.18734 -1.1609 25.8072 -24.9344 0.0510559 0.116988 12.4045 -81.0913 8.07777 9.50369 -4.32711 2.09145 8.08656 -18.6229 -7.30428 -0.876987 -39.8926 -0.674123 -5.12691 18.6402 0.513302 -2.39345 -41.5694 -6.22357 -0.577537 -6.62059 15.7881 0.801613 -10.1701 12.8571 2.48481e-17 -7.95139e-16 1.2424e-17 -9.50369 -4.32711 2.09145 4.01619 -14.1022 19.2331 0.876987 -39.8926 -0.674123 3.48354 12.8728 -0.167369 2.39345 -41.5694 -6.22357 -1.89573 0.0127973 -14.6784 -0.801613 -10.1701 12.8571 -9.9708e-16 -5.46526e-16 -1.27221e-14 
40.6152 106.667 -137.317 -2.5925 8.89175 -2.13587 0 5.22546 -1.18466 0.884872 -8.71838 -0.598503 0 5.77894 1.10239 0.937598 -6.20938 -0.406123 -1.0557e-17 6.16289 0.118334 0.819883 -1.86637 -0.318159 -1.13649e-17 6.69386 -0.456341 0.774304 5.04326 -0.286608 -2.02997e-17 7.82529 -1.54945 0.57639 8.75174 -0.413001 -2.60628e-17 9.77186 -0.940923 0.247331 10.4334 -0.603892 -2.98794e-17 10.8563 1.62248 0.0561225 -0.298255 0.0457697 -1.32927e-17 4.92478 0.736013 0.0410483 12.1717 1.22856 -1.86396e-17 4.96043 0.433981 1.24368 -1.47622 0.481517 -2.06766e-17 4.97002 0.787173 -2.27043 -0.969036 2.28367 1.26863 -7.82717 7.75148 8.80486 -4.83965 6.11291 13.3291 3.34342 -3.36319 -60.358 1.8058 -11.6044 30.0522 0.0615366 0.141 3.34742 -0.462994 -16.3373 24.9344 0.0510561 0.116988 166.469 -82.6026 164.896 -1.26863 -7.82715 7.75138 -7.81942 -6.2228 -5.28589 -13.3291 3.34342 -3.36319 41.2005 -21.9381 -0.302724 -30.0522 0.0615366 0.141 -5.43559 -1.2829 27.135 -24.9344 0.0510559 0.116988 7.2489 -78.8404 2.75551 9.50369 -4.32711 2.09145 10.0889 -21.0958 -7.53626 -0.876987 -39.8926 -0.674123 -4.62077 16.8967 0.389327 -2.39345 -41.5694 -6.22357 -2.8027 -5.55564 15.9661 0.801613 -10.1701 12.8571 4.21891e-16 -7.82731e-16 1.64398e-20 -9.50369 -4.32711 2.09145 2.25015 -16.439 15.863 0.876987 -39.8926 -0.674123 3.15252 11.6777 -0.117862 2.39345 -41.5694 -6.22357 -1.21276 -1.12737 -14.9851 -0.801613 -10.1701 12.8571 1.97206e-16 -5.96288e-16 -1.27718e-14 
40.8385 108.271 -137.672 -2.8271 9.87081 -1.91102 0 5.22546 -1.18466 1.06587 -9.09168 -0.50825 0 5.77894 1.10239 1.0666 -6.5923 -0.29162 -1.0557e-17 6.16289 0.118334 0.896919 -2.05227 -0.216004 -1.13649e-17 6.69386 -0.456341 0.786209 5.08486 -0.174779 -2.02997e-17 7.82529 -1.54945 0.552423 8.97028 -0.302167 -2.60628e-17 9.77186 -0.940923 0.188551 10.8204 -0.452891 -2.98794e-17 10.8563 1.62248 0.0612149 -0.311567 0.0665111 -1.32927e-17 4.92478 0.736013 -0.0232387 12.6531 0.957602 -1.86396e-17 4.96043 0.433981 0.948027 -3.30222 0.34817 -2.06766e-17 4.97002 0.787173 -1.99521 -2.68317 1.43916 1.26863 -7.82717 7.75148 9.73757 -5.62107 6.9007 13.3291 3.34342 -3.36319 -55.4599 -0.711696 -13.5993 30.0522 0.0615366 0.141 3.70081 -0.570554 -18.1149 24.9344 0.0510561 0.116988 161.929 -84.1043 161.434 -1.26863 -7.82715 7.75138 -9.20255 -6.83388 -6.10672 -13.3291 3.34342 -3.36319 37.4486 -26.1165 -0.0925416 -30.0522 0.0615366 0.141 -5.61733 -1.3768 28.1167 -24.9344 0.0510559 0.116988 5.26739 -76.88 0.803808 9.50369 -4.32711 2.09145 12.2049 -22.1593 -6.79378 -0.876987 -39.8926 -0.674123 -4.30015 15.7763 0.318729 -2.39345 -41.5694 -6.22357 -5.13794 -4.5182 16.1091 0.801613 -10.1701 12.8571 -3.71669e-16 -8.0753e-16 2.48152e-17 -9.50369 -4.32711 2.09145 0.874741 -17.4214 13.9679 0.876987 -39.8926 -0.674123 2.89458 10.7402 -0.0840929 2.39345 -41.5694 -6.22357 -0.328062 -0.0954973 -15.1157 -0.801613 -10.1701 12.8571 -5.95302e-16 -5.59131e-16 -1.27471e-14 
40.9621 109.27 -137.861 -3.08126 10.2894 -1.81495 0 5.22546 -1.18466 1.04247 -9.03776 -0.403243 0 5.77894 1.10239 1.02541 -6.56891 -0.200991 -1.0557e-17 6.16289 0.118334 0.853507 -1.9627 -0.135652 -1.13649e-17 6.69386 -0.456341 0.733023 5.20263 -0.0894221 -2.02997e-17 7.82529 -1.54945 0.514253 9.12732 -0.212791 -2.60628e-17 9.77186 -0.940923 0.168192 11.0596 -0.33618 -2.98794e-17 10.8563 1.62248 0.0661367 -0.334514 0.0720937 -1.32927e-17 4.92478 0.736013 -0.0299081 14.0446 0.719635 -1.86396e-17 4.96043 0.433981 1.0033 -4.14822 0.235368 -2.06766e-17 4.97002 0.787173 -1.57116 -4.66768 1.3913 1.26863 -7.82717 7.75148 11.4763 -6.39672 7.81757 13.3291 3.34342 -3.36319 -51.5843 -4.01049 -15.4779 30.0522 0.0615366 0.141 4.16327 -0.729731 -20.4674 24.9344 0.0510561 0.116988 142.633 -86.3807 142.888 -1.26863 -7.82715 7.75138 -11.3205 -7.45788 -7.09935 -13.3291 3.34342 -3.36319 34.8975 -29.5859 0.698342 -30.0522 0.0615366 0.141 -5.68803 -1.4144 28.5009 -24.9344 0.0510559 0.116988 4.98956 -75.2724 0.744001 9.50369 -4.32711 2.09145 14.5491 -22.4551 -4.9376 -0.876987 -39.8926 -0.674123 -4.12974 15.1761 0.283748 -2.39345 -41.5694 -6.22357 -7.30561 -4.12523 16.2149 0.801613 -10.1701 12.8571 8.18409e-16 -7.57932e-16 -2.47823e-17 -9.50369 -4.32711 2.09145 0.0260849 -17.7464 13.881 0.876987 -39.8926 -0.674123 2.72126 10.1074 -0.0637834 2.39345 -41.5694 -6.22357 0.958053 1.09957 -15.33 -0.801613 -10.1701 12.8571 -9.93397e-16 -5.46674e-16 -1.27223e-14 
41.0824 109.721 -137.847 -3.35588 10.3976 -1.62347 0 5.22546 -1.18466 0.899568 -8.45294 -0.322741 0 5.77894 1.10239 0.893145 -6.09164 -0.158434 -1.0557e-17 6.16289 0.118334 0.744744 -1.68812 -0.0991089 -1.13649e-17 6.69386 -0.456341 0.64279 5.12402 -0.0526364 -2.02997e-17 7.82529 -1.54945 0.451774 8.8135 -0.168141 -2.60628e-17 9.77186 -0.940923 0.136133 10.682 -0.26118 -2.98794e-17 10.8563 1.62248 0.0630601 -0.323346 0.0785515 -1.32927e-17 4.92478 0.736013 -0.0652112 15.1429 0.746439 -1.86396e-17 4.96043 0.433981 1.00372 -4.06464 0.242648 -2.06766e-17 4.97002 0.787173 -0.726548 -4.97421 1.6362 1.26863 -7.82717 7.75148 13.6128 -6.81377 8.64881 13.3291 3.34342 -3.36319 -48.5103 -7.85707 -16.2121 30.0522 0.0615366 0.141 4.75878 -0.966827 -23.5487 24.9344 0.0510561 0.116988 70.7359 -87.4964 71.4111 -1.26863 -7.82715 7.75138 -13.9305 -7.66285 -8.00719 -13.3291 3.34342 -3.36319 32.5651 -31.7299 0.978311 -30.0522 0.0615366 0.141 -5.74941 -1.44755 28.8355 -24.9344 0.0510559 0.116988 5.90188 -74.4914 1.97225 9.50369 -4.32711 2.09145 16.6904 -22.269 -3.36747 -0.876987 -39.8926 -0.674123 -4.02493 14.8054 0.263117 -2.39345 -41.5694 -6.22357 -9.1152 -3.89735 16.3024 0.801613 -10.1701 12.8571 1.21703e-15 -7.45459e-16 -3.72557e-17 -9.50369 -4.32711 2.09145 -0.659955 -17.5593 14.2234 0.876987 -39.8926 -0.674123 2.61981 9.73599 -0.0527873 2.39345 -41.5694 -6.22357 2.4867 1.92841 -15.5873 -0.801613 -10.1701 12.8571 -5.9688e-16 -5.59065e-16 -1.2747e-14 
41.3231 109.723 -137.604 -3.53875 9.39831 -1.3622 0 5.22546 -1.18466 0.788173 -7.35315 -0.274309 0 5.77894 1.10239 0.801497 -5.16771 -0.145136 -1.0557e-17 6.16289 0.118334 0.672628 -1.18603 -0.089391 -1.13649e-17 6.69386 -0.456341 0.584407 4.93027 -0.0457491 -2.02997e-17 7.82529 -1.54945 0.409937 8.1467 -0.159489 -2.60628e-17 9.77186 -0.940923 0.114486 9.8138 -0.224636 -2.98794e-17 10.8563 1.62248 0.0529136 -0.270251 0.085408 -1.32927e-17 4.92478 0.736013 -0.0497446 15.8188 0.759196 -1.86396e-17 4.96043 0.433981 0.966766 -3.66435 0.242373 -2.06766e-17 4.97002 0.787173 -0.0749255 -4.45033 1.75757 1.26863 -7.82717 7.75148 15.7395 -6.86912 9.28875 13.3291 3.34342 -3.36319 -46.2873 -12.0184 -16.3344 30.0522 0.0615366 0.141 5.37196 -1.25109 -26.795 24.9344 0.0510561 0.116988 22.711 -84.0949 23.5733 -1.26863 -7.82715 7.75138 -17.0182 -7.4207 -8.95794 -13.3291 3.34342 -3.36319 29.9955 -32.5156 0.529037 -30.0522 0.0615366 0.141 -5.9598 -1.5647 29.9905 -24.9344 0.0510559 0.116988 5.82226 -74.1363 2.25353 9.50369 -4.32711 2.09145 18.2702 -20.7183 -2.88364 -0.876987 -39.8926 -0.674123 -3.87919 14.288 0.235552 -2.39345 -41.5694 -6.22357 -10.6404 -3.76283 16.3348 0.801613 -10.1701 12.8571 2.64263e-17 -7.95073e-16 1.23583e-17 -9.50369 -4.32711 2.09145 -1.38612 -16.044 15.0424 0.876987 -39.8926 -0.674123 2.57584 9.57481 -0.0482267 2.39345 -41.5694 -6.22357 3.79583 2.38834 -15.8219 -0.801613 -10.1701 12.8571 5.94776e-16 -6.2112e-16 -1.27967e-14 
41.6584 109.195 -137.255 -3.50969 7.7276 -1.11463 0 5.22546 -1.18466 0.663728 -5.89584 -0.25888 0 5.77894 1.10239 0.707608 -3.96138 -0.16742 -1.0557e-17 6.16289 0.118334 0.606685 -0.537395 -0.110426 -1.13649e-17 6.69386 -0.456341 0.539562 4.67853 -0.0701745 -2.02997e-17 7.82529 -1.54945 0.380893 7.28881 -0.182807 -2.60628e-17 9.77186 -0.940923 0.103791 8.66 -0.225127 -2.98794e-17 10.8563 1.62248 0.0424446 -0.182655 0.0903546 -1.32927e-17 4.92478 0.736013 0.00250489 16.1855 0.740587 -1.86396e-17 4.96043 0.433981 0.946005 -3.3303 0.229356 -2.06766e-17 4.97002 0.787173 0.249006 -4.05812 1.77147 1.26863 -7.82717 7.75148 18.1268 -6.67471 9.99567 13.3291 3.34342 -3.36319 -45.1078 -16.3441 -16.3606 30.0522 0.0615366 0.141 6.01757 -1.59797 -30.3118 24.9344 0.0510561 0.116988 10.3678 -79.2785 11.2807 -1.26863 -7.82715 7.75138 -20.4381 -6.84415 -10.0286 -13.3291 3.34342 -3.36319 27.6624 -32.9548 -0.213693 -30.0522 0.0615366 0.141 -6.40714 -1.8328 32.4907 -24.9344 0.0510559 0.116988 4.30327 -73.5813 0.968607 9.50369 -4.32711 2.09145 19.3597 -18.5016 -3.47248 -0.876987 -39.8926 -0.674123 -3.78581 13.9554 0.218581 -2.39345 -41.5694 -6.22357 -12.062 -4.19551 16.2084 0.801613 -10.1701 12.8571 2.48481e-17 -7.95139e-16 1.2424e-17 -9.50369 -4.32711 2.09145 -2.1638 -13.8242 16.7425 0.876987 -39.8926 -0.674123 2.65949 9.88133 -0.0570094 2.39345 -41.5694 -6.22357 4.81822 1.97864 -16.0319 -0.801613 -10.1701 12.8571 -1.78591e-15 -5.09534e-16 -1.26975e-14 
41.971 108.176 -136.919 -3.41578 6.21332 -0.949493 0 5.22546 -1.18466 0.494088 -4.37927 -0.26135 0 5.77894 1.10239 0.581805 -2.75047 -0.212212 -1.0557e-17 6.16289 0.118334 0.525441 0.0914597 -0.145886 -1.13649e-17 6.69386 -0.456341 0.49447 4.38449 -0.106828 -2.02997e-17 7.82529 -1.54945 0.364203 6.38586 -0.215476 -2.60628e-17 9.77186 -0.940923 0.115093 7.44115 -0.246739 -2.98794e-17 10.8563 1.62248 0.0371796 -0.080426 0.100687 -1.32927e-17 4.92478 0.736013 0.0639725 16.2883 0.791652 -1.86396e-17 4.96043 0.433981 1.06316 -2.69681 0.255093 -2.06766e-17 4.97002 0.787173 0.335639 -3.79313 1.90332 1.26863 -7.82717 7.75148 20.7603 -6.30303 10.8552 13.3291 3.34342 -3.36319 -44.4357 -20.6543 -16.0806 30.0522 0.0615366 0.141 6.80904 -2.09726 -34.7971 24.9344 0.0510561 0.116988 5.38685 -74.8643 6.54276 -1.26863 -7.82715 7.75138 -23.6963 -6.02884 -11.1009 -13.3291 3.34342 -3.36319 25.4597 -34.1688 -1.21522 -30.0522 0.0615366 0.141 -7.09993 -2.30335 36.502 -24.9344 0.0510559 0.116988 1.88866 -72.6436 -1.55353 9.50369 -4.32711 2.09145 20.4022 -16.6337 -4.47226 -0.876987 -39.8926 -0.674123 -3.81849 14.0719 0.224459 -2.39345 -41.5694 -6.22357 -13.4595 -4.97543 15.9742 0.801613 -10.1701 12.8571 2.48481e-17 -7.95139e-16 1.2424e-17 -9.50369 -4.32711 2.09145 -2.72172 -11.8737 19.3008 0.876987 -39.8926 -0.674123 2.89117 10.7277 -0.0836742 2.39345 -41.5694 -6.22357 5.73566 1.09091 -16.2222 -0.801613 -10.1701 12.8571 1.96154e-16 -5.96239e-16 -1.27718e-14 
42.2275 106.749 -136.653 -3.30577 4.84561 -0.820893 0 5.22546 -1.18466 0.280355 -2.91394 -0.270943 0 5.77894 1.10239 0.422028 -1.62318 -0.269079 -1.0557e-17 6.16289 0.118334 0.424029 0.653629 -0.184193 -1.13649e-17 6.69386 -0.456341 0.442072 4.05616 -0.144458 -2.02997e-17 7.82529 -1.54945 0.356032 5.48672 -0.244626 -2.60628e-17 9.77186 -0.940923 0.150597 6.22567 -0.273256 -2.98794e-17 10.8563 1.62248 0.0409383 0.0302707 0.118351 -1.32927e-17 4.92478 0.736013 0.151707 16.1135 0.889712 -1.86396e-17 4.96043 0.433981 1.29397 -1.79711 0.310861 -2.06766e-17 4.97002 0.787173 0.350831 -3.12365 2.13661 1.26863 -7.82717 7.75148 23.3003 -5.77313 11.7163 13.3291 3.34342 -3.36319 -43.7685 -24.547 -15.4739 30.0522 0.0615366 0.141 7.71511 -2.78496 -40.2411 24.9344 0.0510561 0.116988 2.65336 -71.5841 4.10494 -1.26863 -7.82715 7.75138 -26.5242 -5.07474 -12.0572 -13.3291 3.34342 -3.36319 23.2068 -36.1927 -2.45462 -30.0522 0.0615366 0.141 -7.9476 -2.98439 41.7033 -24.9344 0.0510559 0.116988 -1.00174 -71.3003 -4.72817 9.50369 -4.32711 2.09145 21.4378 -15.2666 -5.71413 -0.876987 -39.8926 -0.674123 -4.02611 14.8096 0.263345 -2.39345 -41.5694 -6.22357 -14.8545 -5.68016 15.7373 0.801613 -10.1701 12.8571 -3.72195e-16 -8.07546e-16 2.48316e-17 -9.50369 -4.32711 2.09145 -3.01003 -10.148 22.2491 0.876987 -39.8926 -0.674123 3.22229 11.9304 -0.127721 2.39345 -41.5694 -6.22357 6.54125 0.0614153 -16.3891 -0.801613 -10.1701 12.8571 -9.92345e-16 -5.46724e-16 -1.27223e-14 
42.4427 105.013 -136.432 -3.13727 3.62685 -0.686947 0 5.22546 -1.18466 0.0365112 -1.72648 -0.282951 0 5.77894 1.10239 0.237259 -0.736004 -0.336974 -1.0557e-17 6.16289 0.118334 0.30637 1.08731 -0.227199 -1.13649e-17 6.69386 -0.456341 0.381029 3.77631 -0.185926 -2.02997e-17 7.82529 -1.54945 0.34966 4.76833 -0.271621 -2.60628e-17 9.77186 -0.940923 0.199367 5.23515 -0.298275 -2.98794e-17 10.8563 1.62248 0.0534975 0.1223 0.13715 -1.32927e-17 4.92478 0.736013 0.233237 15.8433 1.07815 -1.86396e-17 4.96043 0.433981 1.4915 -0.991441 0.413271 -2.06766e-17 4.97002 0.787173 0.318122 -2.44656 2.15636 1.26863 -7.82717 7.75148 25.6275 -5.2706 12.5488 13.3291 3.34342 -3.36319 -43.364 -28.0979 -15.119 30.0522 0.0615366 0.141 8.60815 -3.61219 -46.0574 24.9344 0.0510561 0.116988 1.62661 -68.6684 3.18462 -1.26863 -7.82715 7.75138 -28.7705 -4.27406 -12.9154 -13.3291 3.34342 -3.36319 20.9483 -39.2405 -3.3998 -30.0522 0.0615366 0.141 -8.82799 -3.8434 47.578 -24.9344 0.0510559 0.116988 -3.95307 -69.001 -8.17372 9.50369 -4.32711 2.09145 22.1876 -14.4211 -7.78314 -0.876987 -39.8926 -0.674123 -4.40121 16.1307 0.340311 -2.39345 -41.5694 -6.22357 -16.0539 -5.87881 15.7158 0.801613 -10.1701 12.8571 8.18394e-16 -7.57933e-16 -2.47817e-17 -9.50369 -4.32711 2.09145 -3.15944 -8.58815 25.0401 0.876987 -39.8926 -0.674123 3.59554 13.2749 -0.185679 2.39345 -41.5694 -6.22357 7.34037 -0.736019 -16.5939 -0.801613 -10.1701 12.8571 -1.99846e-16 -5.8388e-16 -1.27594e-14 
42.6406 102.981 -136.245 -2.83495 2.56221 -0.434668 0 5.22546 -1.18466 -0.243925 -0.985639 -0.283922 0 5.77894 1.10239 0.0211585 -0.193602 -0.407733 -1.0557e-17 6.16289 0.118334 0.167835 1.35518 -0.26938 -1.13649e-17 6.69386 -0.456341 0.306901 3.61006 -0.226137 -2.02997e-17 7.82529 -1.54945 0.341491 4.35715 -0.2901 -2.60628e-17 9.77186 -0.940923 0.257298 4.64565 -0.315569 -2.98794e-17 10.8563 1.62248 0.0701538 0.176279 0.151218 -1.32927e-17 4.92478 0.736013 0.31894 15.6171 1.29437 -1.86396e-17 4.96043 0.433981 1.72819 -0.544708 0.534379 -2.06766e-17 4.97002 0.787173 0.18484 -2.04517 1.86232 1.26863 -7.82717 7.75148 27.6192 -4.97335 13.3604 13.3291 3.34342 -3.36319 -43.367 -31.6914 -15.8601 30.0522 0.0615366 0.141 9.39023 -4.49637 -51.689 24.9344 0.0510561 0.116988 1.64783 -65.1028 3.37782 -1.26863 -7.82715 7.75138 -30.3315 -3.79457 -13.7335 -13.3291 3.34342 -3.36319 18.6505 -43.4655 -3.69135 -30.0522 0.0615366 0.141 -9.56961 -4.72578 53.0752 -24.9344 0.0510559 0.116988 -5.02246 -65.4369 -9.91792 9.50369 -4.32711 2.09145 22.3301 -14.1749 -11.1633 -0.876987 -39.8926 -0.674123 -4.97003 18.1032 0.473253 -2.39345 -41.5694 -6.22357 -16.7968 -5.71905 16.0414 0.801613 -10.1701 12.8571 2.59097e-17 -7.95089e-16 1.23743e-17 -9.50369 -4.32711 2.09145 -3.19954 -7.2096 27.7686 0.876987 -39.8926 -0.674123 4.03424 14.8384 -0.26492 2.39345 -41.5694 -6.22357 7.7976 -1.26292 -16.8311 -0.801613 -10.1701 12.8571 -1.3899e-15 -5.343e-16 -1.27099e-14 
42.8242 100.641 -136.134 -2.3896 1.87132 -0.129194 0 5.22546 -1.18466 -0.558442 -0.570478 -0.276123 0 5.77894 1.10239 -0.229547 0.0753664 -0.47706 -1.0557e-17 6.16289 0.118334 0.00304671 1.45529 -0.308587 -1.13649e-17 6.69386 -0.456341 0.215661 3.45642 -0.263009 -2.02997e-17 7.82529 -1.54945 0.323043 4.07176 -0.298668 -2.60628e-17 9.77186 -0.940923 0.312246 4.255 -0.328295 -2.98794e-17 10.8563 1.62248 0.0895528 0.219373 0.159038 -1.32927e-17 4.92478 0.736013 0.391251 15.5651 1.49395 -1.86396e-17 4.96043 0.433981 1.98277 -0.334755 0.652305 -2.06766e-17 4.97002 0.787173 0.160229 -1.85392 1.57048 1.26863 -7.82717 7.75148 29.2277 -4.83362 14.1188 13.3291 3.34342 -3.36319 -43.7331 -35.1293 -18.1162 30.0522 0.0615366 0.141 9.97832 -5.29572 -56.4182 24.9344 0.0510561 0.116988 1.81322 -60.9075 3.62046 -1.26863 -7.82715 7.75138 -31.2837 -3.53179 -14.5193 -13.3291 3.34342 -3.36319 16.3627 -48.5495 -3.19474 -30.0522 0.0615366 0.141 -10.1123 -5.49859 57.5745 -24.9344 0.0510559 0.116988 -3.96672 -61.2049 -9.39897 9.50369 -4.32711 2.09145 21.9533 -14.5055 -14.9171 -0.876987 -39.8926 -0.674123 -5.70046 20.5761 0.671918 -2.39345 -41.5694 -6.22357 -17.3472 -5.60034 16.6726 0.801613 -10.1701 12.8571 -3.7219e-16 -8.07546e-16 2.48315e-17 -9.50369 -4.32711 2.09145 -3.4671 -5.88213 29.5217 0.876987 -39.8926 -0.674123 4.54786 16.6429 -0.372728 2.39345 -41.5694 -6.22357 8.49747 -2.48061 -17.1238 -0.801613 -10.1701 12.8571 1.38778e-15 -6.45901e-16 -1.28339e-14 
43.0519 98.0017 -135.975 -1.92181 1.3365 -0.0082776 0 5.22546 -1.18466 -0.82344 -0.572714 -0.21409 0 5.77894 1.10239 -0.45339 0.00843249 -0.478517 -1.0557e-17 6.16289 0.118334 -0.152918 1.37067 -0.282637 -1.13649e-17 6.69386 -0.456341 0.114712 3.35996 -0.233574 -2.02997e-17 7.82529 -1.54945 0.28727 3.98834 -0.244012 -2.60628e-17 9.77186 -0.940923 0.351164 4.17414 -0.285778 -2.98794e-17 10.8563 1.62248 0.11377 0.245383 0.164584 -1.32927e-17 4.92478 0.736013 0.455379 15.7779 1.71687 -1.86396e-17 4.96043 0.433981 2.27589 -0.355173 0.782495 -2.06766e-17 4.97002 0.787173 0.13563 -1.82395 1.04346 1.26863 -7.82717 7.75148 30.2957 -4.95558 14.9215 13.3291 3.34342 -3.36319 -44.5946 -38.141 -22.2347 30.0522 0.0615366 0.141 10.4049 -5.97601 -60.2428 24.9344 0.0510561 0.116988 1.91872 -56.4538 3.94647 -1.26863 -7.82715 7.75138 -31.7945 -3.46386 -15.3792 -13.3291 3.34342 -3.36319 14.2097 -53.9926 -1.53381 -30.0522 0.0615366 0.141 -10.4453 -6.04578 60.6253 -24.9344 0.0510559 0.116988 -1.21416 -56.7359 -7.0059 9.50369 -4.32711 2.09145 21.2421 -14.5327 -18.6209 -0.876987 -39.8926 -0.674123 -6.47215 23.1084 0.914721 -2.39345 -41.5694 -6.22357 -17.686 -6.0875 17.3662 0.801613 -10.1701 12.8571 2.00951e-15 -7.08303e-16 -7.44115e-17 -9.50369 -4.32711 2.09145 -4.02249 -4.34888 29.3754 0.876987 -39.8926 -0.674123 5.18883 18.8513 -0.529507 2.39345 -41.5694 -6.22357 8.03796 -4.81199 -17.1422 -0.801613 -10.1701 12.8571 -1.78482e-15 -5.09568e-16 -1.26976e-14 
43.2789 95.0926 -135.858 -1.39087 0.391785 -0.0794277 0 5.22546 -1.18466 -1.05608 -0.837803 -0.114187 0 5.77894 1.10239 -0.641892 -0.221493 -0.444395 -1.0557e-17 6.16289 0.118334 -0.28053 1.26028 -0.224688 -1.13649e-17 6.69386 -0.456341 0.0306995 3.42469 -0.175577 -2.02997e-17 7.82529 -1.54945 0.262864 4.21112 -0.161564 -2.60628e-17 9.77186 -0.940923 0.40207 4.48826 -0.217835 -2.98794e-17 10.8563 1.62248 0.127045 0.229014 0.161107 -1.32927e-17 4.92478 0.736013 0.574918 15.7841 1.77555 -1.86396e-17 4.96043 0.433981 2.66896 -0.930757 0.837021 -2.06766e-17 4.97002 0.787173 -0.400272 -2.17706 0.560322 1.26863 -7.82717 7.75148 30.809 -5.2804 15.7156 13.3291 3.34342 -3.36319 -45.9544 -41.2568 -28.4317 30.0522 0.0615366 0.141 10.725 -6.56302 -63.4272 24.9344 0.0510561 0.116988 2.36015 -52.4179 5.40789 -1.26863 -7.82715 7.75138 -31.7225 -3.58065 -16.2792 -13.3291 3.34342 -3.36319 13.2599 -59.728 2.73348 -30.0522 0.0615366 0.141 -10.6124 -6.34739 62.2674 -24.9344 0.0510559 0.116988 2.05749 -52.1231 -3.66466 9.50369 -4.32711 2.09145 19.9073 -13.8904 -22.9502 -0.876987 -39.8926 -0.674123 -7.49172 26.3174 1.28483 -2.39345 -41.5694 -6.22357 -17.09 -7.56774 17.9767 0.801613 -10.1701 12.8571 -3.69536e-16 -8.0743e-16 2.47154e-17 -9.50369 -4.32711 2.09145 -4.01338 -3.095 30.2844 0.876987 -39.8926 -0.674123 6.16138 22.099 -0.812966 2.39345 -41.5694 -6.22357 6.4858 -7.79252 -17.048 -0.801613 -10.1701 12.8571 -1.78906e-15 -5.09386e-16 -1.26974e-14 
43.4922 91.9737 -135.567 -1.03985 -1.66152 -0.148045 0 5.22546 -1.18466 -1.21583 -0.616796 -0.00617421 0 5.77894 1.10239 -0.784989 -0.104296 -0.369824 -1.0557e-17 6.16289 0.118334 -0.394521 1.3159 -0.128061 -1.13649e-17 6.69386 -0.456341 -0.0671937 3.34542 -0.075887 -2.02997e-17 7.82529 -1.54945 0.211279 4.08409 -0.0407416 -2.60628e-17 9.77186 -0.940923 0.418139 4.34323 -0.113638 -2.98794e-17 10.8563 1.62248 0.129136 0.283974 0.16612 -1.32927e-17 4.92478 0.736013 0.647599 15.7873 1.34961 -1.86396e-17 4.96043 0.433981 2.80078 -1.28641 0.652816 -2.06766e-17 4.97002 0.787173 -0.496343 -2.05143 0.648904 1.26863 -7.82717 7.75148 31.2438 -5.43457 16.2056 13.3291 3.34342 -3.36319 -48.414 -43.131 -35.754 30.0522 0.0615366 0.141 10.9314 -6.98806 -65.6778 24.9344 0.0510561 0.116988 2.00097 -48.7206 5.6364 -1.26863 -7.82715 7.75138 -31.6249 -3.49186 -16.8516 -13.3291 3.34342 -3.36319 14.1889 -64.483 8.24284 -30.0522 0.0615366 0.141 -10.7906 -6.69337 64.1209 -24.9344 0.0510559 0.116988 4.75021 -49.1517 -0.517348 9.50369 -4.32711 2.09145 19.0268 -12.0254 -25.9172 -0.876987 -39.8926 -0.674123 -8.70372 29.9174 1.79298 -2.39345 -41.5694 -6.22357 -16.6074 -9.7713 18.0112 0.801613 -10.1701 12.8571 2.43173e-17 -7.95155e-16 1.24406e-17 -9.50369 -4.32711 2.09145 -3.82512 -1.06275 30.5154 0.876987 -39.8926 -0.674123 7.31733 25.78 -1.21768 2.39345 -41.5694 -6.22357 5.24016 -11.9251 -16.9185 -0.801613 -10.1701 12.8571 -9.94985e-16 -5.46608e-16 -1.27222e-14 
43.4505 88.8224 -134.576 -2.03965 -4.24428 -0.288048 0 5.22546 -1.18466 -0.938802 -0.434992 0.0707273 0 5.77894 1.10239 -0.537278 0.0262476 -0.241726 -1.0557e-17 6.16289 0.118334 -0.199839 1.42674 0.0267797 -1.13649e-17 6.69386 -0.456341 0.0615151 3.35332 0.0950516 -2.02997e-17 7.82529 -1.54945 0.305722 4.07956 0.110974 -2.60628e-17 9.77186 -0.940923 0.496973 4.35287 -0.00718684 -2.98794e-17 10.8563 1.62248 0.1267 0.339955 0.186844 -1.32927e-17 4.92478 0.736013 0.759809 15.7648 0.774766 -1.86396e-17 4.96043 0.433981 2.93578 -1.28164 0.399146 -2.06766e-17 4.97002 0.787173 -0.343767 -1.11589 0.824622 1.26863 -7.82717 7.75148 31.2307 -5.83283 16.6521 13.3291 3.34342 -3.36319 -52.7226 -43.4951 -44.1745 30.0522 0.0615366 0.141 11.1351 -7.45492 -68.1048 24.9344 0.0510561 0.116988 1.65927 -44.5922 5.88624 -1.26863 -7.82715 7.75138 -31.4931 -3.55334 -17.1032 -13.3291 3.34342 -3.36319 17.9428 -67.8331 15.652 -30.0522 0.0615366 0.141 -11.0487 -7.25 67.044 -24.9344 0.0510559 0.116988 5.88427 -47.0373 1.53543 9.50369 -4.32711 2.09145 19.8833 -10.8108 -27.0729 -0.876987 -39.8926 -0.674123 -10.3897 34.5255 2.61133 -2.39345 -41.5694 -6.22357 -15.3021 -14.4167 17.2231 0.801613 -10.1701 12.8571 2.48481e-17 -7.95139e-16 1.2424e-17 -9.50369 -4.32711 2.09145 -2.36083 0.43323 30.5269 0.876987 -39.8926 -0.674123 8.97899 30.7017 -1.91809 2.39345 -41.5694 -6.22357 1.30165 -19.622 -16.7398 -0.801613 -10.1701 12.8571 -1.788e-15 -5.09435e-16 -1.26974e-14 
43.6633 87.1835 -134.501 -3.12789 -9.63311 -0.0744193 0 5.22546 -1.18466 -0.676248 -0.380405 0.111658 0 5.77894 1.10239 -0.29927 0.253563 -0.155192 -1.0557e-17 6.16289 0.118334 -0.0142322 1.97745 0.144014 -1.13649e-17 6.69386 -0.456341 0.188609 4.23135 0.233688 -2.02997e-17 7.82529 -1.54945 0.39481 5.27194 0.235649 -2.60628e-17 9.77186 -0.940923 0.571285 5.81306 0.0680179 -2.98794e-17 10.8563 1.62248 0.127351 0.296097 0.16836 -1.32927e-17 4.92478 0.736013 0.91027 16.4711 -0.0286358 -1.86396e-17 4.96043 0.433981 3.04872 -1.83304 0.0291859 -2.06766e-17 4.97002 0.787173 0.0343593 0.246112 1.54639 1.26863 -7.82717 7.75148 30.5625 -7.27596 17.2121 13.3291 3.34342 -3.36319 -58.9555 -41.7983 -55.4659 30.0522 0.0615366 0.141 11.2553 -7.75849 -69.661 24.9344 0.0510561 0.116988 -0.114909 -38.8052 5.65876 -1.26863 -7.82715 7.75138 -31.086 -4.46983 -17.3778 -13.3291 3.34342 -3.36319 25.6312 -68.3976 25.8995 -30.0522 0.0615366 0.141 -11.3645 -8.05751 71.1781 -24.9344 0.0510559 0.116988 5.30109 -43.6097 1.83712 9.50369 -4.32711 2.09145 20.795 -6.57437 -28.3662 -0.876987 -39.8926 -0.674123 -11.1643 36.487 3.02652 -2.39345 -41.5694 -6.22357 -14.7659 -16.4859 17.0992 0.801613 -10.1701 12.8571 2.48481e-17 -7.95139e-16 1.2424e-17 -9.50369 -4.32711 2.09145 -1.28117 5.1466 29.8834 0.876987 -39.8926 -0.674123 9.76164 32.8635 -2.29225 2.39345 -41.5694 -6.22357 -0.208407 -21.5098 -16.858 -0.801613 -10.1701 12.8571 -1.39202e-15 -5.34201e-16 -1.27098e-14 
43.6173 86.4183 -133.963 -3.33624 -5.87491 -0.588273 0 5.22546 -1.18466 -0.345281 -2.93065 0.122117 0 5.77894 1.10239 -0.0340988 -1.61509 -0.0913501 -1.0557e-17 6.16289 0.118334 0.189711 1.15567 0.214138 -1.13649e-17 6.69386 -0.456341 0.309068 5.07191 0.308692 -2.02997e-17 7.82529 -1.54945 0.435583 7.27562 0.290024 -2.60628e-17 9.77186 -0.940923 0.542954 8.49902 0.110327 -2.98794e-17 10.8563 1.62248 0.138022 -0.0126883 0.122643 -1.32927e-17 4.92478 0.736013 0.857811 17.741 -0.113189 -1.86396e-17 4.96043 0.433981 2.89318 -1.5625 -0.0151539 -2.06766e-17 4.97002 0.787173 -0.353576 -4.90502 1.72625 1.26863 -7.82717 7.75148 29.7818 -8.6359 18.441 13.3291 3.34342 -3.36319 -60.8989 -41.0394 -58.6801 30.0522 0.0615366 0.141 11.6168 -8.8697 -75.2388 24.9344 0.0510561 0.116988 2.28764 -37.8434 7.8697 -1.26863 -7.82715 7.75138 -30.3262 -5.92489 -17.9755 -13.3291 3.34342 -3.36319 35.668 -68.671 37.7082 -30.0522 0.0615366 0.141 -11.5878 -8.76468 74.7178 -24.9344 0.0510559 0.116988 2.74423 -37.6406 0.305527 9.50369 -4.32711 2.09145 21.3912 -10.2048 -26.3353 -0.876987 -39.8926 -0.674123 -11.6905 37.7651 3.3215 -2.39345 -41.5694 -6.22357 -14.7369 -18.6059 16.7268 0.801613 -10.1701 12.8571 2.48481e-17 -7.95139e-16 1.2424e-17 -9.50369 -4.32711 2.09145 -0.672615 0.524427 30.2093 0.876987 -39.8926 -0.674123 10.7324 35.4054 -2.79218 2.39345 -41.5694 -6.22357 -1.52741 -23.8835 -17.5129 -0.801613 -10.1701 12.8571 -9.94454e-16 -5.46641e-16 -1.27222e-14 
43.1608 86.334 -133.211 -2.20845 -3.09345 -2.2243 0 5.22546 -1.18466 -0.774882 -5.14964 0.25985 0 5.77894 1.10239 -0.467971 -3.41959 -0.00633024 -1.0557e-17 6.16289 0.118334 -0.189581 0.151603 0.284324 -1.13649e-17 6.69386 -0.456341 -0.0183131 5.31317 0.366058 -2.02997e-17 7.82529 -1.54945 0.193499 8.32238 0.386157 -2.60628e-17 9.77186 -0.940923 0.396564 10.0628 0.226112 -2.98794e-17 10.8563 1.62248 0.142099 -0.20581 0.0370296 -1.32927e-17 4.92478 0.736013 0.770555 18.3189 0.168627 -1.86396e-17 4.96043 0.433981 3.30474 -1.92329 0.112343 -2.06766e-17 4.97002 0.787173 -0.0855819 -6.66663 2.59124 1.26863 -7.82717 7.75148 28.83 -9.34402 18.2489 13.3291 3.34342 -3.36319 -59.475 -41.9329 -58.5709 30.0522 0.0615366 0.141 11.775 -9.52237 -78.4491 24.9344 0.0510561 0.116988 2.05157 -37.1356 8.81214 -1.26863 -7.82715 7.75138 -29.4788 -6.64002 -18.029 -13.3291 3.34342 -3.36319 39.1031 -66.7234 41.2756 -30.0522 0.0615366 0.141 -11.6663 -9.05735 76.1654 -24.9344 0.0510559 0.116988 1.84448 -35.9993 -1.14599 9.50369 -4.32711 2.09145 21.3458 -11.6459 -22.4995 -0.876987 -39.8926 -0.674123 -11.4253 37.1264 3.17157 -2.39345 -41.5694 -6.22357 -15.2916 -18.3591 16.1321 0.801613 -10.1701 12.8571 8.18925e-16 -7.57916e-16 -2.47983e-17 -9.50369 -4.32711 2.09145 -1.58767 -2.7205 31.7446 0.876987 -39.8926 -0.674123 11.0837 36.2876 -2.98228 2.39345 -41.5694 -6.22357 -1.0752 -25.7349 -17.8564 -0.801613 -10.1701 12.8571 -1.788e-15 -5.09435e-16 -1.26974e-14 
42.7105 86.7766 -132.527 -1.06794 -4.74734 -2.83495 0 5.22546 -1.18466 -1.18868 -5.59231 0.307643 0 5.77894 1.10239 -0.86344 -3.70525 -0.0138148 -1.0557e-17 6.16289 0.118334 -0.530522 0.0147358 0.245971 -1.13649e-17 6.69386 -0.456341 -0.295511 5.32009 0.307131 -2.02997e-17 7.82529 -1.54945 -0.00196674 8.42 0.369557 -2.60628e-17 9.77186 -0.940923 0.280174 10.1798 0.253376 -2.98794e-17 10.8563 1.62248 0.116057 -0.254275 0.029381 -1.32927e-17 4.92478 0.736013 0.636581 17.8423 0.211118 -1.86396e-17 4.96043 0.433981 2.9946 -2.37691 0.10318 -2.06766e-17 4.97002 0.787173 0.72207 -4.63443 3.10575 1.26863 -7.82717 7.75148 28.2546 -9.08892 17.0327 13.3291 3.34342 -3.36319 -54.3499 -42.8298 -54.5232 30.0522 0.0615366 0.141 11.7102 -9.23538 -77.0423 24.9344 0.0510561 0.116988 2.11485 -38.776 7.92852 -1.26863 -7.82715 7.75138 -28.7937 -6.77558 -17.2542 -13.3291 3.34342 -3.36319 31.9455 -62.7906 34.247 -30.0522 0.0615366 0.141 -11.341 -7.99117 70.8427 -24.9344 0.0510559 0.116988 2.83915 -36.8536 2.88696 9.50369 -4.32711 2.09145 20.4595 -8.87698 -20.9317 -0.876987 -39.8926 -0.674123 -10.5757 35.0053 2.70889 -2.39345 -41.5694 -6.22357 -15.3503 -16.7755 15.8743 0.801613 -10.1701 12.8571 8.19987e-16 -7.57867e-16 -2.48481e-17 -9.50369 -4.32711 2.09145 -3.23023 -0.759128 32.1909 0.876987 -39.8926 -0.674123 10.5881 35.037 -2.71543 2.39345 -41.5694 -6.22357 0.28396 -25.6477 -17.5776 -0.801613 -10.1701 12.8571 -1.78906e-15 -5.09386e-16 -1.26974e-14 
42.1722 88.0235 -132.382 -0.906053 -5.2386 -2.83799 0 5.22546 -1.18466 -1.2633 -6.23407 0.299799 0 5.77894 1.10239 -0.93804 -4.09652 -0.0224669 -1.0557e-17 6.16289 0.118334 -0.606895 0.00584865 0.214531 -1.13649e-17 6.69386 -0.456341 -0.370577 5.78782 0.271632 -2.02997e-17 7.82529 -1.54945 -0.0735424 9.2593 0.338502 -2.60628e-17 9.77186 -0.940923 0.204223 11.1917 0.252861 -2.98794e-17 10.8563 1.62248 0.102995 -0.390469 0.0149989 -1.32927e-17 4.92478 0.736013 0.474611 17.8449 0.862313 -1.86396e-17 4.96043 0.433981 2.62619 -2.82499 0.380961 -2.06766e-17 4.97002 0.787173 1.23298 -4.6684 2.39745 1.26863 -7.82717 7.75148 27.0595 -9.69011 16.3601 13.3291 3.34342 -3.36319 -51.0551 -43.2285 -52.6628 30.0522 0.0615366 0.141 11.5038 -8.48081 -73.3052 24.9344 0.0510561 0.116988 2.91348 -39.9321 7.13328 -1.26863 -7.82715 7.75138 -27.9753 -7.42808 -16.4327 -13.3291 3.34342 -3.36319 28.3916 -60.241 29.2574 -30.0522 0.0615366 0.141 -11.055 -7.26466 67.1203 -24.9344 0.0510559 0.116988 2.86673 -36.6177 3.27587 9.50369 -4.32711 2.09145 19.7848 -7.18591 -21.5781 -0.876987 -39.8926 -0.674123 -9.39354 31.8593 2.11293 -2.39345 -41.5694 -6.22357 -15.1509 -13.9792 16.4601 0.801613 -10.1701 12.8571 2.59097e-17 -7.95089e-16 1.23743e-17 -9.50369 -4.32711 2.09145 -3.94751 0.908425 32.2159 0.876987 -39.8926 -0.674123 9.18656 31.2848 -2.01469 2.39345 -41.5694 -6.22357 0.815818 -23.4999 -17.3908 -0.801613 -10.1701 12.8571 -2.00908e-16 -5.8383e-16 -1.27594e-14 
41.6421 89.9281 -132.646 -1.15926 -4.37133 -2.63514 0 5.22546 -1.18466 -1.18982 -7.01973 0.232148 0 5.77894 1.10239 -0.87677 -4.63145 -0.058716 -1.0557e-17 6.16289 0.118334 -0.578334 -0.0656966 0.156435 -1.13649e-17 6.69386 -0.456341 -0.366446 6.32265 0.213492 -2.02997e-17 7.82529 -1.54945 -0.112279 10.2736 0.267034 -2.60628e-17 9.77186 -0.940923 0.103533 12.4225 0.208902 -2.98794e-17 10.8563 1.62248 0.0756027 -0.562076 0.0038195 -1.32927e-17 4.92478 0.736013 0.353814 17.759 1.35362 -1.86396e-17 4.96043 0.433981 2.36634 -2.80216 0.585792 -2.06766e-17 4.97002 0.787173 1.50344 -5.78235 2.0981 1.26863 -7.82717 7.75148 24.9924 -10.6336 15.4645 13.3291 3.34342 -3.36319 -48.748 -43.6882 -50.9768 30.0522 0.0615366 0.141 11.1961 -7.60611 -68.8819 24.9344 0.0510561 0.116988 3.58429 -40.9588 6.22374 -1.26863 -7.82715 7.75138 -26.74 -8.12102 -15.2365 -13.3291 3.34342 -3.36319 23.198 -56.8653 21.6219 -30.0522 0.0615366 0.141 -10.75 -6.61202 63.688 -24.9344 0.0510559 0.116988 0.608378 -38.5905 2.00671 9.50369 -4.32711 2.09145 19.4977 -6.30199 -22.6726 -0.876987 -39.8926 -0.674123 -7.84197 27.3822 1.42432 -2.39345 -41.5694 -6.22357 -15.7692 -9.67715 17.4799 0.801613 -10.1701 12.8571 -1.56329e-15 -8.69583e-16 8.68679e-17 -9.50369 -4.32711 2.09145 -4.3241 1.56955 32.3633 0.876987 -39.8926 -0.674123 7.47234 26.2579 -1.27729 2.39345 -41.5694 -6.22357 2.90835 -19.3439 -17.3422 -0.801613 -10.1701 12.8571 -5.95818e-16 -5.59115e-16 -1.27471e-14 
41.1845 92.2149 -133.058 -1.3181 -3.96133 -2.74213 0 5.22546 -1.18466 -1.0457 -7.81005 0.204006 0 5.77894 1.10239 -0.769374 -5.19239 -0.0524316 -1.0557e-17 6.16289 0.118334 -0.528192 -0.246862 0.12497 -1.13649e-17 6.69386 -0.456341 -0.362098 6.64406 0.172253 -2.02997e-17 7.82529 -1.54945 -0.1591 10.9552 0.215308 -2.60628e-17 9.77186 -0.940923 -0.0106142 13.2375 0.190875 -2.98794e-17 10.8563 1.62248 0.0369357 -0.694018 -0.0117867 -1.32927e-17 4.92478 0.736013 0.227231 17.3109 1.74307 -1.86396e-17 4.96043 0.433981 1.9221 -2.68586 0.743448 -2.06766e-17 4.97002 0.787173 1.84143 -5.13807 1.99301 1.26863 -7.82717 7.75148 22.2473 -11.1755 13.6549 13.3291 3.34342 -3.36319 -45.3634 -44.1699 -47.1914 30.0522 0.0615366 0.141 10.7605 -6.63305 -63.801 24.9344 0.0510561 0.116988 3.11383 -42.5582 4.88448 -1.26863 -7.82715 7.75138 -25.0956 -8.68896 -13.6512 -13.3291 3.34342 -3.36319 20.3311 -52.577 16.2999 -30.0522 0.0615366 0.141 -10.3253 -5.841 59.4952 -24.9344 0.0510559 0.116988 -0.387993 -40.7029 1.18672 9.50369 -4.32711 2.09145 19.2668 -4.45423 -23.1655 -0.876987 -39.8926 -0.674123 -6.08373 21.8446 0.788372 -2.39345 -41.5694 -6.22357 -16.7735 -2.93701 19.0956 0.801613 -10.1701 12.8571 3.19898e-15 -6.58759e-16 -1.23956e-16 -9.50369 -4.32711 2.09145 -4.84203 2.34945 32.2476 0.876987 -39.8926 -0.674123 5.9738 21.4829 -0.754126 2.39345 -41.5694 -6.22357 5.65718 -12.6471 -17.5765 -0.801613 -10.1701 12.8571 -5.96354e-16 -5.59082e-16 -1.27471e-14 
41.048 94.5469 -134.258 -1.52295 -3.50582 -2.50323 0 5.22546 -1.18466 -0.863892 -8.34728 0.158782 0 5.77894 1.10239 -0.639347 -5.57136 -0.0311031 -1.0557e-17 6.16289 0.118334 -0.46341 -0.371922 0.113982 -1.13649e-17 6.69386 -0.456341 -0.347133 6.86454 0.157818 -2.02997e-17 7.82529 -1.54945 -0.196401 11.4163 0.187207 -2.60628e-17 9.77186 -0.940923 -0.120988 13.7863 0.183857 -2.98794e-17 10.8563 1.62248 0.00826417 -0.775857 -0.0167092 -1.32927e-17 4.92478 0.736013 0.164741 16.8015 1.84132 -1.86396e-17 4.96043 0.433981 1.80252 -2.60926 0.772595 -2.06766e-17 4.97002 0.787173 2.17118 -4.32659 1.82835 1.26863 -7.82717 7.75148 19.3818 -11.5059 11.8432 13.3291 3.34342 -3.36319 -41.8715 -43.5747 -43.5182 30.0522 0.0615366 0.141 10.2251 -5.67695 -58.5812 24.9344 0.0510561 0.116988 3.59614 -44.2414 4.6465 -1.26863 -7.82715 7.75138 -23.151 -9.11113 -11.9246 -13.3291 3.34342 -3.36319 19.2917 -48.9553 11.61 -30.0522 0.0615366 0.141 -9.96392 -5.27423 56.2935 -24.9344 0.0510559 0.116988 -0.666758 -42.2051 -0.311049 9.50369 -4.32711 2.09145 19.1142 -3.33631 -22.6537 -0.876987 -39.8926 -0.674123 -4.53337 16.5924 0.369466 -2.39345 -41.5694 -6.22357 -17.8531 5.3793 21.209 0.801613 -10.1701 12.8571 1.61727e-15 -7.32918e-16 -4.97966e-17 -9.50369 -4.32711 2.09145 -5.37372 2.78622 30.8733 0.876987 -39.8926 -0.674123 4.602 16.8314 -0.385023 2.39345 -41.5694 -6.22357 8.35543 -4.44845 -18.2173 -0.801613 -10.1701 12.8571 5.94747e-16 -6.21118e-16 -1.27967e-14 
41.3089 96.8706 -136.252 -1.71413 -2.40175 -2.18606 0 5.22546 -1.18466 -0.627277 -8.75638 0.102771 0 5.77894 1.10239 -0.471067 -5.86593 0.00320904 -1.0557e-17 6.16289 0.118334 -0.369885 -0.500907 0.116858 -1.13649e-17 6.69386 -0.456341 -0.310725 6.99398 0.159488 -2.02997e-17 7.82529 -1.54945 -0.218604 11.7153 0.171881 -2.60628e-17 9.77186 -0.940923 -0.221553 14.15 0.178369 -2.98794e-17 10.8563 1.62248 -0.016146 -0.834355 -0.00667324 -1.32927e-17 4.92478 0.736013 0.0756746 16.1601 1.79801 -1.86396e-17 4.96043 0.433981 1.77537 -2.31068 0.744804 -2.06766e-17 4.97002 0.787173 2.3842 -3.88848 1.4793 1.26863 -7.82717 7.75148 16.499 -11.5848 10.0523 13.3291 3.34342 -3.36319 -38.6032 -42.3923 -39.9248 30.0522 0.0615366 0.141 9.57966 -4.73914 -53.1565 24.9344 0.0510561 0.116988 4.35243 -46.3574 4.70673 -1.26863 -7.82715 7.75138 -20.6587 -9.33979 -10.1716 -13.3291 3.34342 -3.36319 18.9052 -46.1486 7.50962 -30.0522 0.0615366 0.141 -9.61318 -4.78329 53.4189 -24.9344 0.0510559 0.116988 -1.59116 -43.8244 -2.11582 9.50369 -4.32711 2.09145 19.1286 -3.84433 -20.8372 -0.876987 -39.8926 -0.674123 -3.4684 12.8184 0.164954 -2.39345 -41.5694 -6.22357 -18.5692 11.0288 22.5585 0.801613 -10.1701 12.8571 1.62557e-14 6.93822e-16 -1.48894e-15 -9.50369 -4.32711 2.09145 -5.83037 2.28968 28.4148 0.876987 -39.8926 -0.674123 3.28657 12.1628 -0.137078 2.39345 -41.5694 -6.22357 10.7687 5.08248 -19.2941 -0.801613 -10.1701 12.8571 5.96354e-16 -6.21202e-16 -1.27968e-14 
41.7567 99.2498 -138.048 -1.84021 -0.390059 -2.16133 0 5.22546 -1.18466 -0.389657 -9.13056 0.0401664 0 5.77894 1.10239 -0.300523 -6.16132 0.0254033 -1.0557e-17 6.16289 0.118334 -0.265735 -0.706742 0.107852 -1.13649e-17 6.69386 -0.456341 -0.252979 6.99165 0.146718 -2.02997e-17 7.82529 -1.54945 -0.215285 11.8218 0.145714 -2.60628e-17 9.77186 -0.940923 -0.291135 14.3165 0.152192 -2.98794e-17 10.8563 1.62248 -0.036215 -0.859577 0.00377606 -1.32927e-17 4.92478 0.736013 0.00463316 15.3979 1.69146 -1.86396e-17 4.96043 0.433981 1.83531 -1.80291 0.693705 -2.06766e-17 4.97002 0.787173 2.06858 -3.25399 1.44721 1.26863 -7.82717 7.75148 13.7782 -11.3642 8.55032 13.3291 3.34342 -3.36319 -34.9427 -40.8129 -35.7739 30.0522 0.0615366 0.141 8.78196 -3.79408 -47.258 24.9344 0.0510561 0.116988 5.13886 -49.8953 4.66783 -1.26863 -7.82715 7.75138 -17.8803 -9.31198 -8.70181 -13.3291 3.34342 -3.36319 18.7528 -43.2923 4.20789 -30.0522 0.0615366 0.141 -9.024 -4.06041 48.9727 -24.9344 0.0510559 0.116988 -1.50319 -46.2281 -2.03801 9.50369 -4.32711 2.09145 19.6466 -6.83006 -17.3772 -0.876987 -39.8926 -0.674123 -3.45921 12.7853 0.163496 -2.39345 -41.5694 -6.22357 -17.3992 6.41715 20.5365 0.801613 -10.1701 12.8571 3.62004e-15 -6.44243e-16 -1.38489e-16 -9.50369 -4.32711 2.09145 -6.0592 0.156011 26.1182 0.876987 -39.8926 -0.674123 2.4473 9.1029 -0.0356068 2.39345 -41.5694 -6.22357 11.5239 11.2336 -19.6387 -0.801613 -10.1701 12.8571 -9.91781e-16 -5.46758e-16 -1.27223e-14 
42.136 101.718 -139.18 -1.90682 2.49322 -2.42478 0 5.22546 -1.18466 -0.171043 -9.62629 -0.00663232 0 5.77894 1.10239 -0.13914 -6.58486 0.0421455 -1.0557e-17 6.16289 0.118334 -0.156085 -1.00213 0.0964306 -1.13649e-17 6.69386 -0.456341 -0.175175 6.99809 0.130579 -2.02997e-17 7.82529 -1.54945 -0.179791 11.9998 0.123326 -2.60628e-17 9.77186 -0.940923 -0.311028 14.5856 0.123444 -2.98794e-17 10.8563 1.62248 -0.0515149 -0.887337 0.00102343 -1.32927e-17 4.92478 0.736013 -0.0482406 14.4944 1.75103 -1.86396e-17 4.96043 0.433981 1.82085 -1.42649 0.729851 -2.06766e-17 4.97002 0.787173 1.36584 -2.6677 1.62448 1.26863 -7.82717 7.75148 11.1452 -10.9934 7.22 13.3291 3.34342 -3.36319 -31.791 -39.0806 -31.8234 30.0522 0.0615366 0.141 7.88485 -2.92964 -41.3072 24.9344 0.0510561 0.116988 5.87288 -54.2275 4.52639 -1.26863 -7.82715 7.75138 -14.8136 -9.21449 -7.45616 -13.3291 3.34342 -3.36319 19.353 -40.9312 2.26256 -30.0522 0.0615366 0.141 -8.26436 -3.27351 43.7518 -24.9344 0.0510559 0.116988 -0.522888 -48.3449 -0.857038 9.50369 -4.32711 2.09145 20.0703 -10.6533 -13.2493 -0.876987 -39.8926 -0.674123 -3.43422 12.6954 0.159556 -2.39345 -41.5694 -6.22357 -16.1019 1.92081 18.6532 0.801613 -10.1701 12.8571 4.00001e-15 -6.21236e-16 -1.61479e-16 -9.50369 -4.32711 2.09145 -5.9791 -3.52503 25.8635 0.876987 -39.8926 -0.674123 2.40079 8.93192 -0.0313032 2.39345 -41.5694 -6.22357 8.81709 5.38174 -18.1485 -0.801613 -10.1701 12.8571 -5.36129e-15 -3.60548e-16 -1.25361e-14 
42.5645 104.001 -139.981 -2.0682 5.54335 -2.62931 0 5.22546 -1.18466 0.0439523 -10.1295 -0.0296679 0 5.77894 1.10239 0.0174928 -7.04654 0.0625093 -1.0557e-17 6.16289 0.118334 -0.0479977 -1.34505 0.0906313 -1.13649e-17 6.69386 -0.456341 -0.094372 6.988 0.120297 -2.02997e-17 7.82529 -1.54945 -0.141437 12.1796 0.111501 -2.60628e-17 9.77186 -0.940923 -0.320443 14.8543 0.111794 -2.98794e-17 10.8563 1.62248 -0.0641089 -0.898464 -0.00501908 -1.32927e-17 4.92478 0.736013 -0.123859 13.3502 2.00462 -1.86396e-17 4.96043 0.433981 1.56866 -1.41398 0.864358 -2.06766e-17 4.97002 0.787173 1.17574 -2.06737 1.55316 1.26863 -7.82717 7.75148 8.56886 -10.4608 5.99146 13.3291 3.34342 -3.36319 -29.3473 -36.8039 -28.0648 30.0522 0.0615366 0.141 6.90593 -2.16452 -35.3619 24.9344 0.0510561 0.116988 5.56986 -58.8762 3.30497 -1.26863 -7.82715 7.75138 -11.5926 -8.97254 -6.30371 -13.3291 3.34342 -3.36319 20.4891 -38.3494 1.47479 -30.0522 0.0615366 0.141 -7.32712 -2.47368 37.8606 -24.9344 0.0510559 0.116988 1.04995 -50.3785 1.09882 9.50369 -4.32711 2.09145 19.8287 -14.7138 -10.8008 -0.876987 -39.8926 -0.674123 -3.40814 12.6014 0.155486 -2.39345 -41.5694 -6.22357 -15.2054 1.19371 18.0923 0.801613 -10.1701 12.8571 2.01537e-15 -7.08053e-16 -7.46614e-17 -9.50369 -4.32711 2.09145 -5.41258 -7.57591 26.162 0.876987 -39.8926 -0.674123 2.36875 8.81401 -0.0284183 2.39345 -41.5694 -6.22357 6.98991 0.506604 -17.2843 -0.801613 -10.1701 12.8571 -2.05747e-16 -5.83629e-16 -1.27592e-14 
43.0508 105.978 -140.783 -2.25632 7.78667 -2.4652 0 5.22546 -1.18466 0.228932 -10.5433 -0.0168252 0 5.77894 1.10239 0.145805 -7.41393 0.105239 -1.0557e-17 6.16289 0.118334 0.0376546 -1.58894 0.111338 -1.13649e-17 6.69386 -0.456341 -0.0339503 7.05479 0.137408 -2.02997e-17 7.82529 -1.54945 -0.112447 12.4565 0.131019 -2.60628e-17 9.77186 -0.940923 -0.316072 15.2052 0.133574 -2.98794e-17 10.8563 1.62248 -0.0699646 -0.89007 -0.0079866 -1.32927e-17 4.92478 0.736013 -0.110782 11.8786 2.10548 -1.86396e-17 4.96043 0.433981 1.32994 -1.87798 0.936033 -2.06766e-17 4.97002 0.787173 1.57282 -1.48565 1.16771 1.26863 -7.82717 7.75148 5.70224 -9.82233 4.66044 13.3291 3.34342 -3.36319 -27.141 -33.8268 -25.0719 30.0522 0.0615366 0.141 5.79097 -1.47039 -29.0646 24.9344 0.0510561 0.116988 2.93131 -63.4288 -0.0891036 -1.26863 -7.82715 7.75138 -8.32513 -8.57252 -5.21973 -13.3291 3.34342 -3.36319 21.7432 -35.4384 1.22557 -30.0522 0.0615366 0.141 -6.32046 -1.77874 32.001 -24.9344 0.0510559 0.116988 3.00614 -52.9304 3.04465 9.50369 -4.32711 2.09145 18.6408 -17.9548 -10.4152 -0.876987 -39.8926 -0.674123 -3.33467 12.3365 0.14425 -2.39345 -41.5694 -6.22357 -14.0123 2.2705 18.1011 0.801613 -10.1701 12.8571 2.01269e-15 -7.0817e-16 -7.45443e-17 -9.50369 -4.32711 2.09145 -4.49188 -10.5405 25.5734 0.876987 -39.8926 -0.674123 2.25232 8.38517 -0.0184961 2.39345 -41.5694 -6.22357 6.04086 0.401348 -16.8781 -0.801613 -10.1701 12.8571 1.98249e-16 -5.96337e-16 -1.27719e-14 
43.5663 107.49 -141.556 -2.35433 9.27784 -2.30815 0 5.22546 -1.18466 0.39443 -10.5852 0.00130163 0 5.77894 1.10239 0.265949 -7.42171 0.141027 -1.0557e-17 6.16289 0.118334 0.129725 -1.58576 0.132385 -1.13649e-17 6.69386 -0.456341 0.0441714 7.1577 0.155817 -2.02997e-17 7.82529 -1.54945 -0.046795 12.6589 0.149151 -2.60628e-17 9.77186 -0.940923 -0.245656 15.4032 0.142828 -2.98794e-17 10.8563 1.62248 -0.0692936 -0.86161 -0.0068622 -1.32927e-17 4.92478 0.736013 0.0411138 9.76921 2.17822 -1.86396e-17 4.96043 0.433981 1.2658 -2.80529 1.00771 -2.06766e-17 4.97002 0.787173 1.51266 -1.30368 0.479887 1.26863 -7.82717 7.75148 2.84172 -8.93825 3.2276 13.3291 3.34342 -3.36319 -25.2197 -29.8046 -22.7142 30.0522 0.0615366 0.141 4.71369 -0.947571 -23.3131 24.9344 0.0510561 0.116988 0.341746 -68.5503 -3.46531 -1.26863 -7.82715 7.75138 -5.25492 -7.97654 -4.10213 -13.3291 3.34342 -3.36319 23.3248 -32.743 1.64651 -30.0522 0.0615366 0.141 -5.37633 -1.25312 26.8163 -24.9344 0.0510559 0.116988 5.14254 -56.1218 4.73566 9.50369 -4.32711 2.09145 16.9347 -20.5058 -10.493 -0.876987 -39.8926 -0.674123 -3.39048 12.5378 0.152754 -2.39345 -41.5694 -6.22357 -12.6153 3.58149 18.0256 0.801613 -10.1701 12.8571 1.21863e-15 -7.45392e-16 -3.73223e-17 -9.50369 -4.32711 2.09145 -3.24283 -12.6726 24.8768 0.876987 -39.8926 -0.674123 2.2354 8.32277 -0.0171268 2.39345 -41.5694 -6.22357 4.96294 2.45785 -16.516 -0.801613 -10.1701 12.8571 -2.58045e-15 -4.84688e-16 -1.26602e-14 
43.9897 108.456 -142.269 -2.43817 10.6119 -2.64065 0 5.22546 -1.18466 0.534431 -10.2561 0.0578366 0 5.77894 1.10239 0.365599 -7.08499 0.196969 -1.0557e-17 6.16289 0.118334 0.212585 -1.357 0.180815 -1.13649e-17 6.69386 -0.456341 0.119888 7.28288 0.202806 -2.02997e-17 7.82529 -1.54945 0.0379773 12.7529 0.195123 -2.60628e-17 9.77186 -0.940923 -0.121442 15.4203 0.172569 -2.98794e-17 10.8563 1.62248 -0.063421 -0.839643 -0.00787212 -1.32927e-17 4.92478 0.736013 0.279876 7.32849 2.36988 -1.86396e-17 4.96043 0.433981 1.35475 -3.74109 1.14539 -2.06766e-17 4.97002 0.787173 0.819583 -1.59573 -0.173912 1.26863 -7.82717 7.75148 0.465057 -7.92774 1.8648 13.3291 3.34342 -3.36319 -24.1729 -25.4899 -21.012 30.0522 0.0615366 0.141 3.805 -0.604578 -18.6422 24.9344 0.0510561 0.116988 -1.98086 -74.4045 -6.35575 -1.26863 -7.82715 7.75138 -2.45474 -7.24941 -2.96598 -13.3291 3.34342 -3.36319 25.8363 -30.5778 3.21803 -30.0522 0.0615366 0.141 -4.57524 -0.889634 22.5902 -24.9344 0.0510559 0.116988 6.67433 -59.5176 5.73775 9.50369 -4.32711 2.09145 15.3525 -22.8102 -10.2394 -0.876987 -39.8926 -0.674123 -3.64329 13.446 0.193725 -2.39345 -41.5694 -6.22357 -11.2055 4.24112 17.7467 0.801613 -10.1701 12.8571 -2.35575e-15 -8.9433e-16 1.11616e-16 -9.50369 -4.32711 2.09145 -1.44944 -14.8433 25.3225 0.876987 -39.8926 -0.674123 2.42113 9.00671 -0.033168 2.39345 -41.5694 -6.22357 3.7868 4.84788 -16.0709 -0.801613 -10.1701 12.8571 -2.01998e-16 -5.83796e-16 -1.27594e-14 
44.3564 108.753 -142.721 -2.32537 11.1112 -3.24929 0 5.22546 -1.18466 0.560748 -9.23931 0.169861 0 5.77894 1.10239 0.362063 -6.15129 0.282627 -1.0557e-17 6.16289 0.118334 0.209878 -0.872926 0.264392 -1.13649e-17 6.69386 -0.456341 0.121026 7.16417 0.282604 -2.02997e-17 7.82529 -1.54945 0.0727456 12.2125 0.282411 -2.60628e-17 9.77186 -0.940923 -0.00791328 14.6687 0.247377 -2.98794e-17 10.8563 1.62248 -0.0627849 -0.758628 -0.000774128 -1.32927e-17 4.92478 0.736013 0.525924 4.1962 2.5076 -1.86396e-17 4.96043 0.433981 1.30898 -3.81273 1.24491 -2.06766e-17 4.97002 0.787173 0.354092 -0.426107 -0.640926 1.26863 -7.82717 7.75148 -1.69048 -6.37791 0.297972 13.3291 3.34342 -3.36319 -23.2645 -20.6467 -18.8647 30.0522 0.0615366 0.141 3.05507 -0.382964 -14.8783 24.9344 0.0510561 0.116988 -11.6629 -81.2039 -16.1648 -1.26863 -7.82715 7.75138 0.220738 -5.90729 -1.61703 -13.3291 3.34342 -3.36319 28.3846 -27.4905 4.64629 -30.0522 0.0615366 0.141 -3.86784 -0.625449 18.9591 -24.9344 0.0510559 0.116988 8.56932 -63.8202 7.38851 9.50369 -4.32711 2.09145 13.5575 -24.0485 -9.95757 -0.876987 -39.8926 -0.674123 -4.05608 14.9157 0.269176 -2.39345 -41.5694 -6.22357 -9.53706 3.67263 17.2358 0.801613 -10.1701 12.8571 2.0068e-15 -7.08421e-16 -7.42932e-17 -9.50369 -4.32711 2.09145 0.347583 -15.9434 26.7915 0.876987 -39.8926 -0.674123 2.72711 10.1288 -0.0644378 2.39345 -41.5694 -6.22357 2.64891 5.91883 -15.5902 -0.801613 -10.1701 12.8571 -1.38989e-15 -5.34301e-16 -1.27099e-14 
44.7171 108.456 -142.85 -2.07821 10.1313 -3.69528 0 5.22546 -1.18466 0.457721 -7.55331 0.280313 0 5.77894 1.10239 0.258127 -4.66988 0.34787 -1.0557e-17 6.16289 0.118334 0.137355 -0.124132 0.335752 -1.13649e-17 6.69386 -0.456341 0.0769514 6.8703 0.349546 -2.02997e-17 7.82529 -1.54945 0.0884179 11.157 0.36164 -2.60628e-17 9.77186 -0.940923 0.115007 13.283 0.304909 -2.98794e-17 10.8563 1.62248 -0.0655697 -0.612583 0.0114086 -1.32927e-17 4.92478 0.736013 0.784966 0.880549 2.54217 -1.86396e-17 4.96043 0.433981 1.29161 -3.15255 1.28319 -2.06766e-17 4.97002 0.787173 0.106674 2.29754 -0.95959 1.26863 -7.82717 7.75148 -3.8219 -4.31523 -1.49006 13.3291 3.34342 -3.36319 -22.8938 -15.3553 -16.6874 30.0522 0.0615366 0.141 2.45443 -0.243234 -11.9084 24.9344 0.0510561 0.116988 -73.2916 -86.5578 -77.807 -1.26863 -7.82715 7.75138 2.80957 -4.03436 -0.209114 -13.3291 3.34342 -3.36319 30.9229 -23.2427 5.20416 -30.0522 0.0615366 0.141 -3.32146 -0.455408 16.2057 -24.9344 0.0510559 0.116988 11.5421 -68.8743 10.6448 9.50369 -4.32711 2.09145 11.4557 -23.5112 -9.68485 -0.876987 -39.8926 -0.674123 -4.53015 16.5812 0.368743 -2.39345 -41.5694 -6.22357 -7.58798 2.0864 16.6511 0.801613 -10.1701 12.8571 4.2456e-16 -7.82614e-16 -1.00416e-19 -9.50369 -4.32711 2.09145 1.87969 -15.0869 28.6257 0.876987 -39.8926 -0.674123 3.05656 11.3296 -0.104805 2.39345 -41.5694 -6.22357 1.15985 5.63398 -15.09 -0.801613 -10.1701 12.8571 -2.18556e-15 -4.97012e-16 -1.26726e-14 
45.1069 107.559 -142.739 -1.90296 8.9508 -3.87427 0 5.22546 -1.18466 0.335451 -5.66467 0.317255 0 5.77894 1.10239 0.167223 -3.112 0.339513 -1.0557e-17 6.16289 0.118334 0.0920386 0.626033 0.342026 -1.13649e-17 6.69386 -0.456341 0.0734525 6.45455 0.352976 -2.02997e-17 7.82529 -1.54945 0.140549 9.86889 0.368655 -2.60628e-17 9.77186 -0.940923 0.249658 11.6356 0.277877 -2.98794e-17 10.8563 1.62248 -0.0707416 -0.43579 0.0263888 -1.32927e-17 4.92478 0.736013 1.03574 -1.82576 2.67223 -1.86396e-17 4.96043 0.433981 1.43153 -2.13464 1.35446 -2.06766e-17 4.97002 0.787173 -0.259517 5.01905 -1.16724 1.26863 -7.82717 7.75148 -5.37727 -2.29078 -2.90958 13.3291 3.34342 -3.36319 -24.0155 -10.3345 -15.0209 30.0522 0.0615366 0.141 2.0384 -0.165439 -9.86942 24.9344 0.0510561 0.116988 -144.616 -81.9367 -148.933 -1.26863 -7.82715 7.75138 5.02978 -2.04513 0.993446 -13.3291 3.34342 -3.36319 33.6652 -18.1641 5.21652 -30.0522 0.0615366 0.141 -2.94331 -0.354307 14.3215 -24.9344 0.0510559 0.116988 17.5712 -74.2241 17.4017 9.50369 -4.32711 2.09145 9.62543 -22.6466 -9.07092 -0.876987 -39.8926 -0.674123 -5.13249 18.6593 0.514753 -2.39345 -41.5694 -6.22357 -5.75515 -0.316624 16.1756 0.801613 -10.1701 12.8571 4.22417e-16 -7.82715e-16 2.88531e-33 -9.50369 -4.32711 2.09145 3.29223 -13.6435 30.3146 0.876987 -39.8926 -0.674123 3.37151 12.4694 -0.14984 2.39345 -41.5694 -6.22357 -0.721606 4.11178 -14.7008 -0.801613 -10.1701 12.8571 -5.98496e-16 -5.58998e-16 -1.2747e-14 
45.4967 106.135 -142.527 -1.73035 8.13117 -3.84433 0 5.22546 -1.18466 0.220834 -3.90437 0.312377 0 5.77894 1.10239 0.101265 -1.75894 0.291715 -1.0557e-17 6.16289 0.118334 0.0664057 1.23163 0.31145 -1.13649e-17 6.69386 -0.456341 0.0829092 5.95792 0.318456 -2.02997e-17 7.82529 -1.54945 0.187275 8.53998 0.331479 -2.60628e-17 9.77186 -0.940923 0.345011 9.97137 0.213003 -2.98794e-17 10.8563 1.62248 -0.0791189 -0.259254 0.0389731 -1.32927e-17 4.92478 0.736013 1.20682 -3.87013 2.73572 -1.86396e-17 4.96043 0.433981 1.47958 -1.1987 1.3763 -2.06766e-17 4.97002 0.787173 -0.353016 7.15857 -1.14447 1.26863 -7.82717 7.75148 -6.33942 -0.537553 -3.89504 13.3291 3.34342 -3.36319 -26.5212 -5.99912 -13.7212 30.0522 0.0615366 0.141 1.79268 -0.12664 -8.67076 24.9344 0.0510561 0.116988 -155.518 -75.4285 -159.384 -1.26863 -7.82715 7.75138 6.64615 -0.128858 1.90773 -13.3291 3.34342 -3.36319 36.8948 -12.1059 5.0687 -30.0522 0.0615366 0.141 -2.63168 -0.280898 12.7799 -24.9344 0.0510559 0.116988 33.049 -79.3503 34.1289 9.50369 -4.32711 2.09145 7.88058 -22.1448 -9.15045 -0.876987 -39.8926 -0.674123 -5.85892 21.1031 0.719061 -2.39345 -41.5694 -6.22357 -4.16045 -2.88856 15.8871 0.801613 -10.1701 12.8571 -3.71641e-16 -8.07529e-16 2.48143e-17 -9.50369 -4.32711 2.09145 4.52696 -12.4238 31.6013 0.876987 -39.8926 -0.674123 3.67359 13.5545 -0.198903 2.39345 -41.5694 -6.22357 -2.70643 1.93877 -14.48 -0.801613 -10.1701 12.8571 -9.93383e-16 -5.46675e-16 -1.27223e-14 
45.8695 104.304 -142.387 -1.60467 7.42716 -3.86981 0 5.22546 -1.18466 0.150626 -2.28941 0.273032 0 5.77894 1.10239 0.0827971 -0.593988 0.221934 -1.0557e-17 6.16289 0.118334 0.0750939 1.73207 0.259589 -1.13649e-17 6.69386 -0.456341 0.113262 5.45424 0.263187 -2.02997e-17 7.82529 -1.54945 0.233281 7.29198 0.267725 -2.60628e-17 9.77186 -0.940923 0.406599 8.41895 0.124749 -2.98794e-17 10.8563 1.62248 -0.0897687 -0.101435 0.0497337 -1.32927e-17 4.92478 0.736013 1.32548 -5.45623 2.81018 -1.86396e-17 4.96043 0.433981 1.3908 -0.523225 1.39039 -2.06766e-17 4.97002 0.787173 -0.369029 8.61241 -0.901826 1.26863 -7.82717 7.75148 -6.95039 0.952124 -4.53817 13.3291 3.34342 -3.36319 -29.8398 -1.98527 -12.6404 30.0522 0.0615366 0.141 1.6954 -0.112732 -8.19721 24.9344 0.0510561 0.116988 -159.733 -69.5498 -163.097 -1.26863 -7.82715 7.75138 7.79718 1.57673 2.63012 -13.3291 3.34342 -3.36319 40.3526 -6.14212 4.77886 -30.0522 0.0615366 0.141 -2.47908 -0.248159 12.0283 -24.9344 0.0510559 0.116988 65.7466 -82.1586 68.0629 9.50369 -4.32711 2.09145 6.14563 -21.8191 -10.268 -0.876987 -39.8926 -0.674123 -6.70706 23.862 0.995125 -2.39345 -41.5694 -6.22357 -2.76898 -5.24958 15.7532 0.801613 -10.1701 12.8571 2.43078e-17 -7.95156e-16 1.24409e-17 -9.50369 -4.32711 2.09145 5.5257 -11.3977 32.2326 0.876987 -39.8926 -0.674123 3.95125 14.5441 -0.249017 2.39345 -41.5694 -6.22357 -4.06531 -0.380195 -14.4926 -0.801613 -10.1701 12.8571 -1.99865e-16 -5.83879e-16 -1.27594e-14 
46.1939 102.15 -142.337 -1.53233 6.60869 -3.94504 0 5.22546 -1.18466 0.10908 -0.891358 0.208008 0 5.77894 1.10239 0.0953124 0.374668 0.136647 -1.0557e-17 6.16289 0.118334 0.1104 2.13507 0.190523 -1.13649e-17 6.69386 -0.456341 0.164694 4.98327 0.19223 -2.02997e-17 7.82529 -1.54945 0.291856 6.19715 0.183654 -2.60628e-17 9.77186 -0.940923 0.461808 7.05836 0.0115388 -2.98794e-17 10.8563 1.62248 -0.0965027 0.0457914 0.0615919 -1.32927e-17 4.92478 0.736013 1.40422 -6.49816 2.85239 -1.86396e-17 4.96043 0.433981 1.3149 -0.0490747 1.38455 -2.06766e-17 4.97002 0.787173 -0.579696 9.47346 -0.38432 1.26863 -7.82717 7.75148 -7.1865 2.09108 -4.78009 13.3291 3.34342 -3.36319 -33.9206 1.64856 -11.9114 30.0522 0.0615366 0.141 1.69579 -0.112787 -8.19911 24.9344 0.0510561 0.116988 -162.675 -64.9785 -165.682 -1.26863 -7.82715 7.75138 8.69767 2.95781 3.1586 -13.3291 3.34342 -3.36319 44.1634 -1.42829 4.52094 -30.0522 0.0615366 0.141 -2.46386 -0.245009 11.9535 -24.9344 0.0510559 0.116988 99.4622 -81.8136 102.957 9.50369 -4.32711 2.09145 4.76465 -21.234 -11.0387 -0.876987 -39.8926 -0.674123 -7.58923 26.6158 1.32304 -2.39345 -41.5694 -6.22357 -1.59643 -7.20618 15.6713 0.801613 -10.1701 12.8571 2.48481e-17 -7.95139e-16 1.2424e-17 -9.50369 -4.32711 2.09145 6.37901 -10.4745 32.3392 0.876987 -39.8926 -0.674123 4.23007 15.5298 -0.304127 2.39345 -41.5694 -6.22357 -5.38655 -2.29043 -14.5265 -0.801613 -10.1701 12.8571 -5.95814e-16 -5.59116e-16 -1.27471e-14 
46.7444 98.9387 -142.155 -1.42687 5.67706 -3.92513 0 5.22546 -1.18466 0.0859973 0.340553 0.127097 0 5.77894 1.10239 0.128707 1.20402 0.0432203 -1.0557e-17 6.16289 0.118334 0.163333 2.44693 0.110599 -1.13649e-17 6.69386 -0.456341 0.228142 4.47476 0.110354 -2.02997e-17 7.82529 -1.54945 0.357228 5.13003 0.0857691 -2.60628e-17 9.77186 -0.940923 0.507157 5.72728 -0.117293 -2.98794e-17 10.8563 1.62248 -0.103835 0.19892 0.0780398 -1.32927e-17 4.92478 0.736013 1.39594 -7.26049 2.68952 -1.86396e-17 4.96043 0.433981 1.22029 0.338287 1.27625 -2.06766e-17 4.97002 0.787173 -0.935237 10.0997 0.360414 1.26863 -7.82717 7.75148 -6.99629 2.99337 -4.71693 13.3291 3.34342 -3.36319 -38.7453 5.08568 -11.3135 30.0522 0.0615366 0.141 1.73612 -0.118455 -8.39535 24.9344 0.0510561 0.116988 -165.102 -61.6553 -167.877 -1.26863 -7.82715 7.75138 9.25486 4.12957 3.44827 -13.3291 3.34342 -3.36319 48.0515 2.6273 4.10887 -30.0522 0.0615366 0.141 -2.45702 -0.243599 11.9199 -24.9344 0.0510559 0.116988 119.395 -79.7703 123.652 9.50369 -4.32711 2.09145 4.58109 -20.0983 -10.2137 -0.876987 -39.8926 -0.674123 -7.86415 27.4489 1.43335 -2.39345 -41.5694 -6.22357 -1.54795 -6.82287 15.6687 0.801613 -10.1701 12.8571 2.48481e-17 -7.95139e-16 1.2424e-17 -9.50369 -4.32711 2.09145 7.20545 -9.69703 32.7286 0.876987 -39.8926 -0.674123 4.778 17.4417 -0.426209 2.39345 -41.5694 -6.22357 -7.15113 -4.98285 -14.7327 -0.801613 -10.1701 12.8571 -5.96354e-16 -5.59082e-16 -1.27471e-14 
47.141 95.8804 -142.037 -1.14532 4.22238 -3.96447 0 5.22546 -1.18466 -0.14524 1.77666 0.0224652 0 5.77894 1.10239 -0.0281563 2.12436 -0.0920597 -1.0557e-17 6.16289 0.118334 0.0677528 2.81276 -0.0139005 -1.13649e-17 6.69386 -0.456341 0.190894 3.96839 -0.0152475 -2.02997e-17 7.82529 -1.54945 0.350565 4.03612 -0.0444793 -2.60628e-17 9.77186 -0.940923 0.514864 4.35529 -0.278162 -2.98794e-17 10.8563 1.62248 -0.114632 0.35881 0.0934903 -1.32927e-17 4.92478 0.736013 1.2883 -7.07749 2.55982 -1.86396e-17 4.96043 0.433981 0.92395 0.26324 1.18304 -2.06766e-17 4.97002 0.787173 -0.505742 9.89216 1.34189 1.26863 -7.82717 7.75148 -6.42829 3.85033 -4.60176 13.3291 3.34342 -3.36319 -43.7875 7.99999 -10.2876 30.0522 0.0615366 0.141 1.78622 -0.125693 -8.63925 24.9344 0.0510561 0.116988 -166.647 -59.0115 -169.37 -1.26863 -7.82715 7.75138 9.63272 5.25557 4.01783 -13.3291 3.34342 -3.36319 52.1798 5.62604 3.90581 -30.0522 0.0615366 0.141 -2.38652 -0.229321 11.5735 -24.9344 0.0510559 0.116988 128.189 -77.5464 132.571 9.50369 -4.32711 2.09145 4.46827 -19.8412 -8.90097 -0.876987 -39.8926 -0.674123 -9.32053 31.6575 2.07807 -2.39345 -41.5694 -6.22357 -1.02154 -10.7842 15.6962 0.801613 -10.1701 12.8571 -3.72181e-16 -8.07546e-16 2.48312e-17 -9.50369 -4.32711 2.09145 7.07801 -9.13775 30.7731 0.876987 -39.8926 -0.674123 6.06526 21.7839 -0.782569 2.39345 -41.5694 -6.22357 -5.64995 -6.92862 -15.0533 -0.801613 -10.1701 12.8571 -5.96354e-16 -5.59082e-16 -1.27471e-14 
47.623 93.0865 -141.607 -0.588204 2.01474 -4.33571 0 5.22546 -1.18466 -0.405852 2.82391 0.086438 0 5.77894 1.10239 -0.201577 2.83784 -0.0777234 -1.0557e-17 6.16289 0.118334 -0.0503081 3.1894 0.00949428 -1.13649e-17 6.69386 -0.456341 0.111881 3.7132 0.00865796 -2.02997e-17 7.82529 -1.54945 0.33585 3.39546 -0.0189258 -2.60628e-17 9.77186 -0.940923 0.560788 3.51528 -0.286236 -2.98794e-17 10.8563 1.62248 -0.119753 0.475121 0.0987235 -1.32927e-17 4.92478 0.736013 1.32695 -6.92376 2.72421 -1.86396e-17 4.96043 0.433981 1.0127 -0.148408 1.23005 -2.06766e-17 4.97002 0.787173 -0.525086 8.95701 1.01806 1.26863 -7.82717 7.75148 -5.7996 4.48608 -4.45004 13.3291 3.34342 -3.36319 -48.934 11.4853 -9.70118 30.0522 0.0615366 0.141 1.8116 -0.129444 -8.7629 24.9344 0.0510561 0.116988 -167.93 -56.8381 -170.554 -1.26863 -7.82715 7.75138 9.64765 6.14562 4.01744 -13.3291 3.34342 -3.36319 55.9037 9.53106 4.35958 -30.0522 0.0615366 0.141 -2.20216 -0.194066 10.6693 -24.9344 0.0510559 0.116988 138.891 -74.3377 143.224 9.50369 -4.32711 2.09145 3.01107 -19.449 -10.9417 -0.876987 -39.8926 -0.674123 -11.4513 37.1896 3.18618 -2.39345 -41.5694 -6.22357 0.336664 -14.2289 15.8535 0.801613 -10.1701 12.8571 2.43078e-17 -7.95156e-16 1.24409e-17 -9.50369 -4.32711 2.09145 7.07945 -6.79735 31.3175 0.876987 -39.8926 -0.674123 6.98165 24.7321 -1.09285 2.39345 -41.5694 -6.22357 -7.14398 -8.58165 -15.2418 -0.801613 -10.1701 12.8571 -5.96354e-16 -5.59082e-16 -1.27471e-14 
48.0241 90.1335 -141.042 -0.400704 -0.997097 -5.39382 0 5.22546 -1.18466 -0.717967 3.92856 0.153394 0 5.77894 1.10239 -0.420218 3.6138 -0.0688802 -1.0557e-17 6.16289 0.118334 -0.207649 3.66507 0.025709 -1.13649e-17 6.69386 -0.456341 0.00318473 3.58349 0.026706 -2.02997e-17 7.82529 -1.54945 0.304835 2.9213 0.0120464 -2.60628e-17 9.77186 -0.940923 0.604849 2.86549 -0.279442 -2.98794e-17 10.8563 1.62248 -0.129031 0.580744 0.09121 -1.32927e-17 4.92478 0.736013 1.18083 -6.72512 2.24963 -1.86396e-17 4.96043 0.433981 1.03111 -0.715826 0.989208 -2.06766e-17 4.97002 0.787173 -0.227885 7.88535 2.40094 1.26863 -7.82717 7.75148 -5.38233 5.06086 -4.40888 13.3291 3.34342 -3.36319 -53.2828 14.6717 -8.90516 30.0522 0.0615366 0.141 1.79364 -0.126788 -8.67541 24.9344 0.0510561 0.116988 -169.817 -54.3425 -171.869 -1.26863 -7.82715 7.75138 9.48783 6.86682 4.08039 -13.3291 3.34342 -3.36319 59.8254 12.6993 4.75734 -30.0522 0.0615366 0.141 -1.98831 -0.156933 9.62369 -24.9344 0.0510559 0.116988 143.41 -72.2509 147.296 9.50369 -4.32711 2.09145 1.81617 -18.0369 -12.8209 -0.876987 -39.8926 -0.674123 -13.5886 42.0212 4.46389 -2.39345 -41.5694 -6.22357 1.00015 -15.6012 15.9184 0.801613 -10.1701 12.8571 4.21877e-16 -7.82732e-16 1.68841e-20 -9.50369 -4.32711 2.09145 8.13684 -4.85475 33.4179 0.876987 -39.8926 -0.674123 8.77701 30.1275 -1.82595 2.39345 -41.5694 -6.22357 -7.53554 -11.3213 -15.6902 -0.801613 -10.1701 12.8571 -1.99325e-16 -5.83896e-16 -1.27595e-14 
48.1552 87.6391 -140.017 -0.517425 -4.21289 -5.84685 0 5.22546 -1.18466 -0.971836 5.0659 0.12636 0 5.77894 1.10239 -0.588007 4.41368 -0.145819 -1.0557e-17 6.16289 0.118334 -0.33068 4.16506 -0.0458975 -1.13649e-17 6.69386 -0.456341 -0.0808555 3.48582 -0.0451817 -2.02997e-17 7.82529 -1.54945 0.261186 2.46377 -0.0532857 -2.60628e-17 9.77186 -0.940923 0.593399 2.23127 -0.352782 -2.98794e-17 10.8563 1.62248 -0.134747 0.683517 0.0804898 -1.32927e-17 4.92478 0.736013 1.13106 -6.18334 2.41587 -1.86396e-17 4.96043 0.433981 0.838271 -1.01461 1.04693 -2.06766e-17 4.97002 0.787173 0.399824 6.9681 2.97339 1.26863 -7.82717 7.75148 -4.8916 5.66475 -4.50499 13.3291 3.34342 -3.36319 -57.8254 18.2375 -7.78823 30.0522 0.0615366 0.141 1.76674 -0.122859 -8.5444 24.9344 0.0510561 0.116988 -171.339 -51.7339 -172.94 -1.26863 -7.82715 7.75138 9.01154 7.55106 4.315 -13.3291 3.34342 -3.36319 63.2978 16.0636 4.7798 -30.0522 0.0615366 0.141 -1.75039 -0.120322 8.46381 -24.9344 0.0510559 0.116988 147.445 -70.0656 150.202 9.50369 -4.32711 2.09145 0.822997 -17.1294 -14.6491 -0.876987 -39.8926 -0.674123 -16.4343 47.4538 6.37148 -2.39345 -41.5694 -6.22357 0.857565 -16.6847 15.8875 0.801613 -10.1701 12.8571 2.53884e-17 -7.95122e-16 1.24072e-17 -9.50369 -4.32711 2.09145 9.53184 -4.38105 34.2203 0.876987 -39.8926 -0.674123 11.7395 37.8817 -3.34945 2.39345 -41.5694 -6.22357 -10.3499 -18.7888 -16.9481 -0.801613 -10.1701 12.8571 1.78636e-15 -6.7078e-16 -1.28463e-14 
48.2147 86.04 -139.587 -0.592109 -7.15078 -5.77887 0 5.22546 -1.18466 -1.10767 6.02364 0.0158622 0 5.77894 1.10239 -0.666268 5.13845 -0.279827 -1.0557e-17 6.16289 0.118334 -0.38649 4.7217 -0.176089 -1.13649e-17 6.69386 -0.456341 -0.11302 3.71857 -0.171303 -2.02997e-17 7.82529 -1.54945 0.233179 2.46283 -0.181936 -2.60628e-17 9.77186 -0.940923 0.565779 2.15186 -0.479109 -2.98794e-17 10.8563 1.62248 -0.133456 0.729513 0.0702986 -1.32927e-17 4.92478 0.736013 1.06229 -5.6987 2.39877 -1.86396e-17 4.96043 0.433981 0.700536 -1.49268 1.04405 -2.06766e-17 4.97002 0.787173 0.605976 5.669 3.8575 1.26863 -7.82717 7.75148 -4.91297 6.11732 -4.97156 13.3291 3.34342 -3.36319 -61.0528 21.2039 -7.90762 30.0522 0.0615366 0.141 1.68327 -0.111064 -8.13816 24.9344 0.0510561 0.116988 -173.538 -50.0494 -174.155 -1.26863 -7.82715 7.75138 8.60629 7.96404 4.85585 -13.3291 3.34342 -3.36319 65.4498 18.6787 5.4965 -30.0522 0.0615366 0.141 -1.51354 -0.088754 7.31237 -24.9344 0.0510559 0.116988 151.357 -68.2492 152.753 9.50369 -4.32711 2.09145 -0.179283 -17.0847 -16.0764 -0.876987 -39.8926 -0.674123 -19.423 52.1208 8.57075 -2.39345 -41.5694 -6.22357 -0.0814106 -15.9796 15.7413 0.801613 -10.1701 12.8571 1.21594e-15 -7.4551e-16 -3.72046e-17 -9.50369 -4.32711 2.09145 10.2095 -3.94168 33.1624 0.876987 -39.8926 -0.674123 13.8006 42.4635 -4.59847 2.39345 -41.5694 -6.22357 -10.7671 -19.9733 -17.2663 -0.801613 -10.1701 12.8571 9.95004e-16 -6.33677e-16 -1.28092e-14 
47.8712 84.8805 -138.657 -0.687691 -6.08259 -6.1033 0 5.22546 -1.18466 -0.881476 5.20722 -0.194878 0 5.77894 1.10239 -0.447407 4.66127 -0.464672 -1.0557e-17 6.16289 0.118334 -0.200479 4.46361 -0.361257 -1.13649e-17 6.69386 -0.456341 0.0468445 3.89877 -0.358858 -2.02997e-17 7.82529 -1.54945 0.314076 2.91865 -0.400463 -2.60628e-17 9.77186 -0.940923 0.545361 2.68842 -0.697487 -2.98794e-17 10.8563 1.62248 -0.124357 0.659739 0.0547625 -1.32927e-17 4.92478 0.736013 1.2792 -6.23277 3.29317 -1.86396e-17 4.96043 0.433981 0.752979 -1.35744 1.45115 -2.06766e-17 4.97002 0.787173 -0.235263 3.89072 4.08558 1.26863 -7.82717 7.75148 -4.78102 5.9404 -4.78136 13.3291 3.34342 -3.36319 -64.8204 22.7429 -7.59555 30.0522 0.0615366 0.141 1.61937 -0.102439 -7.82746 24.9344 0.0510561 0.116988 -174.81 -50.2451 -174.204 -1.26863 -7.82715 7.75138 8.4019 7.69495 4.88647 -13.3291 3.34342 -3.36319 65.8738 20.6874 6.64154 -30.0522 0.0615366 0.141 -1.41232 -0.0767355 6.82114 -24.9344 0.0510559 0.116988 153.043 -69.3342 153.639 9.50369 -4.32711 2.09145 -0.238588 -20.6668 -16.2638 -0.876987 -39.8926 -0.674123 -22.6255 56.1757 11.093 -2.39345 -41.5694 -6.22357 -0.77764 -15.0598 15.6091 0.801613 -10.1701 12.8571 4.23498e-16 -7.82664e-16 -5.06523e-20 -9.50369 -4.32711 2.09145 11.1863 -7.16973 32.7398 0.876987 -39.8926 -0.674123 15.9509 46.6046 -6.03315 2.39345 -41.5694 -6.22357 -11.4195 -21.8442 -17.7482 -0.801613 -10.1701 12.8571 -2.97637e-15 -4.59926e-16 -1.26355e-14 
47.2463 84.4369 -137.346 -0.440174 -5.72531 -6.59386 0 5.22546 -1.18466 -0.961798 3.91611 -0.302143 0 5.77894 1.10239 -0.517117 3.81469 -0.579889 -1.0557e-17 6.16289 0.118334 -0.259926 3.96436 -0.480584 -1.13649e-17 6.69386 -0.456341 0.00239287 3.99216 -0.48224 -2.02997e-17 7.82529 -1.54945 0.252272 3.41822 -0.516213 -2.60628e-17 9.77186 -0.940923 0.463864 3.34882 -0.801076 -2.98794e-17 10.8563 1.62248 -0.110298 0.597533 0.0254413 -1.32927e-17 4.92478 0.736013 1.40254 -8.43515 3.36842 -1.86396e-17 4.96043 0.433981 0.563676 -1.72717 1.47127 -2.06766e-17 4.97002 0.787173 0.408717 4.29792 4.8471 1.26863 -7.82717 7.75148 -5.70116 5.92758 -4.73355 13.3291 3.34342 -3.36319 -66.3276 23.5916 -7.02369 30.0522 0.0615366 0.141 1.43412 -0.0794269 -6.92783 24.9344 0.0510561 0.116988 -175.84 -50.7312 -174.464 -1.26863 -7.82715 7.75138 8.17202 7.16445 4.4275 -13.3291 3.34342 -3.36319 66.3261 21.1859 6.58438 -30.0522 0.0615366 0.141 -1.42284 -0.0779445 6.87219 -24.9344 0.0510559 0.116988 151.11 -73.1424 150.862 9.50369 -4.32711 2.09145 -0.225682 -21.8619 -15.3725 -0.876987 -39.8926 -0.674123 -24.0202 57.6912 12.2334 -2.39345 -41.5694 -6.22357 -0.840358 -14.084 15.5275 0.801613 -10.1701 12.8571 -1.1657e-15 -8.4475e-16 6.20358e-17 -9.50369 -4.32711 2.09145 11.3626 -8.36994 33.089 0.876987 -39.8926 -0.674123 16.8192 48.1101 -6.64467 2.39345 -41.5694 -6.22357 -11.8177 -22.5006 -17.8307 -0.801613 -10.1701 12.8571 1.94462e-16 -5.96168e-16 -1.27717e-14 
46.4078 84.7247 -136.165 0.0130214 -5.86218 -6.50049 0 5.22546 -1.18466 -1.09094 2.27737 -0.379817 0 5.77894 1.10239 -0.638559 2.76873 -0.665968 -1.0557e-17 6.16289 0.118334 -0.358441 3.47193 -0.572224 -1.13649e-17 6.69386 -0.456341 -0.0653853 4.39938 -0.578494 -2.02997e-17 7.82529 -1.54945 0.188987 4.42969 -0.594441 -2.60628e-17 9.77186 -0.940923 0.398455 4.63567 -0.868047 -2.98794e-17 10.8563 1.62248 -0.0981515 0.492597 -0.0112041 -1.32927e-17 4.92478 0.736013 1.39259 -9.04667 3.18978 -1.86396e-17 4.96043 0.433981 0.552447 -2.2967 1.39824 -2.06766e-17 4.97002 0.787173 0.733154 3.83206 5.18148 1.26863 -7.82717 7.75148 -6.19221 5.09857 -3.96059 13.3291 3.34342 -3.36319 -66.9927 22.8006 -7.12342 30.0522 0.0615366 0.141 1.31948 -0.0666636 -6.37194 24.9344 0.0510561 0.116988 -175.72 -53.5495 -174.216 -1.26863 -7.82715 7.75138 7.70158 5.707 3.31928 -13.3291 3.34342 -3.36319 66.1432 18.638 6.29269 -30.0522 0.0615366 0.141 -1.5975 -0.0993935 7.72023 -24.9344 0.0510559 0.116988 139.731 -78.0856 138.671 9.50369 -4.32711 2.09145 -0.298072 -21.2566 -14.6357 -0.876987 -39.8926 -0.674123 -23.3645 56.9957 11.6944 -2.39345 -41.5694 -6.22357 -1.52519 -13.4764 15.4043 0.801613 -10.1701 12.8571 1.61134e-15 -7.3317e-16 -4.95442e-17 -9.50369 -4.32711 2.09145 10.7734 -7.7813 33.1264 0.876987 -39.8926 -0.674123 16.1852 47.0197 -6.19645 2.39345 -41.5694 -6.22357 -12.0718 -22.8934 -17.8388 -0.801613 -10.1701 12.8571 1.38987e-15 -6.45983e-16 -1.2834e-14 
45.3066 85.7187 -135.76 0.0236357 -5.50364 -6.20437 0 5.22546 -1.18466 -1.02147 0.487715 -0.464699 0 5.77894 1.10239 -0.594722 1.59983 -0.728553 -1.0557e-17 6.16289 0.118334 -0.325474 2.97681 -0.641337 -1.13649e-17 6.69386 -0.456341 -0.0308788 4.98329 -0.650477 -2.02997e-17 7.82529 -1.54945 0.19652 5.72154 -0.667951 -2.60628e-17 9.77186 -0.940923 0.361568 6.23443 -0.932976 -2.98794e-17 10.8563 1.62248 -0.0882177 0.339174 -0.0561889 -1.32927e-17 4.92478 0.736013 1.39919 -7.78747 3.28821 -1.86396e-17 4.96043 0.433981 0.815139 -3.23031 1.47047 -2.06766e-17 4.97002 0.787173 0.389407 2.31593 5.10985 1.26863 -7.82717 7.75148 -6.00411 3.58207 -2.78592 13.3291 3.34342 -3.36319 -67.4481 20.6945 -7.78603 30.0522 0.0615366 0.141 1.33586 -0.0684157 -6.45133 24.9344 0.0510561 0.116988 -174.97 -57.9821 -174.107 -1.26863 -7.82715 7.75138 6.34038 3.63835 1.86248 -13.3291 3.34342 -3.36319 66.4001 15.4742 6.1723 -30.0522 0.0615366 0.141 -1.92783 -0.147165 9.3285 -24.9344 0.0510559 0.116988 120.781 -80.9528 119.819 9.50369 -4.32711 2.09145 -0.220736 -20.3341 -14.808 -0.876987 -39.8926 -0.674123 -21.3321 54.6415 10.0568 -2.39345 -41.5694 -6.22357 -1.78534 -12.9643 15.3812 0.801613 -10.1701 12.8571 -1.16404e-15 -8.44682e-16 6.19669e-17 -9.50369 -4.32711 2.09145 10.4163 -7.175 33.0884 0.876987 -39.8926 -0.674123 14.6673 44.2068 -5.1621 2.39345 -41.5694 -6.22357 -11.9226 -22.0153 -17.5866 -0.801613 -10.1701 12.8571 1.39149e-15 -6.4605e-16 -1.2834e-14 
44.0978 87.43 -135.776 -0.204575 -4.25498 -5.96189 0 5.22546 -1.18466 -0.814279 -1.32964 -0.574712 0 5.77894 1.10239 -0.426923 0.303267 -0.796446 -1.0557e-17 6.16289 0.118334 -0.193141 2.31595 -0.715387 -1.13649e-17 6.69386 -0.456341 0.0810786 5.33844 -0.728207 -2.02997e-17 7.82529 -1.54945 0.254674 6.75198 -0.760532 -2.60628e-17 9.77186 -0.940923 0.331217 7.51879 -1.02 -2.98794e-17 10.8563 1.62248 -0.0854053 0.193966 -0.0957198 -1.32927e-17 4.92478 0.736013 1.38772 -6.17539 3.39589 -1.86396e-17 4.96043 0.433981 0.937497 -3.90647 1.53805 -2.06766e-17 4.97002 0.787173 -0.0170674 0.490039 5.02697 1.26863 -7.82717 7.75148 -5.62577 2.13431 -1.57173 13.3291 3.34342 -3.36319 -67.5789 18.1335 -7.82528 30.0522 0.0615366 0.141 1.45833 -0.0822604 -7.04532 24.9344 0.0510561 0.116988 -173.692 -62.8884 -173.353 -1.26863 -7.82715 7.75138 4.68901 1.72194 0.465378 -13.3291 3.34342 -3.36319 66.1123 12.0886 5.43352 -30.0522 0.0615366 0.141 -2.52561 -0.257929 12.2575 -24.9344 0.0510559 0.116988 99.5132 -83.0355 98.3294 9.50369 -4.32711 2.09145 -0.245841 -19.2845 -15.6226 -0.876987 -39.8926 -0.674123 -18.3686 50.5825 7.77541 -2.39345 -41.5694 -6.22357 -1.49875 -11.7698 15.5065 0.801613 -10.1701 12.8571 -3.73811e-16 -8.07614e-16 2.48992e-17 -9.50369 -4.32711 2.09145 10.185 -6.73654 33.6238 0.876987 -39.8926 -0.674123 12.6026 39.8779 -3.85581 2.39345 -41.5694 -6.22357 -10.4382 -19.6367 -16.9948 -0.801613 -10.1701 12.8571 9.94468e-16 -6.33643e-16 -1.28092e-14 
43.016 89.5785 -136.142 -0.305039 -3.33482 -6.04481 0 5.22546 -1.18466 -0.702578 -3.45482 -0.616761 0 5.77894 1.10239 -0.360815 -1.27868 -0.799184 -1.0557e-17 6.16289 0.118334 -0.150313 1.52833 -0.727478 -1.13649e-17 6.69386 -0.456341 0.118573 5.81127 -0.741905 -2.02997e-17 7.82529 -1.54945 0.262352 8.0481 -0.776778 -2.60628e-17 9.77186 -0.940923 0.289011 9.14091 -1.0258 -2.98794e-17 10.8563 1.62248 -0.081756 0.0266567 -0.132447 -1.32927e-17 4.92478 0.736013 1.22129 -3.75299 3.30604 -1.86396e-17 4.96043 0.433981 0.948494 -4.45645 1.50825 -2.06766e-17 4.97002 0.787173 -0.199737 -1.26466 5.17578 1.26863 -7.82717 7.75148 -4.83963 0.41692 -0.239175 13.3291 3.34342 -3.36319 -67.1919 15.0127 -8.13503 30.0522 0.0615366 0.141 1.61134 -0.101371 -7.78846 24.9344 0.0510561 0.116988 -175.183 -68.4273 -174.959 -1.26863 -7.82715 7.75138 3.07515 -0.305375 -0.905913 -13.3291 3.34342 -3.36319 65.6316 8.16139 4.60396 -30.0522 0.0615366 0.141 -3.21386 -0.425291 15.6683 -24.9344 0.0510559 0.116988 58.6166 -84.3016 56.96 9.50369 -4.32711 2.09145 -0.363123 -16.9899 -16.114 -0.876987 -39.8926 -0.674123 -15.031 44.9078 5.40464 -2.39345 -41.5694 -6.22357 -1.01786 -9.59582 15.6272 0.801613 -10.1701 12.8571 4.21327e-16 -7.82749e-16 3.40644e-20 -9.50369 -4.32711 2.09145 9.5574 -6.19651 33.5907 0.876987 -39.8926 -0.674123 10.7532 35.458 -2.80326 2.39345 -41.5694 -6.22357 -8.53832 -14.9962 -16.1517 -0.801613 -10.1701 12.8571 -1.9715e-16 -5.83998e-16 -1.27596e-14 
42.317 91.9444 -137.173 -0.430537 -2.85709 -6.08734 0 5.22546 -1.18466 -0.592541 -4.59039 -0.603333 0 5.77894 1.10239 -0.298352 -2.22213 -0.750483 -1.0557e-17 6.16289 0.118334 -0.114082 0.949659 -0.686236 -1.13649e-17 6.69386 -0.456341 0.138469 5.8514 -0.701547 -2.02997e-17 7.82529 -1.54945 0.255115 8.47183 -0.738805 -2.60628e-17 9.77186 -0.940923 0.251299 9.70189 -0.977652 -2.98794e-17 10.8563 1.62248 -0.0734583 -0.0388121 -0.138711 -1.32927e-17 4.92478 0.736013 1.03858 -1.37622 3.19045 -1.86396e-17 4.96043 0.433981 1.07129 -4.67827 1.45634 -2.06766e-17 4.97002 0.787173 -0.4471 -2.07878 5.0826 1.26863 -7.82717 7.75148 -3.65834 -0.643904 0.885179 13.3291 3.34342 -3.36319 -66.8718 12.4875 -7.96658 30.0522 0.0615366 0.141 1.80738 -0.128809 -8.74234 24.9344 0.0510561 0.116988 -177.694 -72.9543 -178.063 -1.26863 -7.82715 7.75138 1.67109 -1.47839 -1.78902 -13.3291 3.34342 -3.36319 64.6904 4.07973 3.16476 -30.0522 0.0615366 0.141 -3.85701 -0.621807 18.9047 -24.9344 0.0510559 0.116988 26.7701 -82.3494 24.713 9.50369 -4.32711 2.09145 -0.471473 -14.1857 -16.5833 -0.876987 -39.8926 -0.674123 -11.9708 38.4279 3.48263 -2.39345 -41.5694 -6.22357 -1.1893 -6.01546 15.6152 0.801613 -10.1701 12.8571 2.53931e-17 -7.95122e-16 1.2407e-17 -9.50369 -4.32711 2.09145 8.5399 -5.6315 31.6207 0.876987 -39.8926 -0.674123 9.08048 30.9877 -1.96508 2.39345 -41.5694 -6.22357 -6.36743 -8.7026 -15.2337 -0.801613 -10.1701 12.8571 -1.98785e-16 -5.8393e-16 -1.27595e-14 
42.0087 94.4752 -138.899 -0.643082 -2.332 -6.10755 0 5.22546 -1.18466 -0.364475 -5.26506 -0.561056 0 5.77894 1.10239 -0.126537 -2.82876 -0.657195 -1.0557e-17 6.16289 0.118334 0.00642978 0.534351 -0.595136 -1.13649e-17 6.69386 -0.456341 0.20665 5.76435 -0.608896 -2.02997e-17 7.82529 -1.54945 0.279646 8.57006 -0.656231 -2.60628e-17 9.77186 -0.940923 0.234939 9.85138 -0.88553 -2.98794e-17 10.8563 1.62248 -0.0625117 -0.0822063 -0.132473 -1.32927e-17 4.92478 0.736013 0.841952 1.19183 2.97962 -1.86396e-17 4.96043 0.433981 1.19105 -4.70099 1.35412 -2.06766e-17 4.97002 0.787173 -0.962754 -2.93875 4.83308 1.26863 -7.82717 7.75148 -1.94973 -1.45654 1.88029 13.3291 3.34342 -3.36319 -66.8846 10.5374 -7.98338 30.0522 0.0615366 0.141 2.00136 -0.159247 -9.68844 24.9344 0.0510561 0.116988 -179.736 -76.6125 179.095 -1.26863 -7.82715 7.75138 0.174784 -2.31636 -2.54268 -13.3291 3.34342 -3.36319 63.2172 0.789634 1.8904 -30.0522 0.0615366 0.141 -4.39969 -0.819293 21.6819 -24.9344 0.0510559 0.116988 15.7423 -80.0642 13.6442 9.50369 -4.32711 2.09145 0.0699907 -12.2784 -16.5091 -0.876987 -39.8926 -0.674123 -9.65578 32.577 2.24008 -2.39345 -41.5694 -6.22357 -1.69281 -2.33455 15.5556 0.801613 -10.1701 12.8571 4.21872e-16 -7.82732e-16 1.70322e-20 -9.50369 -4.32711 2.09145 7.55404 -4.54543 29.5659 0.876987 -39.8926 -0.674123 7.13253 25.2053 -1.14824 2.39345 -41.5694 -6.22357 -4.11165 -1.54746 -14.3203 -0.801613 -10.1701 12.8571 -5.95809e-16 -5.59116e-16 -1.27471e-14 
42.5518 97.0245 -140.426 -0.861552 -1.21875 -6.06731 0 5.22546 -1.18466 -0.101682 -5.6435 -0.551831 0 5.77894 1.10239 0.0847472 -3.24252 -0.587825 -1.0557e-17 6.16289 0.118334 0.161855 0.158504 -0.524989 -1.13649e-17 6.69386 -0.456341 0.305967 5.50001 -0.535106 -2.02997e-17 7.82529 -1.54945 0.322736 8.33984 -0.597949 -2.60628e-17 9.77186 -0.940923 0.223366 9.60343 -0.820777 -2.98794e-17 10.8563 1.62248 -0.0496487 -0.109994 -0.113456 -1.32927e-17 4.92478 0.736013 0.633965 3.48071 2.61734 -1.86396e-17 4.96043 0.433981 1.25326 -4.52815 1.16916 -2.06766e-17 4.97002 0.787173 -1.38358 -3.48182 4.9233 1.26863 -7.82717 7.75148 0.177217 -2.04827 2.8209 13.3291 3.34342 -3.36319 -67.2677 8.23859 -7.95849 30.0522 0.0615366 0.141 2.25233 -0.20352 -10.9162 24.9344 0.0510561 0.116988 177.706 -80.4026 175.577 -1.26863 -7.82715 7.75138 -1.31044 -2.90739 -3.10248 -13.3291 3.34342 -3.36319 61.5327 -2.85358 0.669744 -30.0522 0.0615366 0.141 -4.94569 -1.04889 24.5283 -24.9344 0.0510559 0.116988 10.39 -77.1747 8.25174 9.50369 -4.32711 2.09145 1.74665 -13.4602 -15.6304 -0.876987 -39.8926 -0.674123 -8.96866 30.6725 1.91333 -2.39345 -41.5694 -6.22357 -1.14708 -3.55166 15.6332 0.801613 -10.1701 12.8571 8.19442e-16 -7.57901e-16 -2.4814e-17 -9.50369 -4.32711 2.09145 6.68774 -5.21028 27.1654 0.876987 -39.8926 -0.674123 5.97148 21.4752 -0.75341 2.39345 -41.5694 -6.22357 -2.33567 2.69318 -13.9684 -0.801613 -10.1701 12.8571 -1.9933e-16 -5.83896e-16 -1.27595e-14 
43.0789 99.5586 -140.95 -1.16086 1.02461 -5.84289 0 5.22546 -1.18466 0.226775 -6.08035 -0.531172 0 5.77894 1.10239 0.369697 -3.73135 -0.504454 -1.0557e-17 6.16289 0.118334 0.379381 -0.335188 -0.438619 -1.13649e-17 6.69386 -0.456341 0.45252 5.06049 -0.445024 -2.02997e-17 7.82529 -1.54945 0.403038 7.90046 -0.52796 -2.60628e-17 9.77186 -0.940923 0.241301 9.12481 -0.750552 -2.98794e-17 10.8563 1.62248 -0.0334951 -0.13189 -0.0837222 -1.32927e-17 4.92478 0.736013 0.493467 4.76027 2.447 -1.86396e-17 4.96043 0.433981 1.39986 -4.08378 1.07375 -2.06766e-17 4.97002 0.787173 -1.88389 -3.46236 4.50569 1.26863 -7.82717 7.75148 2.529 -2.44281 3.69956 13.3291 3.34342 -3.36319 -67.795 5.54724 -7.792 30.0522 0.0615366 0.141 2.60655 -0.275515 -12.6573 24.9344 0.0510561 0.116988 171.63 -84.8275 168.49 -1.26863 -7.82715 7.75138 -2.64326 -3.23486 -3.60344 -13.3291 3.34342 -3.36319 59.5258 -6.61396 -0.404107 -30.0522 0.0615366 0.141 -5.55835 -1.34589 27.7975 -24.9344 0.0510559 0.116988 6.3995 -74.0971 4.34926 9.50369 -4.32711 2.09145 3.97427 -16.5834 -14.6081 -0.876987 -39.8926 -0.674123 -8.69096 29.8808 1.78727 -2.39345 -41.5694 -6.22357 -0.12332 -6.65291 15.7783 0.801613 -10.1701 12.8571 2.59381e-17 -7.95088e-16 1.23729e-17 -9.50369 -4.32711 2.09145 6.31738 -8.68437 25.8823 0.876987 -39.8926 -0.674123 6.018 21.6285 -0.767813 2.39345 -41.5694 -6.22357 -4.55029 -2.3602 -14.383 -0.801613 -10.1701 12.8571 -1.78688e-15 -5.09488e-16 -1.26975e-14 
43.3357 101.9 -141.004 -1.43353 4.03262 -5.29415 0 5.22546 -1.18466 0.509335 -6.93856 -0.529884 0 5.77894 1.10239 0.61486 -4.58129 -0.442311 -1.0557e-17 6.16289 0.118334 0.563363 -1.02615 -0.372602 -1.13649e-17 6.69386 -0.456341 0.575287 4.6897 -0.370809 -2.02997e-17 7.82529 -1.54945 0.459173 7.71186 -0.466008 -2.60628e-17 9.77186 -0.940923 0.236213 8.99847 -0.679874 -2.98794e-17 10.8563 1.62248 -0.0184765 -0.181247 -0.0539019 -1.32927e-17 4.92478 0.736013 0.304779 5.57036 2.14768 -1.86396e-17 4.96043 0.433981 1.33754 -3.74291 0.915011 -2.06766e-17 4.97002 0.787173 -1.85001 -3.37399 4.19127 1.26863 -7.82717 7.75148 4.66733 -2.99651 4.593 13.3291 3.34342 -3.36319 -67.6831 1.87803 -7.8656 30.0522 0.0615366 0.141 3.05963 -0.384138 -14.9009 24.9344 0.0510561 0.116988 79.1053 -88.7476 75.2851 -1.26863 -7.82715 7.75138 -3.59359 -3.66004 -4.00929 -13.3291 3.34342 -3.36319 57.2041 -11.3494 -1.34674 -30.0522 0.0615366 0.141 -6.22241 -1.71885 31.451 -24.9344 0.0510559 0.116988 4.0238 -70.0258 1.7469 9.50369 -4.32711 2.09145 5.91767 -20.1245 -14.2196 -0.876987 -39.8926 -0.674123 -8.09033 28.1252 1.52691 -2.39345 -41.5694 -6.22357 -0.330841 -8.38003 15.9344 0.801613 -10.1701 12.8571 2.48481e-17 -7.95139e-16 1.2424e-17 -9.50369 -4.32711 2.09145 5.70101 -12.5295 24.8755 0.876987 -39.8926 -0.674123 5.84066 21.0425 -0.713557 2.39345 -41.5694 -6.22357 -5.85421 -7.75386 -15.0947 -0.801613 -10.1701 12.8571 -1.39204e-15 -5.342e-16 -1.27098e-14 
43.5301 103.916 -141.056 -1.59249 6.56951 -4.59435 0 5.22546 -1.18466 0.723762 -8.0261 -0.512646 0 5.77894 1.10239 0.787929 -5.61055 -0.370122 -1.0557e-17 6.16289 0.118334 0.683606 -1.72923 -0.298702 -1.13649e-17 6.69386 -0.456341 0.637549 4.53572 -0.284617 -2.02997e-17 7.82529 -1.54945 0.467196 7.89409 -0.382944 -2.60628e-17 9.77186 -0.940923 0.197214 9.36584 -0.577266 -2.98794e-17 10.8563 1.62248 -0.00297706 -0.248695 -0.028143 -1.32927e-17 4.92478 0.736013 0.0930439 6.18704 1.95531 -1.86396e-17 4.96043 0.433981 1.11148 -4.03476 0.812813 -2.06766e-17 4.97002 0.787173 -1.52744 -3.70455 3.40613 1.26863 -7.82717 7.75148 6.1443 -3.77098 5.41565 13.3291 3.34342 -3.36319 -66.1527 -1.9079 -8.47468 30.0522 0.0615366 0.141 3.5455 -0.521797 -17.3316 24.9344 0.0510561 0.116988 16.8397 -84.6984 13.122 -1.26863 -7.82715 7.75138 -4.11987 -4.26539 -4.3775 -13.3291 3.34342 -3.36319 54.4612 -16.58 -2.21914 -30.0522 0.0615366 0.141 -6.9108 -2.16778 35.3886 -24.9344 0.0510559 0.116988 3.13759 -65.7405 0.356221 9.50369 -4.32711 2.09145 7.34042 -22.6015 -14.1003 -0.876987 -39.8926 -0.674123 -7.22757 25.5015 1.18373 -2.39345 -41.5694 -6.22357 -1.38653 -8.61436 16.0143 0.801613 -10.1701 12.8571 2.48481e-17 -7.95139e-16 1.2424e-17 -9.50369 -4.32711 2.09145 4.69369 -15.0609 22.8948 0.876987 -39.8926 -0.674123 5.23919 19.0227 -0.542853 2.39345 -41.5694 -6.22357 -6.08527 -9.5926 -15.3238 -0.801613 -10.1701 12.8571 -2.0042e-16 -5.83862e-16 -1.27594e-14 
43.684 105.552 -140.973 -1.66554 8.13551 -4.11376 0 5.22546 -1.18466 0.910812 -8.86234 -0.453925 0 5.77894 1.10239 0.929273 -6.40017 -0.264381 -1.0557e-17 6.16289 0.118334 0.774653 -2.21792 -0.196232 -1.13649e-17 6.69386 -0.456341 0.667007 4.50348 -0.17072 -2.02997e-17 7.82529 -1.54945 0.460283 8.15651 -0.271114 -2.60628e-17 9.77186 -0.940923 0.160124 9.82224 -0.441548 -2.98794e-17 10.8563 1.62248 0.0134245 -0.29673 -0.00605424 -1.32927e-17 4.92478 0.736013 -0.0393458 6.0422 1.49105 -1.86396e-17 4.96043 0.433981 0.91835 -5.55967 0.589746 -2.06766e-17 4.97002 0.787173 -1.37337 -5.06174 2.60691 1.26863 -7.82717 7.75148 7.07032 -4.53765 6.13393 13.3291 3.34342 -3.36319 -63.3751 -4.54008 -9.54728 30.0522 0.0615366 0.141 4.02036 -0.678261 -19.737 24.9344 0.0510561 0.116988 10.3712 -82.0939 7.34034 -1.26863 -7.82715 7.75138 -4.5702 -4.85983 -4.83479 -13.3291 3.34342 -3.36319 51.6231 -21.2462 -2.8268 -30.0522 0.0615366 0.141 -7.51971 -2.62482 39.032 -24.9344 0.0510559 0.116988 3.30003 -62.2395 0.0100309 9.50369 -4.32711 2.09145 8.64292 -23.3854 -12.8958 -0.876987 -39.8926 -0.674123 -6.1978 22.218 0.824616 -2.39345 -41.5694 -6.22357 -2.6993 -8.17573 16.0101 0.801613 -10.1701 12.8571 2.48481e-17 -7.95139e-16 1.2424e-17 -9.50369 -4.32711 2.09145 3.86035 -16.2368 21.0061 0.876987 -39.8926 -0.674123 4.54113 16.6195 -0.371212 2.39345 -41.5694 -6.22357 -5.99129 -8.73408 -15.2285 -0.801613 -10.1701 12.8571 -9.92833e-16 -5.46709e-16 -1.27223e-14 
43.7544 106.671 -140.88 -1.86954 8.75759 -3.91049 0 5.22546 -1.18466 1.03104 -9.33559 -0.36749 0 5.77894 1.10239 1.00719 -6.83194 -0.147724 -1.0557e-17 6.16289 0.118334 0.818219 -2.38609 -0.087444 -1.13649e-17 6.69386 -0.456341 0.66721 4.6933 -0.0534014 -2.02997e-17 7.82529 -1.54945 0.450575 8.58049 -0.156037 -2.60628e-17 9.77186 -0.940923 0.144832 10.4128 -0.306678 -2.98794e-17 10.8563 1.62248 0.0279171 -0.349842 0.00325377 -1.32927e-17 4.92478 0.736013 -0.120923 6.47316 0.927348 -1.86396e-17 4.96043 0.433981 0.902631 -7.44898 0.32678 -2.06766e-17 4.97002 0.787173 -1.1191 -7.51302 2.14329 1.26863 -7.82717 7.75148 8.10949 -5.37221 6.8571 13.3291 3.34342 -3.36319 -60.2777 -6.61409 -11.0562 30.0522 0.0615366 0.141 4.53328 -0.872663 -22.3744 24.9344 0.0510561 0.116988 8.75782 -80.9258 6.42045 -1.26863 -7.82715 7.75138 -5.28908 -5.57879 -5.4149 -13.3291 3.34342 -3.36319 49.3425 -25.094 -2.63939 -30.0522 0.0615366 0.141 -7.98153 -3.01435 41.92 -24.9344 0.0510559 0.116988 3.85954 -59.758 0.0852062 9.50369 -4.32711 2.09145 10.1355 -23.2225 -10.673 -0.876987 -39.8926 -0.674123 -5.37001 19.4662 0.578211 -2.39345 -41.5694 -6.22357 -4.15476 -7.60431 15.9839 0.801613 -10.1701 12.8571 2.48481e-17 -7.95139e-16 1.2424e-17 -9.50369 -4.32711 2.09145 3.53202 -16.536 20.1332 0.876987 -39.8926 -0.674123 3.94798 14.5325 -0.248399 2.39345 -41.5694 -6.22357 -5.20419 -6.77048 -15.0699 -0.801613 -10.1701 12.8571 -9.93923e-16 -5.46658e-16 -1.27222e-14 
43.7925 107.164 -140.734 -2.15325 8.87429 -3.70911 0 5.22546 -1.18466 0.970544 -9.26029 -0.255924 0 5.77894 1.10239 0.933369 -6.76727 -0.0458983 -1.0557e-17 6.16289 0.118334 0.750648 -2.27633 0.00643224 -1.13649e-17 6.69386 -0.456341 0.599634 4.82559 0.0439696 -2.02997e-17 7.82529 -1.54945 0.411571 8.73352 -0.0529377 -2.60628e-17 9.77186 -0.940923 0.141848 10.6136 -0.187702 -2.98794e-17 10.8563 1.62248 0.036608 -0.376382 0.00877864 -1.32927e-17 4.92478 0.736013 -0.150975 7.26527 0.541983 -1.86396e-17 4.96043 0.433981 1.10116 -8.42188 0.148591 -2.06766e-17 4.97002 0.787173 -0.280047 -9.01702 1.88048 1.26863 -7.82717 7.75148 9.4229 -5.95417 7.43659 13.3291 3.34342 -3.36319 -57.0146 -8.60045 -12.0712 30.0522 0.0615366 0.141 5.13591 -1.13664 -25.5354 24.9344 0.0510561 0.116988 8.18276 -80.4677 6.36023 -1.26863 -7.82715 7.75138 -6.33882 -6.07634 -5.89222 -13.3291 3.34342 -3.36319 47.5326 -27.6872 -2.09159 -30.0522 0.0615366 0.141 -8.22996 -3.24109 43.5266 -24.9344 0.0510559 0.116988 4.433 -58.6475 0.644281 9.50369 -4.32711 2.09145 11.275 -22.9412 -9.05764 -0.876987 -39.8926 -0.674123 -4.89322 17.8392 0.454173 -2.39345 -41.5694 -6.22357 -4.80014 -7.14906 15.9669 0.801613 -10.1701 12.8571 2.48481e-17 -7.95139e-16 1.2424e-17 -9.50369 -4.32711 2.09145 3.62045 -16.3743 20.346 0.876987 -39.8926 -0.674123 3.49006 12.8962 -0.168412 2.39345 -41.5694 -6.22357 -4.19988 -4.91329 -14.9657 -0.801613 -10.1701 12.8571 -5.96899e-16 -5.59065e-16 -1.2747e-14 
43.9387 107.177 -140.403 -2.38405 8.69014 -3.53437 0 5.22546 -1.18466 0.860741 -8.562 -0.143179 0 5.77894 1.10239 0.831224 -6.17469 0.0365414 -1.0557e-17 6.16289 0.118334 0.666 -1.98 0.0828877 -1.13649e-17 6.69386 -0.456341 0.526265 4.64387 0.119585 -2.02997e-17 7.82529 -1.54945 0.371638 8.2456 0.0286792 -2.60628e-17 9.77186 -0.940923 0.145336 9.99464 -0.0925491 -2.98794e-17 10.8563 1.62248 0.0349279 -0.341864 0.0268603 -1.32927e-17 4.92478 0.736013 -0.163874 7.55908 0.346674 -1.86396e-17 4.96043 0.433981 1.2215 -8.10894 0.053006 -2.06766e-17 4.97002 0.787173 0.567076 -8.55978 1.70588 1.26863 -7.82717 7.75148 10.8088 -5.97888 7.71188 13.3291 3.34342 -3.36319 -53.7782 -10.2684 -11.9125 30.0522 0.0615366 0.141 5.78061 -1.4647 -29.0079 24.9344 0.0510561 0.116988 7.91035 -80.5115 6.29992 -1.26863 -7.82715 7.75138 -7.59288 -6.04663 -6.12135 -13.3291 3.34342 -3.36319 45.5739 -29.4438 -2.15398 -30.0522 0.0615366 0.141 -8.35986 -3.36484 44.3832 -24.9344 0.0510559 0.116988 4.84933 -58.3169 1.57451 9.50369 -4.32711 2.09145 11.7805 -22.3426 -8.58758 -0.876987 -39.8926 -0.674123 -4.56044 16.6867 0.375568 -2.39345 -41.5694 -6.22357 -4.86685 -6.58839 15.9603 0.801613 -10.1701 12.8571 2.48481e-17 -7.95139e-16 1.2424e-17 -9.50369 -4.32711 2.09145 3.88696 -15.8218 21.3845 0.876987 -39.8926 -0.674123 3.1285 11.5906 -0.114538 2.39345 -41.5694 -6.22357 -3.19503 -3.09373 -14.8857 -0.801613 -10.1701 12.8571 -5.96354e-16 -5.59082e-16 -1.27471e-14 
44.2081 106.724 -139.96 -2.47785 7.97525 -3.38557 0 5.22546 -1.18466 0.778157 -7.4402 -0.0495505 0 5.77894 1.10239 0.760188 -5.25226 0.100138 -1.0557e-17 6.16289 0.118334 0.607117 -1.56496 0.142537 -1.13649e-17 6.69386 -0.456341 0.473619 4.25279 0.176797 -2.02997e-17 7.82529 -1.54945 0.34276 7.32565 0.0876088 -2.60628e-17 9.77186 -0.940923 0.151163 8.81222 -0.0183151 -2.98794e-17 10.8563 1.62248 0.0285882 -0.257816 0.049478 -1.32927e-17 4.92478 0.736013 -0.165589 7.88968 0.294887 -1.86396e-17 4.96043 0.433981 1.2234 -7.3224 0.0222239 -2.06766e-17 4.97002 0.787173 1.08885 -7.41676 1.44008 1.26863 -7.82717 7.75148 12.3009 -5.66672 7.79973 13.3291 3.34342 -3.36319 -51.3331 -11.9275 -11.1952 30.0522 0.0615366 0.141 6.34401 -1.79347 -32.1359 24.9344 0.0510561 0.116988 6.88641 -80.3729 5.13521 -1.26863 -7.82715 7.75138 -9.35101 -5.71339 -6.34011 -13.3291 3.34342 -3.36319 43.7273 -30.6969 -2.84108 -30.0522 0.0615366 0.141 -8.45772 -3.46055 45.0367 -24.9344 0.0510559 0.116988 4.85477 -58.0911 2.10182 9.50369 -4.32711 2.09145 11.8245 -21.1747 -8.52155 -0.876987 -39.8926 -0.674123 -4.34639 15.9386 0.328526 -2.39345 -41.5694 -6.22357 -5.00912 -6.28579 15.9169 0.801613 -10.1701 12.8571 2.48481e-17 -7.95139e-16 1.2424e-17 -9.50369 -4.32711 2.09145 4.07963 -14.6117 22.2546 0.876987 -39.8926 -0.674123 2.83684 10.5296 -0.0771136 2.39345 -41.5694 -6.22357 -2.64004 -1.92088 -14.8292 -0.801613 -10.1701 12.8571 -1.99334e-16 -5.83896e-16 -1.27595e-14 
44.539 105.798 -139.478 -2.30127 6.88887 -3.09753 0 5.22546 -1.18466 0.654245 -6.07193 0.0233504 0 5.77894 1.10239 0.650436 -4.1724 0.142023 -1.0557e-17 6.16289 0.118334 0.516759 -1.09607 0.18079 -1.13649e-17 6.69386 -0.456341 0.397715 3.73841 0.212604 -2.02997e-17 7.82529 -1.54945 0.294618 6.16235 0.126705 -2.60628e-17 9.77186 -0.940923 0.139983 7.30855 0.0411596 -2.98794e-17 10.8563 1.62248 0.0204841 -0.135548 0.0737348 -1.32927e-17 4.92478 0.736013 -0.163317 8.14582 0.263573 -1.86396e-17 4.96043 0.433981 1.15707 -7.01144 -0.00077482 -2.06766e-17 4.97002 0.787173 1.44657 -6.77449 0.960146 1.26863 -7.82717 7.75148 13.9433 -5.21564 7.84797 13.3291 3.34342 -3.36319 -49.4331 -13.8946 -10.4414 30.0522 0.0615366 0.141 6.80559 -2.09489 -34.777 24.9344 0.0510561 0.116988 3.6232 -79.9029 1.90688 -1.26863 -7.82715 7.75138 -11.5645 -5.18945 -6.63779 -13.3291 3.34342 -3.36319 42.013 -31.4222 -4.01932 -30.0522 0.0615366 0.141 -8.52231 -3.52494 45.472 -24.9344 0.0510559 0.116988 5.14126 -57.9902 2.71587 9.50369 -4.32711 2.09145 11.562 -19.5747 -8.00493 -0.876987 -39.8926 -0.674123 -4.20149 15.4292 0.298261 -2.39345 -41.5694 -6.22357 -5.45416 -6.4094 15.826 0.801613 -10.1701 12.8571 2.48481e-17 -7.95139e-16 1.2424e-17 -9.50369 -4.32711 2.09145 3.88119 -12.8431 21.9828 0.876987 -39.8926 -0.674123 2.57284 9.56382 -0.0479205 2.39345 -41.5694 -6.22357 -2.68476 -1.76002 -14.8135 -0.801613 -10.1701 12.8571 -5.95804e-16 -5.59116e-16 -1.27471e-14 
44.8336 104.426 -139.119 -2.0777 5.93706 -2.95262 0 5.22546 -1.18466 0.519769 -4.6509 0.0828729 0 5.77894 1.10239 0.532661 -3.0939 0.172882 -1.0557e-17 6.16289 0.118334 0.425301 -0.629341 0.207721 -1.13649e-17 6.69386 -0.456341 0.329774 3.21101 0.238419 -2.02997e-17 7.82529 -1.54945 0.260807 4.97135 0.154101 -2.60628e-17 9.77186 -0.940923 0.145978 5.75876 0.0816036 -2.98794e-17 10.8563 1.62248 0.0127201 -0.00385049 0.099919 -1.32927e-17 4.92478 0.736013 -0.128155 8.22947 0.173992 -1.86396e-17 4.96043 0.433981 1.23587 -7.18811 -0.0472438 -2.06766e-17 4.97002 0.787173 1.64999 -6.93894 0.624373 1.26863 -7.82717 7.75148 15.7432 -4.72366 7.90565 13.3291 3.34342 -3.36319 -47.6185 -16.0791 -9.66881 30.0522 0.0615366 0.141 7.23576 -2.40432 -37.3136 24.9344 0.0510561 0.116988 1.22199 -79.794 -0.125053 -1.26863 -7.82715 7.75138 -13.8962 -4.57521 -6.96129 -13.3291 3.34342 -3.36319 40.3329 -31.754 -5.06402 -30.0522 0.0615366 0.141 -8.55409 -3.55697 45.6873 -24.9344 0.0510559 0.116988 5.80222 -58.349 3.67673 9.50369 -4.32711 2.09145 11.5092 -18.1401 -6.69483 -0.876987 -39.8926 -0.674123 -4.16734 15.3088 0.291313 -2.39345 -41.5694 -6.22357 -6.02257 -6.90259 15.7254 0.801613 -10.1701 12.8571 4.21868e-16 -7.82732e-16 1.71803e-20 -9.50369 -4.32711 2.09145 3.54596 -11.1289 20.8873 0.876987 -39.8926 -0.674123 2.3179 8.62682 -0.0239773 2.39345 -41.5694 -6.22357 -2.62791 -2.13942 -14.8731 -0.801613 -10.1701 12.8571 -1.99334e-16 -5.83896e-16 -1.27595e-14 
45.0797 102.626 -139.026 -1.87286 4.81688 -2.96233 0 5.22546 -1.18466 0.33374 -3.35664 0.143797 0 5.77894 1.10239 0.372874 -2.12152 0.197002 -1.0557e-17 6.16289 0.118334 0.307765 -0.155081 0.227 -1.13649e-17 6.69386 -0.456341 0.25211 2.86204 0.25501 -2.02997e-17 7.82529 -1.54945 0.233054 4.06548 0.174067 -2.60628e-17 9.77186 -0.940923 0.168041 4.5415 0.10731 -2.98794e-17 10.8563 1.62248 0.0025581 0.102119 0.118067 -1.32927e-17 4.92478 0.736013 -0.0529722 8.56132 -0.00584892 -1.86396e-17 4.96043 0.433981 1.42573 -7.40932 -0.133213 -2.06766e-17 4.97002 0.787173 1.94382 -7.37594 0.7104 1.26863 -7.82717 7.75148 17.6086 -4.34251 7.95722 13.3291 3.34342 -3.36319 -45.6655 -18.6158 -9.20434 30.0522 0.0615366 0.141 7.5977 -2.68801 -39.5132 24.9344 0.0510561 0.116988 0.0388556 -79.9872 -0.661391 -1.26863 -7.82715 7.75138 -16.2874 -4.09754 -7.34364 -13.3291 3.34342 -3.36319 38.9658 -31.8533 -5.31492 -30.0522 0.0615366 0.141 -8.57233 -3.57547 45.8112 -24.9344 0.0510559 0.116988 5.85384 -58.882 4.01741 9.50369 -4.32711 2.09145 11.7018 -17.0079 -5.16996 -0.876987 -39.8926 -0.674123 -4.40181 16.1328 0.340439 -2.39345 -41.5694 -6.22357 -6.47693 -7.54856 15.6661 0.801613 -10.1701 12.8571 4.22417e-16 -7.82715e-16 2.88531e-33 -9.50369 -4.32711 2.09145 3.32201 -9.92511 20.0858 0.876987 -39.8926 -0.674123 2.65078 9.84947 -0.0560749 2.39345 -41.5694 -6.22357 -2.35265 -2.7761 -14.9483 -0.801613 -10.1701 12.8571 -5.95804e-16 -5.59116e-16 -1.27471e-14 
